query_id,query_type,query,plan,latency_ms
Q1,1,"SELECT *
            FROM patients
            WHERE age > 52;","{'Plan': {'Node Type': 'Seq Scan', 'Parallel Aware': False, 'Async Capable': False, 'Relation Name': 'patients', 'Alias': 'patients', 'Startup Cost': 0.0, 'Total Cost': 2083.0, 'Plan Rows': 43903, 'Plan Width': 32, 'Disabled': False, 'Filter': '(age > 52)'}}",76.62889990024269
Q2,4,"SELECT p.name, a.appointment_date
            FROM patients p
            JOIN appointments a
            ON p.patient_id = a.patient_id;","{'Plan': {'Node Type': 'Hash Join', 'Parallel Aware': False, 'Async Capable': False, 'Join Type': 'Inner', 'Startup Cost': 3083.0, 'Total Cost': 13072.56, 'Plan Rows': 500000, 'Plan Width': 17, 'Disabled': False, 'Inner Unique': True, 'Hash Cond': '(a.patient_id = p.patient_id)', 'Plans': [{'Node Type': 'Seq Scan', 'Parent Relationship': 'Outer', 'Parallel Aware': False, 'Async Capable': False, 'Relation Name': 'appointments', 'Alias': 'a', 'Startup Cost': 0.0, 'Total Cost': 8677.0, 'Plan Rows': 500000, 'Plan Width': 8, 'Disabled': False}, {'Node Type': 'Hash', 'Parent Relationship': 'Inner', 'Parallel Aware': False, 'Async Capable': False, 'Startup Cost': 1833.0, 'Total Cost': 1833.0, 'Plan Rows': 100000, 'Plan Width': 17, 'Disabled': False, 'Plans': [{'Node Type': 'Seq Scan', 'Parent Relationship': 'Outer', 'Parallel Aware': False, 'Async Capable': False, 'Relation Name': 'patients', 'Alias': 'p', 'Startup Cost': 0.0, 'Total Cost': 1833.0, 'Plan Rows': 100000, 'Plan Width': 17, 'Disabled': False}]}]}}",665.9795001614839
Q3,4,"SELECT p.name, a.appointment_date
            FROM patients p
            JOIN appointments a
            ON p.patient_id = a.patient_id;","{'Plan': {'Node Type': 'Hash Join', 'Parallel Aware': False, 'Async Capable': False, 'Join Type': 'Inner', 'Startup Cost': 3083.0, 'Total Cost': 13072.56, 'Plan Rows': 500000, 'Plan Width': 17, 'Disabled': False, 'Inner Unique': True, 'Hash Cond': '(a.patient_id = p.patient_id)', 'Plans': [{'Node Type': 'Seq Scan', 'Parent Relationship': 'Outer', 'Parallel Aware': False, 'Async Capable': False, 'Relation Name': 'appointments', 'Alias': 'a', 'Startup Cost': 0.0, 'Total Cost': 8677.0, 'Plan Rows': 500000, 'Plan Width': 8, 'Disabled': False}, {'Node Type': 'Hash', 'Parent Relationship': 'Inner', 'Parallel Aware': False, 'Async Capable': False, 'Startup Cost': 1833.0, 'Total Cost': 1833.0, 'Plan Rows': 100000, 'Plan Width': 17, 'Disabled': False, 'Plans': [{'Node Type': 'Seq Scan', 'Parent Relationship': 'Outer', 'Parallel Aware': False, 'Async Capable': False, 'Relation Name': 'patients', 'Alias': 'p', 'Startup Cost': 0.0, 'Total Cost': 1833.0, 'Plan Rows': 100000, 'Plan Width': 17, 'Disabled': False}]}]}}",534.9935998674482
Q4,2,"SELECT *
            FROM patients
            WHERE city = 'Mumbai';","{'Plan': {'Node Type': 'Seq Scan', 'Parallel Aware': False, 'Async Capable': False, 'Relation Name': 'patients', 'Alias': 'patients', 'Startup Cost': 0.0, 'Total Cost': 2083.0, 'Plan Rows': 25007, 'Plan Width': 32, 'Disabled': False, 'Filter': ""((city)::text = 'Mumbai'::text)""}}",35.42679990641773
Q5,2,"SELECT *
            FROM patients
            WHERE city = 'Mumbai';","{'Plan': {'Node Type': 'Seq Scan', 'Parallel Aware': False, 'Async Capable': False, 'Relation Name': 'patients', 'Alias': 'patients', 'Startup Cost': 0.0, 'Total Cost': 2083.0, 'Plan Rows': 25007, 'Plan Width': 32, 'Disabled': False, 'Filter': ""((city)::text = 'Mumbai'::text)""}}",22.650300059467554
Q6,5,"SELECT p.city, COUNT(a.appointment_id)
            FROM patients p
            JOIN appointments a
            ON p.patient_id = a.patient_id
            WHERE p.city = 'Kanpur'
            GROUP BY p.city;","{'Plan': {'Node Type': 'Aggregate', 'Strategy': 'Sorted', 'Partial Mode': 'Finalize', 'Parallel Aware': False, 'Async Capable': False, 'Startup Cost': 3397.96, 'Total Cost': 9836.65, 'Plan Rows': 1, 'Plan Width': 14, 'Disabled': False, 'Plans': [{'Node Type': 'Gather', 'Parent Relationship': 'Outer', 'Parallel Aware': False, 'Async Capable': False, 'Startup Cost': 3397.96, 'Total Cost': 9836.64, 'Plan Rows': 2, 'Plan Width': 14, 'Disabled': False, 'Workers Planned': 2, 'Single Copy': False, 'Plans': [{'Node Type': 'Aggregate', 'Strategy': 'Sorted', 'Partial Mode': 'Partial', 'Parent Relationship': 'Outer', 'Parallel Aware': False, 'Async Capable': False, 'Startup Cost': 2397.96, 'Total Cost': 8836.44, 'Plan Rows': 1, 'Plan Width': 14, 'Disabled': False, 'Plans': [{'Node Type': 'Hash Join', 'Parent Relationship': 'Outer', 'Parallel Aware': False, 'Async Capable': False, 'Join Type': 'Inner', 'Startup Cost': 2397.96, 'Total Cost': 8705.19, 'Plan Rows': 52494, 'Plan Width': 10, 'Disabled': False, 'Inner Unique': True, 'Hash Cond': '(a.patient_id = p.patient_id)', 'Plans': [{'Node Type': 'Seq Scan', 'Parent Relationship': 'Outer', 'Parallel Aware': True, 'Async Capable': False, 'Relation Name': 'appointments', 'Alias': 'a', 'Startup Cost': 0.0, 'Total Cost': 5760.33, 'Plan Rows': 208333, 'Plan Width': 8, 'Disabled': False}, {'Node Type': 'Hash', 'Parent Relationship': 'Inner', 'Parallel Aware': False, 'Async Capable': False, 'Startup Cost': 2083.0, 'Total Cost': 2083.0, 'Plan Rows': 25197, 'Plan Width': 10, 'Disabled': False, 'Plans': [{'Node Type': 'Seq Scan', 'Parent Relationship': 'Outer', 'Parallel Aware': False, 'Async Capable': False, 'Relation Name': 'patients', 'Alias': 'p', 'Startup Cost': 0.0, 'Total Cost': 2083.0, 'Plan Rows': 25197, 'Plan Width': 10, 'Disabled': False, 'Filter': ""((city)::text = 'Kanpur'::text)""}]}]}]}]}]}}",103.26640005223453
Q7,1,"SELECT *
            FROM patients
            WHERE age > 69;","{'Plan': {'Node Type': 'Seq Scan', 'Parallel Aware': False, 'Async Capable': False, 'Relation Name': 'patients', 'Alias': 'patients', 'Startup Cost': 0.0, 'Total Cost': 2083.0, 'Plan Rows': 17320, 'Plan Width': 32, 'Disabled': False, 'Filter': '(age > 69)'}}",15.234400052577257
Q8,2,"SELECT *
            FROM patients
            WHERE city = 'Lucknow';","{'Plan': {'Node Type': 'Seq Scan', 'Parallel Aware': False, 'Async Capable': False, 'Relation Name': 'patients', 'Alias': 'patients', 'Startup Cost': 0.0, 'Total Cost': 2083.0, 'Plan Rows': 24850, 'Plan Width': 32, 'Disabled': False, 'Filter': ""((city)::text = 'Lucknow'::text)""}}",21.400999976322055
Q9,1,"SELECT *
            FROM patients
            WHERE age > 53;","{'Plan': {'Node Type': 'Seq Scan', 'Parallel Aware': False, 'Async Capable': False, 'Relation Name': 'patients', 'Alias': 'patients', 'Startup Cost': 0.0, 'Total Cost': 2083.0, 'Plan Rows': 42313, 'Plan Width': 32, 'Disabled': False, 'Filter': '(age > 53)'}}",33.581700176000595
Q10,1,"SELECT *
            FROM patients
            WHERE age > 50;","{'Plan': {'Node Type': 'Seq Scan', 'Parallel Aware': False, 'Async Capable': False, 'Relation Name': 'patients', 'Alias': 'patients', 'Startup Cost': 0.0, 'Total Cost': 2083.0, 'Plan Rows': 47137, 'Plan Width': 32, 'Disabled': False, 'Filter': '(age > 50)'}}",38.41929999180138
Q11,5,"SELECT p.city, COUNT(a.appointment_id)
            FROM patients p
            JOIN appointments a
            ON p.patient_id = a.patient_id
            WHERE p.city = 'Kanpur'
            GROUP BY p.city;","{'Plan': {'Node Type': 'Aggregate', 'Strategy': 'Sorted', 'Partial Mode': 'Finalize', 'Parallel Aware': False, 'Async Capable': False, 'Startup Cost': 3397.96, 'Total Cost': 9836.65, 'Plan Rows': 1, 'Plan Width': 14, 'Disabled': False, 'Plans': [{'Node Type': 'Gather', 'Parent Relationship': 'Outer', 'Parallel Aware': False, 'Async Capable': False, 'Startup Cost': 3397.96, 'Total Cost': 9836.64, 'Plan Rows': 2, 'Plan Width': 14, 'Disabled': False, 'Workers Planned': 2, 'Single Copy': False, 'Plans': [{'Node Type': 'Aggregate', 'Strategy': 'Sorted', 'Partial Mode': 'Partial', 'Parent Relationship': 'Outer', 'Parallel Aware': False, 'Async Capable': False, 'Startup Cost': 2397.96, 'Total Cost': 8836.44, 'Plan Rows': 1, 'Plan Width': 14, 'Disabled': False, 'Plans': [{'Node Type': 'Hash Join', 'Parent Relationship': 'Outer', 'Parallel Aware': False, 'Async Capable': False, 'Join Type': 'Inner', 'Startup Cost': 2397.96, 'Total Cost': 8705.19, 'Plan Rows': 52494, 'Plan Width': 10, 'Disabled': False, 'Inner Unique': True, 'Hash Cond': '(a.patient_id = p.patient_id)', 'Plans': [{'Node Type': 'Seq Scan', 'Parent Relationship': 'Outer', 'Parallel Aware': True, 'Async Capable': False, 'Relation Name': 'appointments', 'Alias': 'a', 'Startup Cost': 0.0, 'Total Cost': 5760.33, 'Plan Rows': 208333, 'Plan Width': 8, 'Disabled': False}, {'Node Type': 'Hash', 'Parent Relationship': 'Inner', 'Parallel Aware': False, 'Async Capable': False, 'Startup Cost': 2083.0, 'Total Cost': 2083.0, 'Plan Rows': 25197, 'Plan Width': 10, 'Disabled': False, 'Plans': [{'Node Type': 'Seq Scan', 'Parent Relationship': 'Outer', 'Parallel Aware': False, 'Async Capable': False, 'Relation Name': 'patients', 'Alias': 'p', 'Startup Cost': 0.0, 'Total Cost': 2083.0, 'Plan Rows': 25197, 'Plan Width': 10, 'Disabled': False, 'Filter': ""((city)::text = 'Kanpur'::text)""}]}]}]}]}]}}",95.26819991879165
Q12,2,"SELECT *
            FROM patients
            WHERE city = 'Kanpur';","{'Plan': {'Node Type': 'Seq Scan', 'Parallel Aware': False, 'Async Capable': False, 'Relation Name': 'patients', 'Alias': 'patients', 'Startup Cost': 0.0, 'Total Cost': 2083.0, 'Plan Rows': 25197, 'Plan Width': 32, 'Disabled': False, 'Filter': ""((city)::text = 'Kanpur'::text)""}}",19.06249998137355
Q13,5,"SELECT p.city, COUNT(a.appointment_id)
            FROM patients p
            JOIN appointments a
            ON p.patient_id = a.patient_id
            WHERE p.city = 'Delhi'
            GROUP BY p.city;","{'Plan': {'Node Type': 'Aggregate', 'Strategy': 'Sorted', 'Partial Mode': 'Finalize', 'Parallel Aware': False, 'Async Capable': False, 'Startup Cost': 3394.84, 'Total Cost': 9832.22, 'Plan Rows': 1, 'Plan Width': 14, 'Disabled': False, 'Plans': [{'Node Type': 'Gather', 'Parent Relationship': 'Outer', 'Parallel Aware': False, 'Async Capable': False, 'Startup Cost': 3394.84, 'Total Cost': 9832.21, 'Plan Rows': 2, 'Plan Width': 14, 'Disabled': False, 'Workers Planned': 2, 'Single Copy': False, 'Plans': [{'Node Type': 'Aggregate', 'Strategy': 'Sorted', 'Partial Mode': 'Partial', 'Parent Relationship': 'Outer', 'Parallel Aware': False, 'Async Capable': False, 'Startup Cost': 2394.84, 'Total Cost': 8832.01, 'Plan Rows': 1, 'Plan Width': 14, 'Disabled': False, 'Plans': [{'Node Type': 'Hash Join', 'Parent Relationship': 'Outer', 'Parallel Aware': False, 'Async Capable': False, 'Join Type': 'Inner', 'Startup Cost': 2394.84, 'Total Cost': 8702.07, 'Plan Rows': 51973, 'Plan Width': 10, 'Disabled': False, 'Inner Unique': True, 'Hash Cond': '(a.patient_id = p.patient_id)', 'Plans': [{'Node Type': 'Seq Scan', 'Parent Relationship': 'Outer', 'Parallel Aware': True, 'Async Capable': False, 'Relation Name': 'appointments', 'Alias': 'a', 'Startup Cost': 0.0, 'Total Cost': 5760.33, 'Plan Rows': 208333, 'Plan Width': 8, 'Disabled': False}, {'Node Type': 'Hash', 'Parent Relationship': 'Inner', 'Parallel Aware': False, 'Async Capable': False, 'Startup Cost': 2083.0, 'Total Cost': 2083.0, 'Plan Rows': 24947, 'Plan Width': 10, 'Disabled': False, 'Plans': [{'Node Type': 'Seq Scan', 'Parent Relationship': 'Outer', 'Parallel Aware': False, 'Async Capable': False, 'Relation Name': 'patients', 'Alias': 'p', 'Startup Cost': 0.0, 'Total Cost': 2083.0, 'Plan Rows': 24947, 'Plan Width': 10, 'Disabled': False, 'Filter': ""((city)::text = 'Delhi'::text)""}]}]}]}]}]}}",82.03719998709857
Q14,1,"SELECT *
            FROM patients
            WHERE age > 27;","{'Plan': {'Node Type': 'Seq Scan', 'Parallel Aware': False, 'Async Capable': False, 'Relation Name': 'patients', 'Alias': 'patients', 'Startup Cost': 0.0, 'Total Cost': 2083.0, 'Plan Rows': 84117, 'Plan Width': 32, 'Disabled': False, 'Filter': '(age > 27)'}}",56.5013000741601
Q15,3,"SELECT city, COUNT(*)
            FROM patients
            GROUP BY city;","{'Plan': {'Node Type': 'Aggregate', 'Strategy': 'Hashed', 'Partial Mode': 'Simple', 'Parallel Aware': False, 'Async Capable': False, 'Startup Cost': 2333.0, 'Total Cost': 2333.04, 'Plan Rows': 4, 'Plan Width': 14, 'Disabled': False, 'Group Key': ['city'], 'Planned Partitions': 0, 'Plans': [{'Node Type': 'Seq Scan', 'Parent Relationship': 'Outer', 'Parallel Aware': False, 'Async Capable': False, 'Relation Name': 'patients', 'Alias': 'patients', 'Startup Cost': 0.0, 'Total Cost': 1833.0, 'Plan Rows': 100000, 'Plan Width': 6, 'Disabled': False}]}}",13.69409984908998
Q16,2,"SELECT *
            FROM patients
            WHERE city = 'Kanpur';","{'Plan': {'Node Type': 'Seq Scan', 'Parallel Aware': False, 'Async Capable': False, 'Relation Name': 'patients', 'Alias': 'patients', 'Startup Cost': 0.0, 'Total Cost': 2083.0, 'Plan Rows': 25197, 'Plan Width': 32, 'Disabled': False, 'Filter': ""((city)::text = 'Kanpur'::text)""}}",25.983300060033798
Q17,3,"SELECT city, COUNT(*)
            FROM patients
            GROUP BY city;","{'Plan': {'Node Type': 'Aggregate', 'Strategy': 'Hashed', 'Partial Mode': 'Simple', 'Parallel Aware': False, 'Async Capable': False, 'Startup Cost': 2333.0, 'Total Cost': 2333.04, 'Plan Rows': 4, 'Plan Width': 14, 'Disabled': False, 'Group Key': ['city'], 'Planned Partitions': 0, 'Plans': [{'Node Type': 'Seq Scan', 'Parent Relationship': 'Outer', 'Parallel Aware': False, 'Async Capable': False, 'Relation Name': 'patients', 'Alias': 'patients', 'Startup Cost': 0.0, 'Total Cost': 1833.0, 'Plan Rows': 100000, 'Plan Width': 6, 'Disabled': False}]}}",14.709600014612079
Q18,5,"SELECT p.city, COUNT(a.appointment_id)
            FROM patients p
            JOIN appointments a
            ON p.patient_id = a.patient_id
            WHERE p.city = 'Lucknow'
            GROUP BY p.city;","{'Plan': {'Node Type': 'Aggregate', 'Strategy': 'Sorted', 'Partial Mode': 'Finalize', 'Parallel Aware': False, 'Async Capable': False, 'Startup Cost': 3393.62, 'Total Cost': 9830.51, 'Plan Rows': 1, 'Plan Width': 14, 'Disabled': False, 'Plans': [{'Node Type': 'Gather', 'Parent Relationship': 'Outer', 'Parallel Aware': False, 'Async Capable': False, 'Startup Cost': 3393.62, 'Total Cost': 9830.49, 'Plan Rows': 2, 'Plan Width': 14, 'Disabled': False, 'Workers Planned': 2, 'Single Copy': False, 'Plans': [{'Node Type': 'Aggregate', 'Strategy': 'Sorted', 'Partial Mode': 'Partial', 'Parent Relationship': 'Outer', 'Parallel Aware': False, 'Async Capable': False, 'Startup Cost': 2393.62, 'Total Cost': 8830.29, 'Plan Rows': 1, 'Plan Width': 14, 'Disabled': False, 'Plans': [{'Node Type': 'Hash Join', 'Parent Relationship': 'Outer', 'Parallel Aware': False, 'Async Capable': False, 'Join Type': 'Inner', 'Startup Cost': 2393.62, 'Total Cost': 8700.85, 'Plan Rows': 51771, 'Plan Width': 10, 'Disabled': False, 'Inner Unique': True, 'Hash Cond': '(a.patient_id = p.patient_id)', 'Plans': [{'Node Type': 'Seq Scan', 'Parent Relationship': 'Outer', 'Parallel Aware': True, 'Async Capable': False, 'Relation Name': 'appointments', 'Alias': 'a', 'Startup Cost': 0.0, 'Total Cost': 5760.33, 'Plan Rows': 208333, 'Plan Width': 8, 'Disabled': False}, {'Node Type': 'Hash', 'Parent Relationship': 'Inner', 'Parallel Aware': False, 'Async Capable': False, 'Startup Cost': 2083.0, 'Total Cost': 2083.0, 'Plan Rows': 24850, 'Plan Width': 10, 'Disabled': False, 'Plans': [{'Node Type': 'Seq Scan', 'Parent Relationship': 'Outer', 'Parallel Aware': False, 'Async Capable': False, 'Relation Name': 'patients', 'Alias': 'p', 'Startup Cost': 0.0, 'Total Cost': 2083.0, 'Plan Rows': 24850, 'Plan Width': 10, 'Disabled': False, 'Filter': ""((city)::text = 'Lucknow'::text)""}]}]}]}]}]}}",77.93299993500113
Q19,4,"SELECT p.name, a.appointment_date
            FROM patients p
            JOIN appointments a
            ON p.patient_id = a.patient_id;","{'Plan': {'Node Type': 'Hash Join', 'Parallel Aware': False, 'Async Capable': False, 'Join Type': 'Inner', 'Startup Cost': 3083.0, 'Total Cost': 13072.56, 'Plan Rows': 500000, 'Plan Width': 17, 'Disabled': False, 'Inner Unique': True, 'Hash Cond': '(a.patient_id = p.patient_id)', 'Plans': [{'Node Type': 'Seq Scan', 'Parent Relationship': 'Outer', 'Parallel Aware': False, 'Async Capable': False, 'Relation Name': 'appointments', 'Alias': 'a', 'Startup Cost': 0.0, 'Total Cost': 8677.0, 'Plan Rows': 500000, 'Plan Width': 8, 'Disabled': False}, {'Node Type': 'Hash', 'Parent Relationship': 'Inner', 'Parallel Aware': False, 'Async Capable': False, 'Startup Cost': 1833.0, 'Total Cost': 1833.0, 'Plan Rows': 100000, 'Plan Width': 17, 'Disabled': False, 'Plans': [{'Node Type': 'Seq Scan', 'Parent Relationship': 'Outer', 'Parallel Aware': False, 'Async Capable': False, 'Relation Name': 'patients', 'Alias': 'p', 'Startup Cost': 0.0, 'Total Cost': 1833.0, 'Plan Rows': 100000, 'Plan Width': 17, 'Disabled': False}]}]}}",337.62509981170297
Q20,5,"SELECT p.city, COUNT(a.appointment_id)
            FROM patients p
            JOIN appointments a
            ON p.patient_id = a.patient_id
            WHERE p.city = 'Lucknow'
            GROUP BY p.city;","{'Plan': {'Node Type': 'Aggregate', 'Strategy': 'Sorted', 'Partial Mode': 'Finalize', 'Parallel Aware': False, 'Async Capable': False, 'Startup Cost': 3393.62, 'Total Cost': 9830.51, 'Plan Rows': 1, 'Plan Width': 14, 'Disabled': False, 'Plans': [{'Node Type': 'Gather', 'Parent Relationship': 'Outer', 'Parallel Aware': False, 'Async Capable': False, 'Startup Cost': 3393.62, 'Total Cost': 9830.49, 'Plan Rows': 2, 'Plan Width': 14, 'Disabled': False, 'Workers Planned': 2, 'Single Copy': False, 'Plans': [{'Node Type': 'Aggregate', 'Strategy': 'Sorted', 'Partial Mode': 'Partial', 'Parent Relationship': 'Outer', 'Parallel Aware': False, 'Async Capable': False, 'Startup Cost': 2393.62, 'Total Cost': 8830.29, 'Plan Rows': 1, 'Plan Width': 14, 'Disabled': False, 'Plans': [{'Node Type': 'Hash Join', 'Parent Relationship': 'Outer', 'Parallel Aware': False, 'Async Capable': False, 'Join Type': 'Inner', 'Startup Cost': 2393.62, 'Total Cost': 8700.85, 'Plan Rows': 51771, 'Plan Width': 10, 'Disabled': False, 'Inner Unique': True, 'Hash Cond': '(a.patient_id = p.patient_id)', 'Plans': [{'Node Type': 'Seq Scan', 'Parent Relationship': 'Outer', 'Parallel Aware': True, 'Async Capable': False, 'Relation Name': 'appointments', 'Alias': 'a', 'Startup Cost': 0.0, 'Total Cost': 5760.33, 'Plan Rows': 208333, 'Plan Width': 8, 'Disabled': False}, {'Node Type': 'Hash', 'Parent Relationship': 'Inner', 'Parallel Aware': False, 'Async Capable': False, 'Startup Cost': 2083.0, 'Total Cost': 2083.0, 'Plan Rows': 24850, 'Plan Width': 10, 'Disabled': False, 'Plans': [{'Node Type': 'Seq Scan', 'Parent Relationship': 'Outer', 'Parallel Aware': False, 'Async Capable': False, 'Relation Name': 'patients', 'Alias': 'p', 'Startup Cost': 0.0, 'Total Cost': 2083.0, 'Plan Rows': 24850, 'Plan Width': 10, 'Disabled': False, 'Filter': ""((city)::text = 'Lucknow'::text)""}]}]}]}]}]}}",93.78409991040826
Q21,5,"SELECT p.city, COUNT(a.appointment_id)
            FROM patients p
            JOIN appointments a
            ON p.patient_id = a.patient_id
            WHERE p.city = 'Lucknow'
            GROUP BY p.city;","{'Plan': {'Node Type': 'Aggregate', 'Strategy': 'Sorted', 'Partial Mode': 'Finalize', 'Parallel Aware': False, 'Async Capable': False, 'Startup Cost': 3393.62, 'Total Cost': 9830.51, 'Plan Rows': 1, 'Plan Width': 14, 'Disabled': False, 'Plans': [{'Node Type': 'Gather', 'Parent Relationship': 'Outer', 'Parallel Aware': False, 'Async Capable': False, 'Startup Cost': 3393.62, 'Total Cost': 9830.49, 'Plan Rows': 2, 'Plan Width': 14, 'Disabled': False, 'Workers Planned': 2, 'Single Copy': False, 'Plans': [{'Node Type': 'Aggregate', 'Strategy': 'Sorted', 'Partial Mode': 'Partial', 'Parent Relationship': 'Outer', 'Parallel Aware': False, 'Async Capable': False, 'Startup Cost': 2393.62, 'Total Cost': 8830.29, 'Plan Rows': 1, 'Plan Width': 14, 'Disabled': False, 'Plans': [{'Node Type': 'Hash Join', 'Parent Relationship': 'Outer', 'Parallel Aware': False, 'Async Capable': False, 'Join Type': 'Inner', 'Startup Cost': 2393.62, 'Total Cost': 8700.85, 'Plan Rows': 51771, 'Plan Width': 10, 'Disabled': False, 'Inner Unique': True, 'Hash Cond': '(a.patient_id = p.patient_id)', 'Plans': [{'Node Type': 'Seq Scan', 'Parent Relationship': 'Outer', 'Parallel Aware': True, 'Async Capable': False, 'Relation Name': 'appointments', 'Alias': 'a', 'Startup Cost': 0.0, 'Total Cost': 5760.33, 'Plan Rows': 208333, 'Plan Width': 8, 'Disabled': False}, {'Node Type': 'Hash', 'Parent Relationship': 'Inner', 'Parallel Aware': False, 'Async Capable': False, 'Startup Cost': 2083.0, 'Total Cost': 2083.0, 'Plan Rows': 24850, 'Plan Width': 10, 'Disabled': False, 'Plans': [{'Node Type': 'Seq Scan', 'Parent Relationship': 'Outer', 'Parallel Aware': False, 'Async Capable': False, 'Relation Name': 'patients', 'Alias': 'p', 'Startup Cost': 0.0, 'Total Cost': 2083.0, 'Plan Rows': 24850, 'Plan Width': 10, 'Disabled': False, 'Filter': ""((city)::text = 'Lucknow'::text)""}]}]}]}]}]}}",76.31209981627762
Q22,3,"SELECT city, COUNT(*)
            FROM patients
            GROUP BY city;","{'Plan': {'Node Type': 'Aggregate', 'Strategy': 'Hashed', 'Partial Mode': 'Simple', 'Parallel Aware': False, 'Async Capable': False, 'Startup Cost': 2333.0, 'Total Cost': 2333.04, 'Plan Rows': 4, 'Plan Width': 14, 'Disabled': False, 'Group Key': ['city'], 'Planned Partitions': 0, 'Plans': [{'Node Type': 'Seq Scan', 'Parent Relationship': 'Outer', 'Parallel Aware': False, 'Async Capable': False, 'Relation Name': 'patients', 'Alias': 'patients', 'Startup Cost': 0.0, 'Total Cost': 1833.0, 'Plan Rows': 100000, 'Plan Width': 6, 'Disabled': False}]}}",13.968500075861812
Q23,3,"SELECT city, COUNT(*)
            FROM patients
            GROUP BY city;","{'Plan': {'Node Type': 'Aggregate', 'Strategy': 'Hashed', 'Partial Mode': 'Simple', 'Parallel Aware': False, 'Async Capable': False, 'Startup Cost': 2333.0, 'Total Cost': 2333.04, 'Plan Rows': 4, 'Plan Width': 14, 'Disabled': False, 'Group Key': ['city'], 'Planned Partitions': 0, 'Plans': [{'Node Type': 'Seq Scan', 'Parent Relationship': 'Outer', 'Parallel Aware': False, 'Async Capable': False, 'Relation Name': 'patients', 'Alias': 'patients', 'Startup Cost': 0.0, 'Total Cost': 1833.0, 'Plan Rows': 100000, 'Plan Width': 6, 'Disabled': False}]}}",16.023500123992562
Q24,1,"SELECT *
            FROM patients
            WHERE age > 62;","{'Plan': {'Node Type': 'Seq Scan', 'Parallel Aware': False, 'Async Capable': False, 'Relation Name': 'patients', 'Alias': 'patients', 'Startup Cost': 0.0, 'Total Cost': 2083.0, 'Plan Rows': 28253, 'Plan Width': 32, 'Disabled': False, 'Filter': '(age > 62)'}}",26.98129997588694
Q25,2,"SELECT *
            FROM patients
            WHERE city = 'Kanpur';","{'Plan': {'Node Type': 'Seq Scan', 'Parallel Aware': False, 'Async Capable': False, 'Relation Name': 'patients', 'Alias': 'patients', 'Startup Cost': 0.0, 'Total Cost': 2083.0, 'Plan Rows': 25197, 'Plan Width': 32, 'Disabled': False, 'Filter': ""((city)::text = 'Kanpur'::text)""}}",19.005399895831943
Q26,5,"SELECT p.city, COUNT(a.appointment_id)
            FROM patients p
            JOIN appointments a
            ON p.patient_id = a.patient_id
            WHERE p.city = 'Kanpur'
            GROUP BY p.city;","{'Plan': {'Node Type': 'Aggregate', 'Strategy': 'Sorted', 'Partial Mode': 'Finalize', 'Parallel Aware': False, 'Async Capable': False, 'Startup Cost': 3397.96, 'Total Cost': 9836.65, 'Plan Rows': 1, 'Plan Width': 14, 'Disabled': False, 'Plans': [{'Node Type': 'Gather', 'Parent Relationship': 'Outer', 'Parallel Aware': False, 'Async Capable': False, 'Startup Cost': 3397.96, 'Total Cost': 9836.64, 'Plan Rows': 2, 'Plan Width': 14, 'Disabled': False, 'Workers Planned': 2, 'Single Copy': False, 'Plans': [{'Node Type': 'Aggregate', 'Strategy': 'Sorted', 'Partial Mode': 'Partial', 'Parent Relationship': 'Outer', 'Parallel Aware': False, 'Async Capable': False, 'Startup Cost': 2397.96, 'Total Cost': 8836.44, 'Plan Rows': 1, 'Plan Width': 14, 'Disabled': False, 'Plans': [{'Node Type': 'Hash Join', 'Parent Relationship': 'Outer', 'Parallel Aware': False, 'Async Capable': False, 'Join Type': 'Inner', 'Startup Cost': 2397.96, 'Total Cost': 8705.19, 'Plan Rows': 52494, 'Plan Width': 10, 'Disabled': False, 'Inner Unique': True, 'Hash Cond': '(a.patient_id = p.patient_id)', 'Plans': [{'Node Type': 'Seq Scan', 'Parent Relationship': 'Outer', 'Parallel Aware': True, 'Async Capable': False, 'Relation Name': 'appointments', 'Alias': 'a', 'Startup Cost': 0.0, 'Total Cost': 5760.33, 'Plan Rows': 208333, 'Plan Width': 8, 'Disabled': False}, {'Node Type': 'Hash', 'Parent Relationship': 'Inner', 'Parallel Aware': False, 'Async Capable': False, 'Startup Cost': 2083.0, 'Total Cost': 2083.0, 'Plan Rows': 25197, 'Plan Width': 10, 'Disabled': False, 'Plans': [{'Node Type': 'Seq Scan', 'Parent Relationship': 'Outer', 'Parallel Aware': False, 'Async Capable': False, 'Relation Name': 'patients', 'Alias': 'p', 'Startup Cost': 0.0, 'Total Cost': 2083.0, 'Plan Rows': 25197, 'Plan Width': 10, 'Disabled': False, 'Filter': ""((city)::text = 'Kanpur'::text)""}]}]}]}]}]}}",81.59750001505017
Q27,2,"SELECT *
            FROM patients
            WHERE city = 'Mumbai';","{'Plan': {'Node Type': 'Seq Scan', 'Parallel Aware': False, 'Async Capable': False, 'Relation Name': 'patients', 'Alias': 'patients', 'Startup Cost': 0.0, 'Total Cost': 2083.0, 'Plan Rows': 25007, 'Plan Width': 32, 'Disabled': False, 'Filter': ""((city)::text = 'Mumbai'::text)""}}",18.261200049892068
Q28,5,"SELECT p.city, COUNT(a.appointment_id)
            FROM patients p
            JOIN appointments a
            ON p.patient_id = a.patient_id
            WHERE p.city = 'Lucknow'
            GROUP BY p.city;","{'Plan': {'Node Type': 'Aggregate', 'Strategy': 'Sorted', 'Partial Mode': 'Finalize', 'Parallel Aware': False, 'Async Capable': False, 'Startup Cost': 3393.62, 'Total Cost': 9830.51, 'Plan Rows': 1, 'Plan Width': 14, 'Disabled': False, 'Plans': [{'Node Type': 'Gather', 'Parent Relationship': 'Outer', 'Parallel Aware': False, 'Async Capable': False, 'Startup Cost': 3393.62, 'Total Cost': 9830.49, 'Plan Rows': 2, 'Plan Width': 14, 'Disabled': False, 'Workers Planned': 2, 'Single Copy': False, 'Plans': [{'Node Type': 'Aggregate', 'Strategy': 'Sorted', 'Partial Mode': 'Partial', 'Parent Relationship': 'Outer', 'Parallel Aware': False, 'Async Capable': False, 'Startup Cost': 2393.62, 'Total Cost': 8830.29, 'Plan Rows': 1, 'Plan Width': 14, 'Disabled': False, 'Plans': [{'Node Type': 'Hash Join', 'Parent Relationship': 'Outer', 'Parallel Aware': False, 'Async Capable': False, 'Join Type': 'Inner', 'Startup Cost': 2393.62, 'Total Cost': 8700.85, 'Plan Rows': 51771, 'Plan Width': 10, 'Disabled': False, 'Inner Unique': True, 'Hash Cond': '(a.patient_id = p.patient_id)', 'Plans': [{'Node Type': 'Seq Scan', 'Parent Relationship': 'Outer', 'Parallel Aware': True, 'Async Capable': False, 'Relation Name': 'appointments', 'Alias': 'a', 'Startup Cost': 0.0, 'Total Cost': 5760.33, 'Plan Rows': 208333, 'Plan Width': 8, 'Disabled': False}, {'Node Type': 'Hash', 'Parent Relationship': 'Inner', 'Parallel Aware': False, 'Async Capable': False, 'Startup Cost': 2083.0, 'Total Cost': 2083.0, 'Plan Rows': 24850, 'Plan Width': 10, 'Disabled': False, 'Plans': [{'Node Type': 'Seq Scan', 'Parent Relationship': 'Outer', 'Parallel Aware': False, 'Async Capable': False, 'Relation Name': 'patients', 'Alias': 'p', 'Startup Cost': 0.0, 'Total Cost': 2083.0, 'Plan Rows': 24850, 'Plan Width': 10, 'Disabled': False, 'Filter': ""((city)::text = 'Lucknow'::text)""}]}]}]}]}]}}",86.71610010787845
Q29,3,"SELECT city, COUNT(*)
            FROM patients
            GROUP BY city;","{'Plan': {'Node Type': 'Aggregate', 'Strategy': 'Hashed', 'Partial Mode': 'Simple', 'Parallel Aware': False, 'Async Capable': False, 'Startup Cost': 2333.0, 'Total Cost': 2333.04, 'Plan Rows': 4, 'Plan Width': 14, 'Disabled': False, 'Group Key': ['city'], 'Planned Partitions': 0, 'Plans': [{'Node Type': 'Seq Scan', 'Parent Relationship': 'Outer', 'Parallel Aware': False, 'Async Capable': False, 'Relation Name': 'patients', 'Alias': 'patients', 'Startup Cost': 0.0, 'Total Cost': 1833.0, 'Plan Rows': 100000, 'Plan Width': 6, 'Disabled': False}]}}",13.436000095680356
Q30,5,"SELECT p.city, COUNT(a.appointment_id)
            FROM patients p
            JOIN appointments a
            ON p.patient_id = a.patient_id
            WHERE p.city = 'Lucknow'
            GROUP BY p.city;","{'Plan': {'Node Type': 'Aggregate', 'Strategy': 'Sorted', 'Partial Mode': 'Finalize', 'Parallel Aware': False, 'Async Capable': False, 'Startup Cost': 3393.62, 'Total Cost': 9830.51, 'Plan Rows': 1, 'Plan Width': 14, 'Disabled': False, 'Plans': [{'Node Type': 'Gather', 'Parent Relationship': 'Outer', 'Parallel Aware': False, 'Async Capable': False, 'Startup Cost': 3393.62, 'Total Cost': 9830.49, 'Plan Rows': 2, 'Plan Width': 14, 'Disabled': False, 'Workers Planned': 2, 'Single Copy': False, 'Plans': [{'Node Type': 'Aggregate', 'Strategy': 'Sorted', 'Partial Mode': 'Partial', 'Parent Relationship': 'Outer', 'Parallel Aware': False, 'Async Capable': False, 'Startup Cost': 2393.62, 'Total Cost': 8830.29, 'Plan Rows': 1, 'Plan Width': 14, 'Disabled': False, 'Plans': [{'Node Type': 'Hash Join', 'Parent Relationship': 'Outer', 'Parallel Aware': False, 'Async Capable': False, 'Join Type': 'Inner', 'Startup Cost': 2393.62, 'Total Cost': 8700.85, 'Plan Rows': 51771, 'Plan Width': 10, 'Disabled': False, 'Inner Unique': True, 'Hash Cond': '(a.patient_id = p.patient_id)', 'Plans': [{'Node Type': 'Seq Scan', 'Parent Relationship': 'Outer', 'Parallel Aware': True, 'Async Capable': False, 'Relation Name': 'appointments', 'Alias': 'a', 'Startup Cost': 0.0, 'Total Cost': 5760.33, 'Plan Rows': 208333, 'Plan Width': 8, 'Disabled': False}, {'Node Type': 'Hash', 'Parent Relationship': 'Inner', 'Parallel Aware': False, 'Async Capable': False, 'Startup Cost': 2083.0, 'Total Cost': 2083.0, 'Plan Rows': 24850, 'Plan Width': 10, 'Disabled': False, 'Plans': [{'Node Type': 'Seq Scan', 'Parent Relationship': 'Outer', 'Parallel Aware': False, 'Async Capable': False, 'Relation Name': 'patients', 'Alias': 'p', 'Startup Cost': 0.0, 'Total Cost': 2083.0, 'Plan Rows': 24850, 'Plan Width': 10, 'Disabled': False, 'Filter': ""((city)::text = 'Lucknow'::text)""}]}]}]}]}]}}",101.11590009182692
Q31,2,"SELECT *
            FROM patients
            WHERE city = 'Mumbai';","{'Plan': {'Node Type': 'Seq Scan', 'Parallel Aware': False, 'Async Capable': False, 'Relation Name': 'patients', 'Alias': 'patients', 'Startup Cost': 0.0, 'Total Cost': 2083.0, 'Plan Rows': 25007, 'Plan Width': 32, 'Disabled': False, 'Filter': ""((city)::text = 'Mumbai'::text)""}}",19.58389999344945
Q32,1,"SELECT *
            FROM patients
            WHERE age > 39;","{'Plan': {'Node Type': 'Seq Scan', 'Parallel Aware': False, 'Async Capable': False, 'Relation Name': 'patients', 'Alias': 'patients', 'Startup Cost': 0.0, 'Total Cost': 2083.0, 'Plan Rows': 65227, 'Plan Width': 32, 'Disabled': False, 'Filter': '(age > 39)'}}",44.24989991821349
Q33,1,"SELECT *
            FROM patients
            WHERE age > 62;","{'Plan': {'Node Type': 'Seq Scan', 'Parallel Aware': False, 'Async Capable': False, 'Relation Name': 'patients', 'Alias': 'patients', 'Startup Cost': 0.0, 'Total Cost': 2083.0, 'Plan Rows': 28253, 'Plan Width': 32, 'Disabled': False, 'Filter': '(age > 62)'}}",27.590200072154403
Q34,2,"SELECT *
            FROM patients
            WHERE city = 'Delhi';","{'Plan': {'Node Type': 'Seq Scan', 'Parallel Aware': False, 'Async Capable': False, 'Relation Name': 'patients', 'Alias': 'patients', 'Startup Cost': 0.0, 'Total Cost': 2083.0, 'Plan Rows': 24947, 'Plan Width': 32, 'Disabled': False, 'Filter': ""((city)::text = 'Delhi'::text)""}}",18.316300120204687
Q35,3,"SELECT city, COUNT(*)
            FROM patients
            GROUP BY city;","{'Plan': {'Node Type': 'Aggregate', 'Strategy': 'Hashed', 'Partial Mode': 'Simple', 'Parallel Aware': False, 'Async Capable': False, 'Startup Cost': 2333.0, 'Total Cost': 2333.04, 'Plan Rows': 4, 'Plan Width': 14, 'Disabled': False, 'Group Key': ['city'], 'Planned Partitions': 0, 'Plans': [{'Node Type': 'Seq Scan', 'Parent Relationship': 'Outer', 'Parallel Aware': False, 'Async Capable': False, 'Relation Name': 'patients', 'Alias': 'patients', 'Startup Cost': 0.0, 'Total Cost': 1833.0, 'Plan Rows': 100000, 'Plan Width': 6, 'Disabled': False}]}}",20.199700025841594
Q36,1,"SELECT *
            FROM patients
            WHERE age > 55;","{'Plan': {'Node Type': 'Seq Scan', 'Parallel Aware': False, 'Async Capable': False, 'Relation Name': 'patients', 'Alias': 'patients', 'Startup Cost': 0.0, 'Total Cost': 2083.0, 'Plan Rows': 39067, 'Plan Width': 32, 'Disabled': False, 'Filter': '(age > 55)'}}",33.79189991392195
Q37,2,"SELECT *
            FROM patients
            WHERE city = 'Kanpur';","{'Plan': {'Node Type': 'Seq Scan', 'Parallel Aware': False, 'Async Capable': False, 'Relation Name': 'patients', 'Alias': 'patients', 'Startup Cost': 0.0, 'Total Cost': 2083.0, 'Plan Rows': 25197, 'Plan Width': 32, 'Disabled': False, 'Filter': ""((city)::text = 'Kanpur'::text)""}}",26.394000044092536
Q38,1,"SELECT *
            FROM patients
            WHERE age > 23;","{'Plan': {'Node Type': 'Seq Scan', 'Parallel Aware': False, 'Async Capable': False, 'Relation Name': 'patients', 'Alias': 'patients', 'Startup Cost': 0.0, 'Total Cost': 2083.0, 'Plan Rows': 90417, 'Plan Width': 32, 'Disabled': False, 'Filter': '(age > 23)'}}",76.52370003052056
Q39,1,"SELECT *
            FROM patients
            WHERE age > 51;","{'Plan': {'Node Type': 'Seq Scan', 'Parallel Aware': False, 'Async Capable': False, 'Relation Name': 'patients', 'Alias': 'patients', 'Startup Cost': 0.0, 'Total Cost': 2083.0, 'Plan Rows': 45617, 'Plan Width': 32, 'Disabled': False, 'Filter': '(age > 51)'}}",35.508600063622
Q40,3,"SELECT city, COUNT(*)
            FROM patients
            GROUP BY city;","{'Plan': {'Node Type': 'Aggregate', 'Strategy': 'Hashed', 'Partial Mode': 'Simple', 'Parallel Aware': False, 'Async Capable': False, 'Startup Cost': 2333.0, 'Total Cost': 2333.04, 'Plan Rows': 4, 'Plan Width': 14, 'Disabled': False, 'Group Key': ['city'], 'Planned Partitions': 0, 'Plans': [{'Node Type': 'Seq Scan', 'Parent Relationship': 'Outer', 'Parallel Aware': False, 'Async Capable': False, 'Relation Name': 'patients', 'Alias': 'patients', 'Startup Cost': 0.0, 'Total Cost': 1833.0, 'Plan Rows': 100000, 'Plan Width': 6, 'Disabled': False}]}}",13.338800054043531
Q41,2,"SELECT *
            FROM patients
            WHERE city = 'Kanpur';","{'Plan': {'Node Type': 'Seq Scan', 'Parallel Aware': False, 'Async Capable': False, 'Relation Name': 'patients', 'Alias': 'patients', 'Startup Cost': 0.0, 'Total Cost': 2083.0, 'Plan Rows': 25197, 'Plan Width': 32, 'Disabled': False, 'Filter': ""((city)::text = 'Kanpur'::text)""}}",23.16770004108548
Q42,4,"SELECT p.name, a.appointment_date
            FROM patients p
            JOIN appointments a
            ON p.patient_id = a.patient_id;","{'Plan': {'Node Type': 'Hash Join', 'Parallel Aware': False, 'Async Capable': False, 'Join Type': 'Inner', 'Startup Cost': 3083.0, 'Total Cost': 13072.56, 'Plan Rows': 500000, 'Plan Width': 17, 'Disabled': False, 'Inner Unique': True, 'Hash Cond': '(a.patient_id = p.patient_id)', 'Plans': [{'Node Type': 'Seq Scan', 'Parent Relationship': 'Outer', 'Parallel Aware': False, 'Async Capable': False, 'Relation Name': 'appointments', 'Alias': 'a', 'Startup Cost': 0.0, 'Total Cost': 8677.0, 'Plan Rows': 500000, 'Plan Width': 8, 'Disabled': False}, {'Node Type': 'Hash', 'Parent Relationship': 'Inner', 'Parallel Aware': False, 'Async Capable': False, 'Startup Cost': 1833.0, 'Total Cost': 1833.0, 'Plan Rows': 100000, 'Plan Width': 17, 'Disabled': False, 'Plans': [{'Node Type': 'Seq Scan', 'Parent Relationship': 'Outer', 'Parallel Aware': False, 'Async Capable': False, 'Relation Name': 'patients', 'Alias': 'p', 'Startup Cost': 0.0, 'Total Cost': 1833.0, 'Plan Rows': 100000, 'Plan Width': 17, 'Disabled': False}]}]}}",470.8799999207258
Q43,3,"SELECT city, COUNT(*)
            FROM patients
            GROUP BY city;","{'Plan': {'Node Type': 'Aggregate', 'Strategy': 'Hashed', 'Partial Mode': 'Simple', 'Parallel Aware': False, 'Async Capable': False, 'Startup Cost': 2333.0, 'Total Cost': 2333.04, 'Plan Rows': 4, 'Plan Width': 14, 'Disabled': False, 'Group Key': ['city'], 'Planned Partitions': 0, 'Plans': [{'Node Type': 'Seq Scan', 'Parent Relationship': 'Outer', 'Parallel Aware': False, 'Async Capable': False, 'Relation Name': 'patients', 'Alias': 'patients', 'Startup Cost': 0.0, 'Total Cost': 1833.0, 'Plan Rows': 100000, 'Plan Width': 6, 'Disabled': False}]}}",14.649200020357966
Q44,2,"SELECT *
            FROM patients
            WHERE city = 'Lucknow';","{'Plan': {'Node Type': 'Seq Scan', 'Parallel Aware': False, 'Async Capable': False, 'Relation Name': 'patients', 'Alias': 'patients', 'Startup Cost': 0.0, 'Total Cost': 2083.0, 'Plan Rows': 24850, 'Plan Width': 32, 'Disabled': False, 'Filter': ""((city)::text = 'Lucknow'::text)""}}",29.440300073474646
Q45,4,"SELECT p.name, a.appointment_date
            FROM patients p
            JOIN appointments a
            ON p.patient_id = a.patient_id;","{'Plan': {'Node Type': 'Hash Join', 'Parallel Aware': False, 'Async Capable': False, 'Join Type': 'Inner', 'Startup Cost': 3083.0, 'Total Cost': 13072.56, 'Plan Rows': 500000, 'Plan Width': 17, 'Disabled': False, 'Inner Unique': True, 'Hash Cond': '(a.patient_id = p.patient_id)', 'Plans': [{'Node Type': 'Seq Scan', 'Parent Relationship': 'Outer', 'Parallel Aware': False, 'Async Capable': False, 'Relation Name': 'appointments', 'Alias': 'a', 'Startup Cost': 0.0, 'Total Cost': 8677.0, 'Plan Rows': 500000, 'Plan Width': 8, 'Disabled': False}, {'Node Type': 'Hash', 'Parent Relationship': 'Inner', 'Parallel Aware': False, 'Async Capable': False, 'Startup Cost': 1833.0, 'Total Cost': 1833.0, 'Plan Rows': 100000, 'Plan Width': 17, 'Disabled': False, 'Plans': [{'Node Type': 'Seq Scan', 'Parent Relationship': 'Outer', 'Parallel Aware': False, 'Async Capable': False, 'Relation Name': 'patients', 'Alias': 'p', 'Startup Cost': 0.0, 'Total Cost': 1833.0, 'Plan Rows': 100000, 'Plan Width': 17, 'Disabled': False}]}]}}",484.8929999861866
Q46,5,"SELECT p.city, COUNT(a.appointment_id)
            FROM patients p
            JOIN appointments a
            ON p.patient_id = a.patient_id
            WHERE p.city = 'Mumbai'
            GROUP BY p.city;","{'Plan': {'Node Type': 'Aggregate', 'Strategy': 'Sorted', 'Partial Mode': 'Finalize', 'Parallel Aware': False, 'Async Capable': False, 'Startup Cost': 3395.59, 'Total Cost': 9833.29, 'Plan Rows': 1, 'Plan Width': 14, 'Disabled': False, 'Plans': [{'Node Type': 'Gather', 'Parent Relationship': 'Outer', 'Parallel Aware': False, 'Async Capable': False, 'Startup Cost': 3395.59, 'Total Cost': 9833.27, 'Plan Rows': 2, 'Plan Width': 14, 'Disabled': False, 'Workers Planned': 2, 'Single Copy': False, 'Plans': [{'Node Type': 'Aggregate', 'Strategy': 'Sorted', 'Partial Mode': 'Partial', 'Parent Relationship': 'Outer', 'Parallel Aware': False, 'Async Capable': False, 'Startup Cost': 2395.59, 'Total Cost': 8833.07, 'Plan Rows': 1, 'Plan Width': 14, 'Disabled': False, 'Plans': [{'Node Type': 'Hash Join', 'Parent Relationship': 'Outer', 'Parallel Aware': False, 'Async Capable': False, 'Join Type': 'Inner', 'Startup Cost': 2395.59, 'Total Cost': 8702.82, 'Plan Rows': 52098, 'Plan Width': 10, 'Disabled': False, 'Inner Unique': True, 'Hash Cond': '(a.patient_id = p.patient_id)', 'Plans': [{'Node Type': 'Seq Scan', 'Parent Relationship': 'Outer', 'Parallel Aware': True, 'Async Capable': False, 'Relation Name': 'appointments', 'Alias': 'a', 'Startup Cost': 0.0, 'Total Cost': 5760.33, 'Plan Rows': 208333, 'Plan Width': 8, 'Disabled': False}, {'Node Type': 'Hash', 'Parent Relationship': 'Inner', 'Parallel Aware': False, 'Async Capable': False, 'Startup Cost': 2083.0, 'Total Cost': 2083.0, 'Plan Rows': 25007, 'Plan Width': 10, 'Disabled': False, 'Plans': [{'Node Type': 'Seq Scan', 'Parent Relationship': 'Outer', 'Parallel Aware': False, 'Async Capable': False, 'Relation Name': 'patients', 'Alias': 'p', 'Startup Cost': 0.0, 'Total Cost': 2083.0, 'Plan Rows': 25007, 'Plan Width': 10, 'Disabled': False, 'Filter': ""((city)::text = 'Mumbai'::text)""}]}]}]}]}]}}",101.41869983635843
Q47,2,"SELECT *
            FROM patients
            WHERE city = 'Delhi';","{'Plan': {'Node Type': 'Seq Scan', 'Parallel Aware': False, 'Async Capable': False, 'Relation Name': 'patients', 'Alias': 'patients', 'Startup Cost': 0.0, 'Total Cost': 2083.0, 'Plan Rows': 24947, 'Plan Width': 32, 'Disabled': False, 'Filter': ""((city)::text = 'Delhi'::text)""}}",28.983299853280187
Q48,5,"SELECT p.city, COUNT(a.appointment_id)
            FROM patients p
            JOIN appointments a
            ON p.patient_id = a.patient_id
            WHERE p.city = 'Lucknow'
            GROUP BY p.city;","{'Plan': {'Node Type': 'Aggregate', 'Strategy': 'Sorted', 'Partial Mode': 'Finalize', 'Parallel Aware': False, 'Async Capable': False, 'Startup Cost': 3393.62, 'Total Cost': 9830.51, 'Plan Rows': 1, 'Plan Width': 14, 'Disabled': False, 'Plans': [{'Node Type': 'Gather', 'Parent Relationship': 'Outer', 'Parallel Aware': False, 'Async Capable': False, 'Startup Cost': 3393.62, 'Total Cost': 9830.49, 'Plan Rows': 2, 'Plan Width': 14, 'Disabled': False, 'Workers Planned': 2, 'Single Copy': False, 'Plans': [{'Node Type': 'Aggregate', 'Strategy': 'Sorted', 'Partial Mode': 'Partial', 'Parent Relationship': 'Outer', 'Parallel Aware': False, 'Async Capable': False, 'Startup Cost': 2393.62, 'Total Cost': 8830.29, 'Plan Rows': 1, 'Plan Width': 14, 'Disabled': False, 'Plans': [{'Node Type': 'Hash Join', 'Parent Relationship': 'Outer', 'Parallel Aware': False, 'Async Capable': False, 'Join Type': 'Inner', 'Startup Cost': 2393.62, 'Total Cost': 8700.85, 'Plan Rows': 51771, 'Plan Width': 10, 'Disabled': False, 'Inner Unique': True, 'Hash Cond': '(a.patient_id = p.patient_id)', 'Plans': [{'Node Type': 'Seq Scan', 'Parent Relationship': 'Outer', 'Parallel Aware': True, 'Async Capable': False, 'Relation Name': 'appointments', 'Alias': 'a', 'Startup Cost': 0.0, 'Total Cost': 5760.33, 'Plan Rows': 208333, 'Plan Width': 8, 'Disabled': False}, {'Node Type': 'Hash', 'Parent Relationship': 'Inner', 'Parallel Aware': False, 'Async Capable': False, 'Startup Cost': 2083.0, 'Total Cost': 2083.0, 'Plan Rows': 24850, 'Plan Width': 10, 'Disabled': False, 'Plans': [{'Node Type': 'Seq Scan', 'Parent Relationship': 'Outer', 'Parallel Aware': False, 'Async Capable': False, 'Relation Name': 'patients', 'Alias': 'p', 'Startup Cost': 0.0, 'Total Cost': 2083.0, 'Plan Rows': 24850, 'Plan Width': 10, 'Disabled': False, 'Filter': ""((city)::text = 'Lucknow'::text)""}]}]}]}]}]}}",104.55720010213554
Q49,1,"SELECT *
            FROM patients
            WHERE age > 23;","{'Plan': {'Node Type': 'Seq Scan', 'Parallel Aware': False, 'Async Capable': False, 'Relation Name': 'patients', 'Alias': 'patients', 'Startup Cost': 0.0, 'Total Cost': 2083.0, 'Plan Rows': 90417, 'Plan Width': 32, 'Disabled': False, 'Filter': '(age > 23)'}}",70.5659999512136
Q50,2,"SELECT *
            FROM patients
            WHERE city = 'Delhi';","{'Plan': {'Node Type': 'Seq Scan', 'Parallel Aware': False, 'Async Capable': False, 'Relation Name': 'patients', 'Alias': 'patients', 'Startup Cost': 0.0, 'Total Cost': 2083.0, 'Plan Rows': 24947, 'Plan Width': 32, 'Disabled': False, 'Filter': ""((city)::text = 'Delhi'::text)""}}",21.91730006597936
Q51,2,"SELECT *
            FROM patients
            WHERE city = 'Lucknow';","{'Plan': {'Node Type': 'Seq Scan', 'Parallel Aware': False, 'Async Capable': False, 'Relation Name': 'patients', 'Alias': 'patients', 'Startup Cost': 0.0, 'Total Cost': 2083.0, 'Plan Rows': 24850, 'Plan Width': 32, 'Disabled': False, 'Filter': ""((city)::text = 'Lucknow'::text)""}}",26.29680000245571
Q52,1,"SELECT *
            FROM patients
            WHERE age > 32;","{'Plan': {'Node Type': 'Seq Scan', 'Parallel Aware': False, 'Async Capable': False, 'Relation Name': 'patients', 'Alias': 'patients', 'Startup Cost': 0.0, 'Total Cost': 2083.0, 'Plan Rows': 76157, 'Plan Width': 32, 'Disabled': False, 'Filter': '(age > 32)'}}",59.042900102213025
Q53,1,"SELECT *
            FROM patients
            WHERE age > 67;","{'Plan': {'Node Type': 'Seq Scan', 'Parallel Aware': False, 'Async Capable': False, 'Relation Name': 'patients', 'Alias': 'patients', 'Startup Cost': 0.0, 'Total Cost': 2083.0, 'Plan Rows': 20623, 'Plan Width': 32, 'Disabled': False, 'Filter': '(age > 67)'}}",23.031099932268262
Q54,1,"SELECT *
            FROM patients
            WHERE age > 49;","{'Plan': {'Node Type': 'Seq Scan', 'Parallel Aware': False, 'Async Capable': False, 'Relation Name': 'patients', 'Alias': 'patients', 'Startup Cost': 0.0, 'Total Cost': 2083.0, 'Plan Rows': 48740, 'Plan Width': 32, 'Disabled': False, 'Filter': '(age > 49)'}}",41.04329994879663
Q55,1,"SELECT *
            FROM patients
            WHERE age > 49;","{'Plan': {'Node Type': 'Seq Scan', 'Parallel Aware': False, 'Async Capable': False, 'Relation Name': 'patients', 'Alias': 'patients', 'Startup Cost': 0.0, 'Total Cost': 2083.0, 'Plan Rows': 48740, 'Plan Width': 32, 'Disabled': False, 'Filter': '(age > 49)'}}",45.985700096935034
Q56,5,"SELECT p.city, COUNT(a.appointment_id)
            FROM patients p
            JOIN appointments a
            ON p.patient_id = a.patient_id
            WHERE p.city = 'Lucknow'
            GROUP BY p.city;","{'Plan': {'Node Type': 'Aggregate', 'Strategy': 'Sorted', 'Partial Mode': 'Finalize', 'Parallel Aware': False, 'Async Capable': False, 'Startup Cost': 3393.62, 'Total Cost': 9830.51, 'Plan Rows': 1, 'Plan Width': 14, 'Disabled': False, 'Plans': [{'Node Type': 'Gather', 'Parent Relationship': 'Outer', 'Parallel Aware': False, 'Async Capable': False, 'Startup Cost': 3393.62, 'Total Cost': 9830.49, 'Plan Rows': 2, 'Plan Width': 14, 'Disabled': False, 'Workers Planned': 2, 'Single Copy': False, 'Plans': [{'Node Type': 'Aggregate', 'Strategy': 'Sorted', 'Partial Mode': 'Partial', 'Parent Relationship': 'Outer', 'Parallel Aware': False, 'Async Capable': False, 'Startup Cost': 2393.62, 'Total Cost': 8830.29, 'Plan Rows': 1, 'Plan Width': 14, 'Disabled': False, 'Plans': [{'Node Type': 'Hash Join', 'Parent Relationship': 'Outer', 'Parallel Aware': False, 'Async Capable': False, 'Join Type': 'Inner', 'Startup Cost': 2393.62, 'Total Cost': 8700.85, 'Plan Rows': 51771, 'Plan Width': 10, 'Disabled': False, 'Inner Unique': True, 'Hash Cond': '(a.patient_id = p.patient_id)', 'Plans': [{'Node Type': 'Seq Scan', 'Parent Relationship': 'Outer', 'Parallel Aware': True, 'Async Capable': False, 'Relation Name': 'appointments', 'Alias': 'a', 'Startup Cost': 0.0, 'Total Cost': 5760.33, 'Plan Rows': 208333, 'Plan Width': 8, 'Disabled': False}, {'Node Type': 'Hash', 'Parent Relationship': 'Inner', 'Parallel Aware': False, 'Async Capable': False, 'Startup Cost': 2083.0, 'Total Cost': 2083.0, 'Plan Rows': 24850, 'Plan Width': 10, 'Disabled': False, 'Plans': [{'Node Type': 'Seq Scan', 'Parent Relationship': 'Outer', 'Parallel Aware': False, 'Async Capable': False, 'Relation Name': 'patients', 'Alias': 'p', 'Startup Cost': 0.0, 'Total Cost': 2083.0, 'Plan Rows': 24850, 'Plan Width': 10, 'Disabled': False, 'Filter': ""((city)::text = 'Lucknow'::text)""}]}]}]}]}]}}",104.69280020333827
Q57,3,"SELECT city, COUNT(*)
            FROM patients
            GROUP BY city;","{'Plan': {'Node Type': 'Aggregate', 'Strategy': 'Hashed', 'Partial Mode': 'Simple', 'Parallel Aware': False, 'Async Capable': False, 'Startup Cost': 2333.0, 'Total Cost': 2333.04, 'Plan Rows': 4, 'Plan Width': 14, 'Disabled': False, 'Group Key': ['city'], 'Planned Partitions': 0, 'Plans': [{'Node Type': 'Seq Scan', 'Parent Relationship': 'Outer', 'Parallel Aware': False, 'Async Capable': False, 'Relation Name': 'patients', 'Alias': 'patients', 'Startup Cost': 0.0, 'Total Cost': 1833.0, 'Plan Rows': 100000, 'Plan Width': 6, 'Disabled': False}]}}",28.31520000472665
Q58,5,"SELECT p.city, COUNT(a.appointment_id)
            FROM patients p
            JOIN appointments a
            ON p.patient_id = a.patient_id
            WHERE p.city = 'Mumbai'
            GROUP BY p.city;","{'Plan': {'Node Type': 'Aggregate', 'Strategy': 'Sorted', 'Partial Mode': 'Finalize', 'Parallel Aware': False, 'Async Capable': False, 'Startup Cost': 3395.59, 'Total Cost': 9833.29, 'Plan Rows': 1, 'Plan Width': 14, 'Disabled': False, 'Plans': [{'Node Type': 'Gather', 'Parent Relationship': 'Outer', 'Parallel Aware': False, 'Async Capable': False, 'Startup Cost': 3395.59, 'Total Cost': 9833.27, 'Plan Rows': 2, 'Plan Width': 14, 'Disabled': False, 'Workers Planned': 2, 'Single Copy': False, 'Plans': [{'Node Type': 'Aggregate', 'Strategy': 'Sorted', 'Partial Mode': 'Partial', 'Parent Relationship': 'Outer', 'Parallel Aware': False, 'Async Capable': False, 'Startup Cost': 2395.59, 'Total Cost': 8833.07, 'Plan Rows': 1, 'Plan Width': 14, 'Disabled': False, 'Plans': [{'Node Type': 'Hash Join', 'Parent Relationship': 'Outer', 'Parallel Aware': False, 'Async Capable': False, 'Join Type': 'Inner', 'Startup Cost': 2395.59, 'Total Cost': 8702.82, 'Plan Rows': 52098, 'Plan Width': 10, 'Disabled': False, 'Inner Unique': True, 'Hash Cond': '(a.patient_id = p.patient_id)', 'Plans': [{'Node Type': 'Seq Scan', 'Parent Relationship': 'Outer', 'Parallel Aware': True, 'Async Capable': False, 'Relation Name': 'appointments', 'Alias': 'a', 'Startup Cost': 0.0, 'Total Cost': 5760.33, 'Plan Rows': 208333, 'Plan Width': 8, 'Disabled': False}, {'Node Type': 'Hash', 'Parent Relationship': 'Inner', 'Parallel Aware': False, 'Async Capable': False, 'Startup Cost': 2083.0, 'Total Cost': 2083.0, 'Plan Rows': 25007, 'Plan Width': 10, 'Disabled': False, 'Plans': [{'Node Type': 'Seq Scan', 'Parent Relationship': 'Outer', 'Parallel Aware': False, 'Async Capable': False, 'Relation Name': 'patients', 'Alias': 'p', 'Startup Cost': 0.0, 'Total Cost': 2083.0, 'Plan Rows': 25007, 'Plan Width': 10, 'Disabled': False, 'Filter': ""((city)::text = 'Mumbai'::text)""}]}]}]}]}]}}",88.53620011359453
Q59,5,"SELECT p.city, COUNT(a.appointment_id)
            FROM patients p
            JOIN appointments a
            ON p.patient_id = a.patient_id
            WHERE p.city = 'Mumbai'
            GROUP BY p.city;","{'Plan': {'Node Type': 'Aggregate', 'Strategy': 'Sorted', 'Partial Mode': 'Finalize', 'Parallel Aware': False, 'Async Capable': False, 'Startup Cost': 3395.59, 'Total Cost': 9833.29, 'Plan Rows': 1, 'Plan Width': 14, 'Disabled': False, 'Plans': [{'Node Type': 'Gather', 'Parent Relationship': 'Outer', 'Parallel Aware': False, 'Async Capable': False, 'Startup Cost': 3395.59, 'Total Cost': 9833.27, 'Plan Rows': 2, 'Plan Width': 14, 'Disabled': False, 'Workers Planned': 2, 'Single Copy': False, 'Plans': [{'Node Type': 'Aggregate', 'Strategy': 'Sorted', 'Partial Mode': 'Partial', 'Parent Relationship': 'Outer', 'Parallel Aware': False, 'Async Capable': False, 'Startup Cost': 2395.59, 'Total Cost': 8833.07, 'Plan Rows': 1, 'Plan Width': 14, 'Disabled': False, 'Plans': [{'Node Type': 'Hash Join', 'Parent Relationship': 'Outer', 'Parallel Aware': False, 'Async Capable': False, 'Join Type': 'Inner', 'Startup Cost': 2395.59, 'Total Cost': 8702.82, 'Plan Rows': 52098, 'Plan Width': 10, 'Disabled': False, 'Inner Unique': True, 'Hash Cond': '(a.patient_id = p.patient_id)', 'Plans': [{'Node Type': 'Seq Scan', 'Parent Relationship': 'Outer', 'Parallel Aware': True, 'Async Capable': False, 'Relation Name': 'appointments', 'Alias': 'a', 'Startup Cost': 0.0, 'Total Cost': 5760.33, 'Plan Rows': 208333, 'Plan Width': 8, 'Disabled': False}, {'Node Type': 'Hash', 'Parent Relationship': 'Inner', 'Parallel Aware': False, 'Async Capable': False, 'Startup Cost': 2083.0, 'Total Cost': 2083.0, 'Plan Rows': 25007, 'Plan Width': 10, 'Disabled': False, 'Plans': [{'Node Type': 'Seq Scan', 'Parent Relationship': 'Outer', 'Parallel Aware': False, 'Async Capable': False, 'Relation Name': 'patients', 'Alias': 'p', 'Startup Cost': 0.0, 'Total Cost': 2083.0, 'Plan Rows': 25007, 'Plan Width': 10, 'Disabled': False, 'Filter': ""((city)::text = 'Mumbai'::text)""}]}]}]}]}]}}",86.51089994236827
Q60,3,"SELECT city, COUNT(*)
            FROM patients
            GROUP BY city;","{'Plan': {'Node Type': 'Aggregate', 'Strategy': 'Hashed', 'Partial Mode': 'Simple', 'Parallel Aware': False, 'Async Capable': False, 'Startup Cost': 2333.0, 'Total Cost': 2333.04, 'Plan Rows': 4, 'Plan Width': 14, 'Disabled': False, 'Group Key': ['city'], 'Planned Partitions': 0, 'Plans': [{'Node Type': 'Seq Scan', 'Parent Relationship': 'Outer', 'Parallel Aware': False, 'Async Capable': False, 'Relation Name': 'patients', 'Alias': 'patients', 'Startup Cost': 0.0, 'Total Cost': 1833.0, 'Plan Rows': 100000, 'Plan Width': 6, 'Disabled': False}]}}",21.342499880120158
Q61,5,"SELECT p.city, COUNT(a.appointment_id)
            FROM patients p
            JOIN appointments a
            ON p.patient_id = a.patient_id
            WHERE p.city = 'Mumbai'
            GROUP BY p.city;","{'Plan': {'Node Type': 'Aggregate', 'Strategy': 'Sorted', 'Partial Mode': 'Finalize', 'Parallel Aware': False, 'Async Capable': False, 'Startup Cost': 3395.59, 'Total Cost': 9833.29, 'Plan Rows': 1, 'Plan Width': 14, 'Disabled': False, 'Plans': [{'Node Type': 'Gather', 'Parent Relationship': 'Outer', 'Parallel Aware': False, 'Async Capable': False, 'Startup Cost': 3395.59, 'Total Cost': 9833.27, 'Plan Rows': 2, 'Plan Width': 14, 'Disabled': False, 'Workers Planned': 2, 'Single Copy': False, 'Plans': [{'Node Type': 'Aggregate', 'Strategy': 'Sorted', 'Partial Mode': 'Partial', 'Parent Relationship': 'Outer', 'Parallel Aware': False, 'Async Capable': False, 'Startup Cost': 2395.59, 'Total Cost': 8833.07, 'Plan Rows': 1, 'Plan Width': 14, 'Disabled': False, 'Plans': [{'Node Type': 'Hash Join', 'Parent Relationship': 'Outer', 'Parallel Aware': False, 'Async Capable': False, 'Join Type': 'Inner', 'Startup Cost': 2395.59, 'Total Cost': 8702.82, 'Plan Rows': 52098, 'Plan Width': 10, 'Disabled': False, 'Inner Unique': True, 'Hash Cond': '(a.patient_id = p.patient_id)', 'Plans': [{'Node Type': 'Seq Scan', 'Parent Relationship': 'Outer', 'Parallel Aware': True, 'Async Capable': False, 'Relation Name': 'appointments', 'Alias': 'a', 'Startup Cost': 0.0, 'Total Cost': 5760.33, 'Plan Rows': 208333, 'Plan Width': 8, 'Disabled': False}, {'Node Type': 'Hash', 'Parent Relationship': 'Inner', 'Parallel Aware': False, 'Async Capable': False, 'Startup Cost': 2083.0, 'Total Cost': 2083.0, 'Plan Rows': 25007, 'Plan Width': 10, 'Disabled': False, 'Plans': [{'Node Type': 'Seq Scan', 'Parent Relationship': 'Outer', 'Parallel Aware': False, 'Async Capable': False, 'Relation Name': 'patients', 'Alias': 'p', 'Startup Cost': 0.0, 'Total Cost': 2083.0, 'Plan Rows': 25007, 'Plan Width': 10, 'Disabled': False, 'Filter': ""((city)::text = 'Mumbai'::text)""}]}]}]}]}]}}",86.17959986440837
Q62,4,"SELECT p.name, a.appointment_date
            FROM patients p
            JOIN appointments a
            ON p.patient_id = a.patient_id;","{'Plan': {'Node Type': 'Hash Join', 'Parallel Aware': False, 'Async Capable': False, 'Join Type': 'Inner', 'Startup Cost': 3083.0, 'Total Cost': 13072.56, 'Plan Rows': 500000, 'Plan Width': 17, 'Disabled': False, 'Inner Unique': True, 'Hash Cond': '(a.patient_id = p.patient_id)', 'Plans': [{'Node Type': 'Seq Scan', 'Parent Relationship': 'Outer', 'Parallel Aware': False, 'Async Capable': False, 'Relation Name': 'appointments', 'Alias': 'a', 'Startup Cost': 0.0, 'Total Cost': 8677.0, 'Plan Rows': 500000, 'Plan Width': 8, 'Disabled': False}, {'Node Type': 'Hash', 'Parent Relationship': 'Inner', 'Parallel Aware': False, 'Async Capable': False, 'Startup Cost': 1833.0, 'Total Cost': 1833.0, 'Plan Rows': 100000, 'Plan Width': 17, 'Disabled': False, 'Plans': [{'Node Type': 'Seq Scan', 'Parent Relationship': 'Outer', 'Parallel Aware': False, 'Async Capable': False, 'Relation Name': 'patients', 'Alias': 'p', 'Startup Cost': 0.0, 'Total Cost': 1833.0, 'Plan Rows': 100000, 'Plan Width': 17, 'Disabled': False}]}]}}",628.982099937275
Q63,5,"SELECT p.city, COUNT(a.appointment_id)
            FROM patients p
            JOIN appointments a
            ON p.patient_id = a.patient_id
            WHERE p.city = 'Delhi'
            GROUP BY p.city;","{'Plan': {'Node Type': 'Aggregate', 'Strategy': 'Sorted', 'Partial Mode': 'Finalize', 'Parallel Aware': False, 'Async Capable': False, 'Startup Cost': 3394.84, 'Total Cost': 9832.22, 'Plan Rows': 1, 'Plan Width': 14, 'Disabled': False, 'Plans': [{'Node Type': 'Gather', 'Parent Relationship': 'Outer', 'Parallel Aware': False, 'Async Capable': False, 'Startup Cost': 3394.84, 'Total Cost': 9832.21, 'Plan Rows': 2, 'Plan Width': 14, 'Disabled': False, 'Workers Planned': 2, 'Single Copy': False, 'Plans': [{'Node Type': 'Aggregate', 'Strategy': 'Sorted', 'Partial Mode': 'Partial', 'Parent Relationship': 'Outer', 'Parallel Aware': False, 'Async Capable': False, 'Startup Cost': 2394.84, 'Total Cost': 8832.01, 'Plan Rows': 1, 'Plan Width': 14, 'Disabled': False, 'Plans': [{'Node Type': 'Hash Join', 'Parent Relationship': 'Outer', 'Parallel Aware': False, 'Async Capable': False, 'Join Type': 'Inner', 'Startup Cost': 2394.84, 'Total Cost': 8702.07, 'Plan Rows': 51973, 'Plan Width': 10, 'Disabled': False, 'Inner Unique': True, 'Hash Cond': '(a.patient_id = p.patient_id)', 'Plans': [{'Node Type': 'Seq Scan', 'Parent Relationship': 'Outer', 'Parallel Aware': True, 'Async Capable': False, 'Relation Name': 'appointments', 'Alias': 'a', 'Startup Cost': 0.0, 'Total Cost': 5760.33, 'Plan Rows': 208333, 'Plan Width': 8, 'Disabled': False}, {'Node Type': 'Hash', 'Parent Relationship': 'Inner', 'Parallel Aware': False, 'Async Capable': False, 'Startup Cost': 2083.0, 'Total Cost': 2083.0, 'Plan Rows': 24947, 'Plan Width': 10, 'Disabled': False, 'Plans': [{'Node Type': 'Seq Scan', 'Parent Relationship': 'Outer', 'Parallel Aware': False, 'Async Capable': False, 'Relation Name': 'patients', 'Alias': 'p', 'Startup Cost': 0.0, 'Total Cost': 2083.0, 'Plan Rows': 24947, 'Plan Width': 10, 'Disabled': False, 'Filter': ""((city)::text = 'Delhi'::text)""}]}]}]}]}]}}",121.68599991127849
Q64,4,"SELECT p.name, a.appointment_date
            FROM patients p
            JOIN appointments a
            ON p.patient_id = a.patient_id;","{'Plan': {'Node Type': 'Hash Join', 'Parallel Aware': False, 'Async Capable': False, 'Join Type': 'Inner', 'Startup Cost': 3083.0, 'Total Cost': 13072.56, 'Plan Rows': 500000, 'Plan Width': 17, 'Disabled': False, 'Inner Unique': True, 'Hash Cond': '(a.patient_id = p.patient_id)', 'Plans': [{'Node Type': 'Seq Scan', 'Parent Relationship': 'Outer', 'Parallel Aware': False, 'Async Capable': False, 'Relation Name': 'appointments', 'Alias': 'a', 'Startup Cost': 0.0, 'Total Cost': 8677.0, 'Plan Rows': 500000, 'Plan Width': 8, 'Disabled': False}, {'Node Type': 'Hash', 'Parent Relationship': 'Inner', 'Parallel Aware': False, 'Async Capable': False, 'Startup Cost': 1833.0, 'Total Cost': 1833.0, 'Plan Rows': 100000, 'Plan Width': 17, 'Disabled': False, 'Plans': [{'Node Type': 'Seq Scan', 'Parent Relationship': 'Outer', 'Parallel Aware': False, 'Async Capable': False, 'Relation Name': 'patients', 'Alias': 'p', 'Startup Cost': 0.0, 'Total Cost': 1833.0, 'Plan Rows': 100000, 'Plan Width': 17, 'Disabled': False}]}]}}",666.4410999510437
Q65,5,"SELECT p.city, COUNT(a.appointment_id)
            FROM patients p
            JOIN appointments a
            ON p.patient_id = a.patient_id
            WHERE p.city = 'Kanpur'
            GROUP BY p.city;","{'Plan': {'Node Type': 'Aggregate', 'Strategy': 'Sorted', 'Partial Mode': 'Finalize', 'Parallel Aware': False, 'Async Capable': False, 'Startup Cost': 3397.96, 'Total Cost': 9836.65, 'Plan Rows': 1, 'Plan Width': 14, 'Disabled': False, 'Plans': [{'Node Type': 'Gather', 'Parent Relationship': 'Outer', 'Parallel Aware': False, 'Async Capable': False, 'Startup Cost': 3397.96, 'Total Cost': 9836.64, 'Plan Rows': 2, 'Plan Width': 14, 'Disabled': False, 'Workers Planned': 2, 'Single Copy': False, 'Plans': [{'Node Type': 'Aggregate', 'Strategy': 'Sorted', 'Partial Mode': 'Partial', 'Parent Relationship': 'Outer', 'Parallel Aware': False, 'Async Capable': False, 'Startup Cost': 2397.96, 'Total Cost': 8836.44, 'Plan Rows': 1, 'Plan Width': 14, 'Disabled': False, 'Plans': [{'Node Type': 'Hash Join', 'Parent Relationship': 'Outer', 'Parallel Aware': False, 'Async Capable': False, 'Join Type': 'Inner', 'Startup Cost': 2397.96, 'Total Cost': 8705.19, 'Plan Rows': 52494, 'Plan Width': 10, 'Disabled': False, 'Inner Unique': True, 'Hash Cond': '(a.patient_id = p.patient_id)', 'Plans': [{'Node Type': 'Seq Scan', 'Parent Relationship': 'Outer', 'Parallel Aware': True, 'Async Capable': False, 'Relation Name': 'appointments', 'Alias': 'a', 'Startup Cost': 0.0, 'Total Cost': 5760.33, 'Plan Rows': 208333, 'Plan Width': 8, 'Disabled': False}, {'Node Type': 'Hash', 'Parent Relationship': 'Inner', 'Parallel Aware': False, 'Async Capable': False, 'Startup Cost': 2083.0, 'Total Cost': 2083.0, 'Plan Rows': 25197, 'Plan Width': 10, 'Disabled': False, 'Plans': [{'Node Type': 'Seq Scan', 'Parent Relationship': 'Outer', 'Parallel Aware': False, 'Async Capable': False, 'Relation Name': 'patients', 'Alias': 'p', 'Startup Cost': 0.0, 'Total Cost': 2083.0, 'Plan Rows': 25197, 'Plan Width': 10, 'Disabled': False, 'Filter': ""((city)::text = 'Kanpur'::text)""}]}]}]}]}]}}",110.5047999881208
Q66,1,"SELECT *
            FROM patients
            WHERE age > 35;","{'Plan': {'Node Type': 'Seq Scan', 'Parallel Aware': False, 'Async Capable': False, 'Relation Name': 'patients', 'Alias': 'patients', 'Startup Cost': 0.0, 'Total Cost': 2083.0, 'Plan Rows': 71460, 'Plan Width': 32, 'Disabled': False, 'Filter': '(age > 35)'}}",75.98150009289384
Q67,2,"SELECT *
            FROM patients
            WHERE city = 'Lucknow';","{'Plan': {'Node Type': 'Seq Scan', 'Parallel Aware': False, 'Async Capable': False, 'Relation Name': 'patients', 'Alias': 'patients', 'Startup Cost': 0.0, 'Total Cost': 2083.0, 'Plan Rows': 24850, 'Plan Width': 32, 'Disabled': False, 'Filter': ""((city)::text = 'Lucknow'::text)""}}",27.287299977615476
Q68,4,"SELECT p.name, a.appointment_date
            FROM patients p
            JOIN appointments a
            ON p.patient_id = a.patient_id;","{'Plan': {'Node Type': 'Hash Join', 'Parallel Aware': False, 'Async Capable': False, 'Join Type': 'Inner', 'Startup Cost': 3083.0, 'Total Cost': 13072.56, 'Plan Rows': 500000, 'Plan Width': 17, 'Disabled': False, 'Inner Unique': True, 'Hash Cond': '(a.patient_id = p.patient_id)', 'Plans': [{'Node Type': 'Seq Scan', 'Parent Relationship': 'Outer', 'Parallel Aware': False, 'Async Capable': False, 'Relation Name': 'appointments', 'Alias': 'a', 'Startup Cost': 0.0, 'Total Cost': 8677.0, 'Plan Rows': 500000, 'Plan Width': 8, 'Disabled': False}, {'Node Type': 'Hash', 'Parent Relationship': 'Inner', 'Parallel Aware': False, 'Async Capable': False, 'Startup Cost': 1833.0, 'Total Cost': 1833.0, 'Plan Rows': 100000, 'Plan Width': 17, 'Disabled': False, 'Plans': [{'Node Type': 'Seq Scan', 'Parent Relationship': 'Outer', 'Parallel Aware': False, 'Async Capable': False, 'Relation Name': 'patients', 'Alias': 'p', 'Startup Cost': 0.0, 'Total Cost': 1833.0, 'Plan Rows': 100000, 'Plan Width': 17, 'Disabled': False}]}]}}",632.9509001225233
Q69,3,"SELECT city, COUNT(*)
            FROM patients
            GROUP BY city;","{'Plan': {'Node Type': 'Aggregate', 'Strategy': 'Hashed', 'Partial Mode': 'Simple', 'Parallel Aware': False, 'Async Capable': False, 'Startup Cost': 2333.0, 'Total Cost': 2333.04, 'Plan Rows': 4, 'Plan Width': 14, 'Disabled': False, 'Group Key': ['city'], 'Planned Partitions': 0, 'Plans': [{'Node Type': 'Seq Scan', 'Parent Relationship': 'Outer', 'Parallel Aware': False, 'Async Capable': False, 'Relation Name': 'patients', 'Alias': 'patients', 'Startup Cost': 0.0, 'Total Cost': 1833.0, 'Plan Rows': 100000, 'Plan Width': 6, 'Disabled': False}]}}",13.487699907273054
Q70,1,"SELECT *
            FROM patients
            WHERE age > 56;","{'Plan': {'Node Type': 'Seq Scan', 'Parallel Aware': False, 'Async Capable': False, 'Relation Name': 'patients', 'Alias': 'patients', 'Startup Cost': 0.0, 'Total Cost': 2083.0, 'Plan Rows': 37503, 'Plan Width': 32, 'Disabled': False, 'Filter': '(age > 56)'}}",43.699200032278895
Q71,1,"SELECT *
            FROM patients
            WHERE age > 34;","{'Plan': {'Node Type': 'Seq Scan', 'Parallel Aware': False, 'Async Capable': False, 'Relation Name': 'patients', 'Alias': 'patients', 'Startup Cost': 0.0, 'Total Cost': 2083.0, 'Plan Rows': 72973, 'Plan Width': 32, 'Disabled': False, 'Filter': '(age > 34)'}}",52.5772999972105
Q72,4,"SELECT p.name, a.appointment_date
            FROM patients p
            JOIN appointments a
            ON p.patient_id = a.patient_id;","{'Plan': {'Node Type': 'Hash Join', 'Parallel Aware': False, 'Async Capable': False, 'Join Type': 'Inner', 'Startup Cost': 3083.0, 'Total Cost': 13072.56, 'Plan Rows': 500000, 'Plan Width': 17, 'Disabled': False, 'Inner Unique': True, 'Hash Cond': '(a.patient_id = p.patient_id)', 'Plans': [{'Node Type': 'Seq Scan', 'Parent Relationship': 'Outer', 'Parallel Aware': False, 'Async Capable': False, 'Relation Name': 'appointments', 'Alias': 'a', 'Startup Cost': 0.0, 'Total Cost': 8677.0, 'Plan Rows': 500000, 'Plan Width': 8, 'Disabled': False}, {'Node Type': 'Hash', 'Parent Relationship': 'Inner', 'Parallel Aware': False, 'Async Capable': False, 'Startup Cost': 1833.0, 'Total Cost': 1833.0, 'Plan Rows': 100000, 'Plan Width': 17, 'Disabled': False, 'Plans': [{'Node Type': 'Seq Scan', 'Parent Relationship': 'Outer', 'Parallel Aware': False, 'Async Capable': False, 'Relation Name': 'patients', 'Alias': 'p', 'Startup Cost': 0.0, 'Total Cost': 1833.0, 'Plan Rows': 100000, 'Plan Width': 17, 'Disabled': False}]}]}}",660.0837002042681
Q73,4,"SELECT p.name, a.appointment_date
            FROM patients p
            JOIN appointments a
            ON p.patient_id = a.patient_id;","{'Plan': {'Node Type': 'Hash Join', 'Parallel Aware': False, 'Async Capable': False, 'Join Type': 'Inner', 'Startup Cost': 3083.0, 'Total Cost': 13072.56, 'Plan Rows': 500000, 'Plan Width': 17, 'Disabled': False, 'Inner Unique': True, 'Hash Cond': '(a.patient_id = p.patient_id)', 'Plans': [{'Node Type': 'Seq Scan', 'Parent Relationship': 'Outer', 'Parallel Aware': False, 'Async Capable': False, 'Relation Name': 'appointments', 'Alias': 'a', 'Startup Cost': 0.0, 'Total Cost': 8677.0, 'Plan Rows': 500000, 'Plan Width': 8, 'Disabled': False}, {'Node Type': 'Hash', 'Parent Relationship': 'Inner', 'Parallel Aware': False, 'Async Capable': False, 'Startup Cost': 1833.0, 'Total Cost': 1833.0, 'Plan Rows': 100000, 'Plan Width': 17, 'Disabled': False, 'Plans': [{'Node Type': 'Seq Scan', 'Parent Relationship': 'Outer', 'Parallel Aware': False, 'Async Capable': False, 'Relation Name': 'patients', 'Alias': 'p', 'Startup Cost': 0.0, 'Total Cost': 1833.0, 'Plan Rows': 100000, 'Plan Width': 17, 'Disabled': False}]}]}}",545.7667999435216
Q74,2,"SELECT *
            FROM patients
            WHERE city = 'Kanpur';","{'Plan': {'Node Type': 'Seq Scan', 'Parallel Aware': False, 'Async Capable': False, 'Relation Name': 'patients', 'Alias': 'patients', 'Startup Cost': 0.0, 'Total Cost': 2083.0, 'Plan Rows': 25197, 'Plan Width': 32, 'Disabled': False, 'Filter': ""((city)::text = 'Kanpur'::text)""}}",25.758699979633093
Q75,5,"SELECT p.city, COUNT(a.appointment_id)
            FROM patients p
            JOIN appointments a
            ON p.patient_id = a.patient_id
            WHERE p.city = 'Mumbai'
            GROUP BY p.city;","{'Plan': {'Node Type': 'Aggregate', 'Strategy': 'Sorted', 'Partial Mode': 'Finalize', 'Parallel Aware': False, 'Async Capable': False, 'Startup Cost': 3395.59, 'Total Cost': 9833.29, 'Plan Rows': 1, 'Plan Width': 14, 'Disabled': False, 'Plans': [{'Node Type': 'Gather', 'Parent Relationship': 'Outer', 'Parallel Aware': False, 'Async Capable': False, 'Startup Cost': 3395.59, 'Total Cost': 9833.27, 'Plan Rows': 2, 'Plan Width': 14, 'Disabled': False, 'Workers Planned': 2, 'Single Copy': False, 'Plans': [{'Node Type': 'Aggregate', 'Strategy': 'Sorted', 'Partial Mode': 'Partial', 'Parent Relationship': 'Outer', 'Parallel Aware': False, 'Async Capable': False, 'Startup Cost': 2395.59, 'Total Cost': 8833.07, 'Plan Rows': 1, 'Plan Width': 14, 'Disabled': False, 'Plans': [{'Node Type': 'Hash Join', 'Parent Relationship': 'Outer', 'Parallel Aware': False, 'Async Capable': False, 'Join Type': 'Inner', 'Startup Cost': 2395.59, 'Total Cost': 8702.82, 'Plan Rows': 52098, 'Plan Width': 10, 'Disabled': False, 'Inner Unique': True, 'Hash Cond': '(a.patient_id = p.patient_id)', 'Plans': [{'Node Type': 'Seq Scan', 'Parent Relationship': 'Outer', 'Parallel Aware': True, 'Async Capable': False, 'Relation Name': 'appointments', 'Alias': 'a', 'Startup Cost': 0.0, 'Total Cost': 5760.33, 'Plan Rows': 208333, 'Plan Width': 8, 'Disabled': False}, {'Node Type': 'Hash', 'Parent Relationship': 'Inner', 'Parallel Aware': False, 'Async Capable': False, 'Startup Cost': 2083.0, 'Total Cost': 2083.0, 'Plan Rows': 25007, 'Plan Width': 10, 'Disabled': False, 'Plans': [{'Node Type': 'Seq Scan', 'Parent Relationship': 'Outer', 'Parallel Aware': False, 'Async Capable': False, 'Relation Name': 'patients', 'Alias': 'p', 'Startup Cost': 0.0, 'Total Cost': 2083.0, 'Plan Rows': 25007, 'Plan Width': 10, 'Disabled': False, 'Filter': ""((city)::text = 'Mumbai'::text)""}]}]}]}]}]}}",86.25920000486076
Q76,5,"SELECT p.city, COUNT(a.appointment_id)
            FROM patients p
            JOIN appointments a
            ON p.patient_id = a.patient_id
            WHERE p.city = 'Delhi'
            GROUP BY p.city;","{'Plan': {'Node Type': 'Aggregate', 'Strategy': 'Sorted', 'Partial Mode': 'Finalize', 'Parallel Aware': False, 'Async Capable': False, 'Startup Cost': 3394.84, 'Total Cost': 9832.22, 'Plan Rows': 1, 'Plan Width': 14, 'Disabled': False, 'Plans': [{'Node Type': 'Gather', 'Parent Relationship': 'Outer', 'Parallel Aware': False, 'Async Capable': False, 'Startup Cost': 3394.84, 'Total Cost': 9832.21, 'Plan Rows': 2, 'Plan Width': 14, 'Disabled': False, 'Workers Planned': 2, 'Single Copy': False, 'Plans': [{'Node Type': 'Aggregate', 'Strategy': 'Sorted', 'Partial Mode': 'Partial', 'Parent Relationship': 'Outer', 'Parallel Aware': False, 'Async Capable': False, 'Startup Cost': 2394.84, 'Total Cost': 8832.01, 'Plan Rows': 1, 'Plan Width': 14, 'Disabled': False, 'Plans': [{'Node Type': 'Hash Join', 'Parent Relationship': 'Outer', 'Parallel Aware': False, 'Async Capable': False, 'Join Type': 'Inner', 'Startup Cost': 2394.84, 'Total Cost': 8702.07, 'Plan Rows': 51973, 'Plan Width': 10, 'Disabled': False, 'Inner Unique': True, 'Hash Cond': '(a.patient_id = p.patient_id)', 'Plans': [{'Node Type': 'Seq Scan', 'Parent Relationship': 'Outer', 'Parallel Aware': True, 'Async Capable': False, 'Relation Name': 'appointments', 'Alias': 'a', 'Startup Cost': 0.0, 'Total Cost': 5760.33, 'Plan Rows': 208333, 'Plan Width': 8, 'Disabled': False}, {'Node Type': 'Hash', 'Parent Relationship': 'Inner', 'Parallel Aware': False, 'Async Capable': False, 'Startup Cost': 2083.0, 'Total Cost': 2083.0, 'Plan Rows': 24947, 'Plan Width': 10, 'Disabled': False, 'Plans': [{'Node Type': 'Seq Scan', 'Parent Relationship': 'Outer', 'Parallel Aware': False, 'Async Capable': False, 'Relation Name': 'patients', 'Alias': 'p', 'Startup Cost': 0.0, 'Total Cost': 2083.0, 'Plan Rows': 24947, 'Plan Width': 10, 'Disabled': False, 'Filter': ""((city)::text = 'Delhi'::text)""}]}]}]}]}]}}",86.30189998075366
Q77,4,"SELECT p.name, a.appointment_date
            FROM patients p
            JOIN appointments a
            ON p.patient_id = a.patient_id;","{'Plan': {'Node Type': 'Hash Join', 'Parallel Aware': False, 'Async Capable': False, 'Join Type': 'Inner', 'Startup Cost': 3083.0, 'Total Cost': 13072.56, 'Plan Rows': 500000, 'Plan Width': 17, 'Disabled': False, 'Inner Unique': True, 'Hash Cond': '(a.patient_id = p.patient_id)', 'Plans': [{'Node Type': 'Seq Scan', 'Parent Relationship': 'Outer', 'Parallel Aware': False, 'Async Capable': False, 'Relation Name': 'appointments', 'Alias': 'a', 'Startup Cost': 0.0, 'Total Cost': 8677.0, 'Plan Rows': 500000, 'Plan Width': 8, 'Disabled': False}, {'Node Type': 'Hash', 'Parent Relationship': 'Inner', 'Parallel Aware': False, 'Async Capable': False, 'Startup Cost': 1833.0, 'Total Cost': 1833.0, 'Plan Rows': 100000, 'Plan Width': 17, 'Disabled': False, 'Plans': [{'Node Type': 'Seq Scan', 'Parent Relationship': 'Outer', 'Parallel Aware': False, 'Async Capable': False, 'Relation Name': 'patients', 'Alias': 'p', 'Startup Cost': 0.0, 'Total Cost': 1833.0, 'Plan Rows': 100000, 'Plan Width': 17, 'Disabled': False}]}]}}",624.7022000607103
Q78,3,"SELECT city, COUNT(*)
            FROM patients
            GROUP BY city;","{'Plan': {'Node Type': 'Aggregate', 'Strategy': 'Hashed', 'Partial Mode': 'Simple', 'Parallel Aware': False, 'Async Capable': False, 'Startup Cost': 2333.0, 'Total Cost': 2333.04, 'Plan Rows': 4, 'Plan Width': 14, 'Disabled': False, 'Group Key': ['city'], 'Planned Partitions': 0, 'Plans': [{'Node Type': 'Seq Scan', 'Parent Relationship': 'Outer', 'Parallel Aware': False, 'Async Capable': False, 'Relation Name': 'patients', 'Alias': 'patients', 'Startup Cost': 0.0, 'Total Cost': 1833.0, 'Plan Rows': 100000, 'Plan Width': 6, 'Disabled': False}]}}",15.201900154352188
Q79,3,"SELECT city, COUNT(*)
            FROM patients
            GROUP BY city;","{'Plan': {'Node Type': 'Aggregate', 'Strategy': 'Hashed', 'Partial Mode': 'Simple', 'Parallel Aware': False, 'Async Capable': False, 'Startup Cost': 2333.0, 'Total Cost': 2333.04, 'Plan Rows': 4, 'Plan Width': 14, 'Disabled': False, 'Group Key': ['city'], 'Planned Partitions': 0, 'Plans': [{'Node Type': 'Seq Scan', 'Parent Relationship': 'Outer', 'Parallel Aware': False, 'Async Capable': False, 'Relation Name': 'patients', 'Alias': 'patients', 'Startup Cost': 0.0, 'Total Cost': 1833.0, 'Plan Rows': 100000, 'Plan Width': 6, 'Disabled': False}]}}",13.322500046342611
Q80,2,"SELECT *
            FROM patients
            WHERE city = 'Mumbai';","{'Plan': {'Node Type': 'Seq Scan', 'Parallel Aware': False, 'Async Capable': False, 'Relation Name': 'patients', 'Alias': 'patients', 'Startup Cost': 0.0, 'Total Cost': 2083.0, 'Plan Rows': 25007, 'Plan Width': 32, 'Disabled': False, 'Filter': ""((city)::text = 'Mumbai'::text)""}}",36.86130000278354
Q81,4,"SELECT p.name, a.appointment_date
            FROM patients p
            JOIN appointments a
            ON p.patient_id = a.patient_id;","{'Plan': {'Node Type': 'Hash Join', 'Parallel Aware': False, 'Async Capable': False, 'Join Type': 'Inner', 'Startup Cost': 3083.0, 'Total Cost': 13072.56, 'Plan Rows': 500000, 'Plan Width': 17, 'Disabled': False, 'Inner Unique': True, 'Hash Cond': '(a.patient_id = p.patient_id)', 'Plans': [{'Node Type': 'Seq Scan', 'Parent Relationship': 'Outer', 'Parallel Aware': False, 'Async Capable': False, 'Relation Name': 'appointments', 'Alias': 'a', 'Startup Cost': 0.0, 'Total Cost': 8677.0, 'Plan Rows': 500000, 'Plan Width': 8, 'Disabled': False}, {'Node Type': 'Hash', 'Parent Relationship': 'Inner', 'Parallel Aware': False, 'Async Capable': False, 'Startup Cost': 1833.0, 'Total Cost': 1833.0, 'Plan Rows': 100000, 'Plan Width': 17, 'Disabled': False, 'Plans': [{'Node Type': 'Seq Scan', 'Parent Relationship': 'Outer', 'Parallel Aware': False, 'Async Capable': False, 'Relation Name': 'patients', 'Alias': 'p', 'Startup Cost': 0.0, 'Total Cost': 1833.0, 'Plan Rows': 100000, 'Plan Width': 17, 'Disabled': False}]}]}}",670.6134001724422
Q82,3,"SELECT city, COUNT(*)
            FROM patients
            GROUP BY city;","{'Plan': {'Node Type': 'Aggregate', 'Strategy': 'Hashed', 'Partial Mode': 'Simple', 'Parallel Aware': False, 'Async Capable': False, 'Startup Cost': 2333.0, 'Total Cost': 2333.04, 'Plan Rows': 4, 'Plan Width': 14, 'Disabled': False, 'Group Key': ['city'], 'Planned Partitions': 0, 'Plans': [{'Node Type': 'Seq Scan', 'Parent Relationship': 'Outer', 'Parallel Aware': False, 'Async Capable': False, 'Relation Name': 'patients', 'Alias': 'patients', 'Startup Cost': 0.0, 'Total Cost': 1833.0, 'Plan Rows': 100000, 'Plan Width': 6, 'Disabled': False}]}}",13.773199869319797
Q83,2,"SELECT *
            FROM patients
            WHERE city = 'Delhi';","{'Plan': {'Node Type': 'Seq Scan', 'Parallel Aware': False, 'Async Capable': False, 'Relation Name': 'patients', 'Alias': 'patients', 'Startup Cost': 0.0, 'Total Cost': 2083.0, 'Plan Rows': 24947, 'Plan Width': 32, 'Disabled': False, 'Filter': ""((city)::text = 'Delhi'::text)""}}",25.90000000782311
Q84,3,"SELECT city, COUNT(*)
            FROM patients
            GROUP BY city;","{'Plan': {'Node Type': 'Aggregate', 'Strategy': 'Hashed', 'Partial Mode': 'Simple', 'Parallel Aware': False, 'Async Capable': False, 'Startup Cost': 2333.0, 'Total Cost': 2333.04, 'Plan Rows': 4, 'Plan Width': 14, 'Disabled': False, 'Group Key': ['city'], 'Planned Partitions': 0, 'Plans': [{'Node Type': 'Seq Scan', 'Parent Relationship': 'Outer', 'Parallel Aware': False, 'Async Capable': False, 'Relation Name': 'patients', 'Alias': 'patients', 'Startup Cost': 0.0, 'Total Cost': 1833.0, 'Plan Rows': 100000, 'Plan Width': 6, 'Disabled': False}]}}",19.350399961695075
Q85,1,"SELECT *
            FROM patients
            WHERE age > 38;","{'Plan': {'Node Type': 'Seq Scan', 'Parallel Aware': False, 'Async Capable': False, 'Relation Name': 'patients', 'Alias': 'patients', 'Startup Cost': 0.0, 'Total Cost': 2083.0, 'Plan Rows': 66793, 'Plan Width': 32, 'Disabled': False, 'Filter': '(age > 38)'}}",92.162000015378
Q86,3,"SELECT city, COUNT(*)
            FROM patients
            GROUP BY city;","{'Plan': {'Node Type': 'Aggregate', 'Strategy': 'Hashed', 'Partial Mode': 'Simple', 'Parallel Aware': False, 'Async Capable': False, 'Startup Cost': 2333.0, 'Total Cost': 2333.04, 'Plan Rows': 4, 'Plan Width': 14, 'Disabled': False, 'Group Key': ['city'], 'Planned Partitions': 0, 'Plans': [{'Node Type': 'Seq Scan', 'Parent Relationship': 'Outer', 'Parallel Aware': False, 'Async Capable': False, 'Relation Name': 'patients', 'Alias': 'patients', 'Startup Cost': 0.0, 'Total Cost': 1833.0, 'Plan Rows': 100000, 'Plan Width': 6, 'Disabled': False}]}}",13.418199960142374
Q87,2,"SELECT *
            FROM patients
            WHERE city = 'Kanpur';","{'Plan': {'Node Type': 'Seq Scan', 'Parallel Aware': False, 'Async Capable': False, 'Relation Name': 'patients', 'Alias': 'patients', 'Startup Cost': 0.0, 'Total Cost': 2083.0, 'Plan Rows': 25197, 'Plan Width': 32, 'Disabled': False, 'Filter': ""((city)::text = 'Kanpur'::text)""}}",21.09149983152747
Q88,5,"SELECT p.city, COUNT(a.appointment_id)
            FROM patients p
            JOIN appointments a
            ON p.patient_id = a.patient_id
            WHERE p.city = 'Delhi'
            GROUP BY p.city;","{'Plan': {'Node Type': 'Aggregate', 'Strategy': 'Sorted', 'Partial Mode': 'Finalize', 'Parallel Aware': False, 'Async Capable': False, 'Startup Cost': 3394.84, 'Total Cost': 9832.22, 'Plan Rows': 1, 'Plan Width': 14, 'Disabled': False, 'Plans': [{'Node Type': 'Gather', 'Parent Relationship': 'Outer', 'Parallel Aware': False, 'Async Capable': False, 'Startup Cost': 3394.84, 'Total Cost': 9832.21, 'Plan Rows': 2, 'Plan Width': 14, 'Disabled': False, 'Workers Planned': 2, 'Single Copy': False, 'Plans': [{'Node Type': 'Aggregate', 'Strategy': 'Sorted', 'Partial Mode': 'Partial', 'Parent Relationship': 'Outer', 'Parallel Aware': False, 'Async Capable': False, 'Startup Cost': 2394.84, 'Total Cost': 8832.01, 'Plan Rows': 1, 'Plan Width': 14, 'Disabled': False, 'Plans': [{'Node Type': 'Hash Join', 'Parent Relationship': 'Outer', 'Parallel Aware': False, 'Async Capable': False, 'Join Type': 'Inner', 'Startup Cost': 2394.84, 'Total Cost': 8702.07, 'Plan Rows': 51973, 'Plan Width': 10, 'Disabled': False, 'Inner Unique': True, 'Hash Cond': '(a.patient_id = p.patient_id)', 'Plans': [{'Node Type': 'Seq Scan', 'Parent Relationship': 'Outer', 'Parallel Aware': True, 'Async Capable': False, 'Relation Name': 'appointments', 'Alias': 'a', 'Startup Cost': 0.0, 'Total Cost': 5760.33, 'Plan Rows': 208333, 'Plan Width': 8, 'Disabled': False}, {'Node Type': 'Hash', 'Parent Relationship': 'Inner', 'Parallel Aware': False, 'Async Capable': False, 'Startup Cost': 2083.0, 'Total Cost': 2083.0, 'Plan Rows': 24947, 'Plan Width': 10, 'Disabled': False, 'Plans': [{'Node Type': 'Seq Scan', 'Parent Relationship': 'Outer', 'Parallel Aware': False, 'Async Capable': False, 'Relation Name': 'patients', 'Alias': 'p', 'Startup Cost': 0.0, 'Total Cost': 2083.0, 'Plan Rows': 24947, 'Plan Width': 10, 'Disabled': False, 'Filter': ""((city)::text = 'Delhi'::text)""}]}]}]}]}]}}",97.36540005542338
Q89,2,"SELECT *
            FROM patients
            WHERE city = 'Mumbai';","{'Plan': {'Node Type': 'Seq Scan', 'Parallel Aware': False, 'Async Capable': False, 'Relation Name': 'patients', 'Alias': 'patients', 'Startup Cost': 0.0, 'Total Cost': 2083.0, 'Plan Rows': 25007, 'Plan Width': 32, 'Disabled': False, 'Filter': ""((city)::text = 'Mumbai'::text)""}}",31.310199992731214
Q90,1,"SELECT *
            FROM patients
            WHERE age > 66;","{'Plan': {'Node Type': 'Seq Scan', 'Parallel Aware': False, 'Async Capable': False, 'Relation Name': 'patients', 'Alias': 'patients', 'Startup Cost': 0.0, 'Total Cost': 2083.0, 'Plan Rows': 22193, 'Plan Width': 32, 'Disabled': False, 'Filter': '(age > 66)'}}",35.9444001223892
Q91,4,"SELECT p.name, a.appointment_date
            FROM patients p
            JOIN appointments a
            ON p.patient_id = a.patient_id;","{'Plan': {'Node Type': 'Hash Join', 'Parallel Aware': False, 'Async Capable': False, 'Join Type': 'Inner', 'Startup Cost': 3083.0, 'Total Cost': 13072.56, 'Plan Rows': 500000, 'Plan Width': 17, 'Disabled': False, 'Inner Unique': True, 'Hash Cond': '(a.patient_id = p.patient_id)', 'Plans': [{'Node Type': 'Seq Scan', 'Parent Relationship': 'Outer', 'Parallel Aware': False, 'Async Capable': False, 'Relation Name': 'appointments', 'Alias': 'a', 'Startup Cost': 0.0, 'Total Cost': 8677.0, 'Plan Rows': 500000, 'Plan Width': 8, 'Disabled': False}, {'Node Type': 'Hash', 'Parent Relationship': 'Inner', 'Parallel Aware': False, 'Async Capable': False, 'Startup Cost': 1833.0, 'Total Cost': 1833.0, 'Plan Rows': 100000, 'Plan Width': 17, 'Disabled': False, 'Plans': [{'Node Type': 'Seq Scan', 'Parent Relationship': 'Outer', 'Parallel Aware': False, 'Async Capable': False, 'Relation Name': 'patients', 'Alias': 'p', 'Startup Cost': 0.0, 'Total Cost': 1833.0, 'Plan Rows': 100000, 'Plan Width': 17, 'Disabled': False}]}]}}",683.8144999928772
Q92,2,"SELECT *
            FROM patients
            WHERE city = 'Lucknow';","{'Plan': {'Node Type': 'Seq Scan', 'Parallel Aware': False, 'Async Capable': False, 'Relation Name': 'patients', 'Alias': 'patients', 'Startup Cost': 0.0, 'Total Cost': 2083.0, 'Plan Rows': 24850, 'Plan Width': 32, 'Disabled': False, 'Filter': ""((city)::text = 'Lucknow'::text)""}}",29.27669999189675
Q93,5,"SELECT p.city, COUNT(a.appointment_id)
            FROM patients p
            JOIN appointments a
            ON p.patient_id = a.patient_id
            WHERE p.city = 'Kanpur'
            GROUP BY p.city;","{'Plan': {'Node Type': 'Aggregate', 'Strategy': 'Sorted', 'Partial Mode': 'Finalize', 'Parallel Aware': False, 'Async Capable': False, 'Startup Cost': 3397.96, 'Total Cost': 9836.65, 'Plan Rows': 1, 'Plan Width': 14, 'Disabled': False, 'Plans': [{'Node Type': 'Gather', 'Parent Relationship': 'Outer', 'Parallel Aware': False, 'Async Capable': False, 'Startup Cost': 3397.96, 'Total Cost': 9836.64, 'Plan Rows': 2, 'Plan Width': 14, 'Disabled': False, 'Workers Planned': 2, 'Single Copy': False, 'Plans': [{'Node Type': 'Aggregate', 'Strategy': 'Sorted', 'Partial Mode': 'Partial', 'Parent Relationship': 'Outer', 'Parallel Aware': False, 'Async Capable': False, 'Startup Cost': 2397.96, 'Total Cost': 8836.44, 'Plan Rows': 1, 'Plan Width': 14, 'Disabled': False, 'Plans': [{'Node Type': 'Hash Join', 'Parent Relationship': 'Outer', 'Parallel Aware': False, 'Async Capable': False, 'Join Type': 'Inner', 'Startup Cost': 2397.96, 'Total Cost': 8705.19, 'Plan Rows': 52494, 'Plan Width': 10, 'Disabled': False, 'Inner Unique': True, 'Hash Cond': '(a.patient_id = p.patient_id)', 'Plans': [{'Node Type': 'Seq Scan', 'Parent Relationship': 'Outer', 'Parallel Aware': True, 'Async Capable': False, 'Relation Name': 'appointments', 'Alias': 'a', 'Startup Cost': 0.0, 'Total Cost': 5760.33, 'Plan Rows': 208333, 'Plan Width': 8, 'Disabled': False}, {'Node Type': 'Hash', 'Parent Relationship': 'Inner', 'Parallel Aware': False, 'Async Capable': False, 'Startup Cost': 2083.0, 'Total Cost': 2083.0, 'Plan Rows': 25197, 'Plan Width': 10, 'Disabled': False, 'Plans': [{'Node Type': 'Seq Scan', 'Parent Relationship': 'Outer', 'Parallel Aware': False, 'Async Capable': False, 'Relation Name': 'patients', 'Alias': 'p', 'Startup Cost': 0.0, 'Total Cost': 2083.0, 'Plan Rows': 25197, 'Plan Width': 10, 'Disabled': False, 'Filter': ""((city)::text = 'Kanpur'::text)""}]}]}]}]}]}}",155.37809999659657
Q94,5,"SELECT p.city, COUNT(a.appointment_id)
            FROM patients p
            JOIN appointments a
            ON p.patient_id = a.patient_id
            WHERE p.city = 'Lucknow'
            GROUP BY p.city;","{'Plan': {'Node Type': 'Aggregate', 'Strategy': 'Sorted', 'Partial Mode': 'Finalize', 'Parallel Aware': False, 'Async Capable': False, 'Startup Cost': 3393.62, 'Total Cost': 9830.51, 'Plan Rows': 1, 'Plan Width': 14, 'Disabled': False, 'Plans': [{'Node Type': 'Gather', 'Parent Relationship': 'Outer', 'Parallel Aware': False, 'Async Capable': False, 'Startup Cost': 3393.62, 'Total Cost': 9830.49, 'Plan Rows': 2, 'Plan Width': 14, 'Disabled': False, 'Workers Planned': 2, 'Single Copy': False, 'Plans': [{'Node Type': 'Aggregate', 'Strategy': 'Sorted', 'Partial Mode': 'Partial', 'Parent Relationship': 'Outer', 'Parallel Aware': False, 'Async Capable': False, 'Startup Cost': 2393.62, 'Total Cost': 8830.29, 'Plan Rows': 1, 'Plan Width': 14, 'Disabled': False, 'Plans': [{'Node Type': 'Hash Join', 'Parent Relationship': 'Outer', 'Parallel Aware': False, 'Async Capable': False, 'Join Type': 'Inner', 'Startup Cost': 2393.62, 'Total Cost': 8700.85, 'Plan Rows': 51771, 'Plan Width': 10, 'Disabled': False, 'Inner Unique': True, 'Hash Cond': '(a.patient_id = p.patient_id)', 'Plans': [{'Node Type': 'Seq Scan', 'Parent Relationship': 'Outer', 'Parallel Aware': True, 'Async Capable': False, 'Relation Name': 'appointments', 'Alias': 'a', 'Startup Cost': 0.0, 'Total Cost': 5760.33, 'Plan Rows': 208333, 'Plan Width': 8, 'Disabled': False}, {'Node Type': 'Hash', 'Parent Relationship': 'Inner', 'Parallel Aware': False, 'Async Capable': False, 'Startup Cost': 2083.0, 'Total Cost': 2083.0, 'Plan Rows': 24850, 'Plan Width': 10, 'Disabled': False, 'Plans': [{'Node Type': 'Seq Scan', 'Parent Relationship': 'Outer', 'Parallel Aware': False, 'Async Capable': False, 'Relation Name': 'patients', 'Alias': 'p', 'Startup Cost': 0.0, 'Total Cost': 2083.0, 'Plan Rows': 24850, 'Plan Width': 10, 'Disabled': False, 'Filter': ""((city)::text = 'Lucknow'::text)""}]}]}]}]}]}}",83.92569981515408
Q95,2,"SELECT *
            FROM patients
            WHERE city = 'Kanpur';","{'Plan': {'Node Type': 'Seq Scan', 'Parallel Aware': False, 'Async Capable': False, 'Relation Name': 'patients', 'Alias': 'patients', 'Startup Cost': 0.0, 'Total Cost': 2083.0, 'Plan Rows': 25197, 'Plan Width': 32, 'Disabled': False, 'Filter': ""((city)::text = 'Kanpur'::text)""}}",40.537500055506825
Q96,5,"SELECT p.city, COUNT(a.appointment_id)
            FROM patients p
            JOIN appointments a
            ON p.patient_id = a.patient_id
            WHERE p.city = 'Mumbai'
            GROUP BY p.city;","{'Plan': {'Node Type': 'Aggregate', 'Strategy': 'Sorted', 'Partial Mode': 'Finalize', 'Parallel Aware': False, 'Async Capable': False, 'Startup Cost': 3395.59, 'Total Cost': 9833.29, 'Plan Rows': 1, 'Plan Width': 14, 'Disabled': False, 'Plans': [{'Node Type': 'Gather', 'Parent Relationship': 'Outer', 'Parallel Aware': False, 'Async Capable': False, 'Startup Cost': 3395.59, 'Total Cost': 9833.27, 'Plan Rows': 2, 'Plan Width': 14, 'Disabled': False, 'Workers Planned': 2, 'Single Copy': False, 'Plans': [{'Node Type': 'Aggregate', 'Strategy': 'Sorted', 'Partial Mode': 'Partial', 'Parent Relationship': 'Outer', 'Parallel Aware': False, 'Async Capable': False, 'Startup Cost': 2395.59, 'Total Cost': 8833.07, 'Plan Rows': 1, 'Plan Width': 14, 'Disabled': False, 'Plans': [{'Node Type': 'Hash Join', 'Parent Relationship': 'Outer', 'Parallel Aware': False, 'Async Capable': False, 'Join Type': 'Inner', 'Startup Cost': 2395.59, 'Total Cost': 8702.82, 'Plan Rows': 52098, 'Plan Width': 10, 'Disabled': False, 'Inner Unique': True, 'Hash Cond': '(a.patient_id = p.patient_id)', 'Plans': [{'Node Type': 'Seq Scan', 'Parent Relationship': 'Outer', 'Parallel Aware': True, 'Async Capable': False, 'Relation Name': 'appointments', 'Alias': 'a', 'Startup Cost': 0.0, 'Total Cost': 5760.33, 'Plan Rows': 208333, 'Plan Width': 8, 'Disabled': False}, {'Node Type': 'Hash', 'Parent Relationship': 'Inner', 'Parallel Aware': False, 'Async Capable': False, 'Startup Cost': 2083.0, 'Total Cost': 2083.0, 'Plan Rows': 25007, 'Plan Width': 10, 'Disabled': False, 'Plans': [{'Node Type': 'Seq Scan', 'Parent Relationship': 'Outer', 'Parallel Aware': False, 'Async Capable': False, 'Relation Name': 'patients', 'Alias': 'p', 'Startup Cost': 0.0, 'Total Cost': 2083.0, 'Plan Rows': 25007, 'Plan Width': 10, 'Disabled': False, 'Filter': ""((city)::text = 'Mumbai'::text)""}]}]}]}]}]}}",90.71529982611537
Q97,3,"SELECT city, COUNT(*)
            FROM patients
            GROUP BY city;","{'Plan': {'Node Type': 'Aggregate', 'Strategy': 'Hashed', 'Partial Mode': 'Simple', 'Parallel Aware': False, 'Async Capable': False, 'Startup Cost': 2333.0, 'Total Cost': 2333.04, 'Plan Rows': 4, 'Plan Width': 14, 'Disabled': False, 'Group Key': ['city'], 'Planned Partitions': 0, 'Plans': [{'Node Type': 'Seq Scan', 'Parent Relationship': 'Outer', 'Parallel Aware': False, 'Async Capable': False, 'Relation Name': 'patients', 'Alias': 'patients', 'Startup Cost': 0.0, 'Total Cost': 1833.0, 'Plan Rows': 100000, 'Plan Width': 6, 'Disabled': False}]}}",22.806499851867557
Q98,5,"SELECT p.city, COUNT(a.appointment_id)
            FROM patients p
            JOIN appointments a
            ON p.patient_id = a.patient_id
            WHERE p.city = 'Delhi'
            GROUP BY p.city;","{'Plan': {'Node Type': 'Aggregate', 'Strategy': 'Sorted', 'Partial Mode': 'Finalize', 'Parallel Aware': False, 'Async Capable': False, 'Startup Cost': 3394.84, 'Total Cost': 9832.22, 'Plan Rows': 1, 'Plan Width': 14, 'Disabled': False, 'Plans': [{'Node Type': 'Gather', 'Parent Relationship': 'Outer', 'Parallel Aware': False, 'Async Capable': False, 'Startup Cost': 3394.84, 'Total Cost': 9832.21, 'Plan Rows': 2, 'Plan Width': 14, 'Disabled': False, 'Workers Planned': 2, 'Single Copy': False, 'Plans': [{'Node Type': 'Aggregate', 'Strategy': 'Sorted', 'Partial Mode': 'Partial', 'Parent Relationship': 'Outer', 'Parallel Aware': False, 'Async Capable': False, 'Startup Cost': 2394.84, 'Total Cost': 8832.01, 'Plan Rows': 1, 'Plan Width': 14, 'Disabled': False, 'Plans': [{'Node Type': 'Hash Join', 'Parent Relationship': 'Outer', 'Parallel Aware': False, 'Async Capable': False, 'Join Type': 'Inner', 'Startup Cost': 2394.84, 'Total Cost': 8702.07, 'Plan Rows': 51973, 'Plan Width': 10, 'Disabled': False, 'Inner Unique': True, 'Hash Cond': '(a.patient_id = p.patient_id)', 'Plans': [{'Node Type': 'Seq Scan', 'Parent Relationship': 'Outer', 'Parallel Aware': True, 'Async Capable': False, 'Relation Name': 'appointments', 'Alias': 'a', 'Startup Cost': 0.0, 'Total Cost': 5760.33, 'Plan Rows': 208333, 'Plan Width': 8, 'Disabled': False}, {'Node Type': 'Hash', 'Parent Relationship': 'Inner', 'Parallel Aware': False, 'Async Capable': False, 'Startup Cost': 2083.0, 'Total Cost': 2083.0, 'Plan Rows': 24947, 'Plan Width': 10, 'Disabled': False, 'Plans': [{'Node Type': 'Seq Scan', 'Parent Relationship': 'Outer', 'Parallel Aware': False, 'Async Capable': False, 'Relation Name': 'patients', 'Alias': 'p', 'Startup Cost': 0.0, 'Total Cost': 2083.0, 'Plan Rows': 24947, 'Plan Width': 10, 'Disabled': False, 'Filter': ""((city)::text = 'Delhi'::text)""}]}]}]}]}]}}",86.2871001008898
Q99,2,"SELECT *
            FROM patients
            WHERE city = 'Delhi';","{'Plan': {'Node Type': 'Seq Scan', 'Parallel Aware': False, 'Async Capable': False, 'Relation Name': 'patients', 'Alias': 'patients', 'Startup Cost': 0.0, 'Total Cost': 2083.0, 'Plan Rows': 24947, 'Plan Width': 32, 'Disabled': False, 'Filter': ""((city)::text = 'Delhi'::text)""}}",40.49659986048937
Q100,3,"SELECT city, COUNT(*)
            FROM patients
            GROUP BY city;","{'Plan': {'Node Type': 'Aggregate', 'Strategy': 'Hashed', 'Partial Mode': 'Simple', 'Parallel Aware': False, 'Async Capable': False, 'Startup Cost': 2333.0, 'Total Cost': 2333.04, 'Plan Rows': 4, 'Plan Width': 14, 'Disabled': False, 'Group Key': ['city'], 'Planned Partitions': 0, 'Plans': [{'Node Type': 'Seq Scan', 'Parent Relationship': 'Outer', 'Parallel Aware': False, 'Async Capable': False, 'Relation Name': 'patients', 'Alias': 'patients', 'Startup Cost': 0.0, 'Total Cost': 1833.0, 'Plan Rows': 100000, 'Plan Width': 6, 'Disabled': False}]}}",27.315699961036444
Q101,2,"SELECT *
            FROM patients
            WHERE city = 'Kanpur';","{'Plan': {'Node Type': 'Seq Scan', 'Parallel Aware': False, 'Async Capable': False, 'Relation Name': 'patients', 'Alias': 'patients', 'Startup Cost': 0.0, 'Total Cost': 2083.0, 'Plan Rows': 25197, 'Plan Width': 32, 'Disabled': False, 'Filter': ""((city)::text = 'Kanpur'::text)""}}",41.919799987226725
Q102,5,"SELECT p.city, COUNT(a.appointment_id)
            FROM patients p
            JOIN appointments a
            ON p.patient_id = a.patient_id
            WHERE p.city = 'Mumbai'
            GROUP BY p.city;","{'Plan': {'Node Type': 'Aggregate', 'Strategy': 'Sorted', 'Partial Mode': 'Finalize', 'Parallel Aware': False, 'Async Capable': False, 'Startup Cost': 3395.59, 'Total Cost': 9833.29, 'Plan Rows': 1, 'Plan Width': 14, 'Disabled': False, 'Plans': [{'Node Type': 'Gather', 'Parent Relationship': 'Outer', 'Parallel Aware': False, 'Async Capable': False, 'Startup Cost': 3395.59, 'Total Cost': 9833.27, 'Plan Rows': 2, 'Plan Width': 14, 'Disabled': False, 'Workers Planned': 2, 'Single Copy': False, 'Plans': [{'Node Type': 'Aggregate', 'Strategy': 'Sorted', 'Partial Mode': 'Partial', 'Parent Relationship': 'Outer', 'Parallel Aware': False, 'Async Capable': False, 'Startup Cost': 2395.59, 'Total Cost': 8833.07, 'Plan Rows': 1, 'Plan Width': 14, 'Disabled': False, 'Plans': [{'Node Type': 'Hash Join', 'Parent Relationship': 'Outer', 'Parallel Aware': False, 'Async Capable': False, 'Join Type': 'Inner', 'Startup Cost': 2395.59, 'Total Cost': 8702.82, 'Plan Rows': 52098, 'Plan Width': 10, 'Disabled': False, 'Inner Unique': True, 'Hash Cond': '(a.patient_id = p.patient_id)', 'Plans': [{'Node Type': 'Seq Scan', 'Parent Relationship': 'Outer', 'Parallel Aware': True, 'Async Capable': False, 'Relation Name': 'appointments', 'Alias': 'a', 'Startup Cost': 0.0, 'Total Cost': 5760.33, 'Plan Rows': 208333, 'Plan Width': 8, 'Disabled': False}, {'Node Type': 'Hash', 'Parent Relationship': 'Inner', 'Parallel Aware': False, 'Async Capable': False, 'Startup Cost': 2083.0, 'Total Cost': 2083.0, 'Plan Rows': 25007, 'Plan Width': 10, 'Disabled': False, 'Plans': [{'Node Type': 'Seq Scan', 'Parent Relationship': 'Outer', 'Parallel Aware': False, 'Async Capable': False, 'Relation Name': 'patients', 'Alias': 'p', 'Startup Cost': 0.0, 'Total Cost': 2083.0, 'Plan Rows': 25007, 'Plan Width': 10, 'Disabled': False, 'Filter': ""((city)::text = 'Mumbai'::text)""}]}]}]}]}]}}",148.6625000834465
Q103,5,"SELECT p.city, COUNT(a.appointment_id)
            FROM patients p
            JOIN appointments a
            ON p.patient_id = a.patient_id
            WHERE p.city = 'Kanpur'
            GROUP BY p.city;","{'Plan': {'Node Type': 'Aggregate', 'Strategy': 'Sorted', 'Partial Mode': 'Finalize', 'Parallel Aware': False, 'Async Capable': False, 'Startup Cost': 3397.96, 'Total Cost': 9836.65, 'Plan Rows': 1, 'Plan Width': 14, 'Disabled': False, 'Plans': [{'Node Type': 'Gather', 'Parent Relationship': 'Outer', 'Parallel Aware': False, 'Async Capable': False, 'Startup Cost': 3397.96, 'Total Cost': 9836.64, 'Plan Rows': 2, 'Plan Width': 14, 'Disabled': False, 'Workers Planned': 2, 'Single Copy': False, 'Plans': [{'Node Type': 'Aggregate', 'Strategy': 'Sorted', 'Partial Mode': 'Partial', 'Parent Relationship': 'Outer', 'Parallel Aware': False, 'Async Capable': False, 'Startup Cost': 2397.96, 'Total Cost': 8836.44, 'Plan Rows': 1, 'Plan Width': 14, 'Disabled': False, 'Plans': [{'Node Type': 'Hash Join', 'Parent Relationship': 'Outer', 'Parallel Aware': False, 'Async Capable': False, 'Join Type': 'Inner', 'Startup Cost': 2397.96, 'Total Cost': 8705.19, 'Plan Rows': 52494, 'Plan Width': 10, 'Disabled': False, 'Inner Unique': True, 'Hash Cond': '(a.patient_id = p.patient_id)', 'Plans': [{'Node Type': 'Seq Scan', 'Parent Relationship': 'Outer', 'Parallel Aware': True, 'Async Capable': False, 'Relation Name': 'appointments', 'Alias': 'a', 'Startup Cost': 0.0, 'Total Cost': 5760.33, 'Plan Rows': 208333, 'Plan Width': 8, 'Disabled': False}, {'Node Type': 'Hash', 'Parent Relationship': 'Inner', 'Parallel Aware': False, 'Async Capable': False, 'Startup Cost': 2083.0, 'Total Cost': 2083.0, 'Plan Rows': 25197, 'Plan Width': 10, 'Disabled': False, 'Plans': [{'Node Type': 'Seq Scan', 'Parent Relationship': 'Outer', 'Parallel Aware': False, 'Async Capable': False, 'Relation Name': 'patients', 'Alias': 'p', 'Startup Cost': 0.0, 'Total Cost': 2083.0, 'Plan Rows': 25197, 'Plan Width': 10, 'Disabled': False, 'Filter': ""((city)::text = 'Kanpur'::text)""}]}]}]}]}]}}",109.32109993882477
Q104,1,"SELECT *
            FROM patients
            WHERE age > 60;","{'Plan': {'Node Type': 'Seq Scan', 'Parallel Aware': False, 'Async Capable': False, 'Relation Name': 'patients', 'Alias': 'patients', 'Startup Cost': 0.0, 'Total Cost': 2083.0, 'Plan Rows': 31347, 'Plan Width': 32, 'Disabled': False, 'Filter': '(age > 60)'}}",39.45489996112883
Q105,5,"SELECT p.city, COUNT(a.appointment_id)
            FROM patients p
            JOIN appointments a
            ON p.patient_id = a.patient_id
            WHERE p.city = 'Delhi'
            GROUP BY p.city;","{'Plan': {'Node Type': 'Aggregate', 'Strategy': 'Sorted', 'Partial Mode': 'Finalize', 'Parallel Aware': False, 'Async Capable': False, 'Startup Cost': 3394.84, 'Total Cost': 9832.22, 'Plan Rows': 1, 'Plan Width': 14, 'Disabled': False, 'Plans': [{'Node Type': 'Gather', 'Parent Relationship': 'Outer', 'Parallel Aware': False, 'Async Capable': False, 'Startup Cost': 3394.84, 'Total Cost': 9832.21, 'Plan Rows': 2, 'Plan Width': 14, 'Disabled': False, 'Workers Planned': 2, 'Single Copy': False, 'Plans': [{'Node Type': 'Aggregate', 'Strategy': 'Sorted', 'Partial Mode': 'Partial', 'Parent Relationship': 'Outer', 'Parallel Aware': False, 'Async Capable': False, 'Startup Cost': 2394.84, 'Total Cost': 8832.01, 'Plan Rows': 1, 'Plan Width': 14, 'Disabled': False, 'Plans': [{'Node Type': 'Hash Join', 'Parent Relationship': 'Outer', 'Parallel Aware': False, 'Async Capable': False, 'Join Type': 'Inner', 'Startup Cost': 2394.84, 'Total Cost': 8702.07, 'Plan Rows': 51973, 'Plan Width': 10, 'Disabled': False, 'Inner Unique': True, 'Hash Cond': '(a.patient_id = p.patient_id)', 'Plans': [{'Node Type': 'Seq Scan', 'Parent Relationship': 'Outer', 'Parallel Aware': True, 'Async Capable': False, 'Relation Name': 'appointments', 'Alias': 'a', 'Startup Cost': 0.0, 'Total Cost': 5760.33, 'Plan Rows': 208333, 'Plan Width': 8, 'Disabled': False}, {'Node Type': 'Hash', 'Parent Relationship': 'Inner', 'Parallel Aware': False, 'Async Capable': False, 'Startup Cost': 2083.0, 'Total Cost': 2083.0, 'Plan Rows': 24947, 'Plan Width': 10, 'Disabled': False, 'Plans': [{'Node Type': 'Seq Scan', 'Parent Relationship': 'Outer', 'Parallel Aware': False, 'Async Capable': False, 'Relation Name': 'patients', 'Alias': 'p', 'Startup Cost': 0.0, 'Total Cost': 2083.0, 'Plan Rows': 24947, 'Plan Width': 10, 'Disabled': False, 'Filter': ""((city)::text = 'Delhi'::text)""}]}]}]}]}]}}",98.84210000745952
Q106,4,"SELECT p.name, a.appointment_date
            FROM patients p
            JOIN appointments a
            ON p.patient_id = a.patient_id;","{'Plan': {'Node Type': 'Hash Join', 'Parallel Aware': False, 'Async Capable': False, 'Join Type': 'Inner', 'Startup Cost': 3083.0, 'Total Cost': 13072.56, 'Plan Rows': 500000, 'Plan Width': 17, 'Disabled': False, 'Inner Unique': True, 'Hash Cond': '(a.patient_id = p.patient_id)', 'Plans': [{'Node Type': 'Seq Scan', 'Parent Relationship': 'Outer', 'Parallel Aware': False, 'Async Capable': False, 'Relation Name': 'appointments', 'Alias': 'a', 'Startup Cost': 0.0, 'Total Cost': 8677.0, 'Plan Rows': 500000, 'Plan Width': 8, 'Disabled': False}, {'Node Type': 'Hash', 'Parent Relationship': 'Inner', 'Parallel Aware': False, 'Async Capable': False, 'Startup Cost': 1833.0, 'Total Cost': 1833.0, 'Plan Rows': 100000, 'Plan Width': 17, 'Disabled': False, 'Plans': [{'Node Type': 'Seq Scan', 'Parent Relationship': 'Outer', 'Parallel Aware': False, 'Async Capable': False, 'Relation Name': 'patients', 'Alias': 'p', 'Startup Cost': 0.0, 'Total Cost': 1833.0, 'Plan Rows': 100000, 'Plan Width': 17, 'Disabled': False}]}]}}",574.4632000569254
Q107,5,"SELECT p.city, COUNT(a.appointment_id)
            FROM patients p
            JOIN appointments a
            ON p.patient_id = a.patient_id
            WHERE p.city = 'Delhi'
            GROUP BY p.city;","{'Plan': {'Node Type': 'Aggregate', 'Strategy': 'Sorted', 'Partial Mode': 'Finalize', 'Parallel Aware': False, 'Async Capable': False, 'Startup Cost': 3394.84, 'Total Cost': 9832.22, 'Plan Rows': 1, 'Plan Width': 14, 'Disabled': False, 'Plans': [{'Node Type': 'Gather', 'Parent Relationship': 'Outer', 'Parallel Aware': False, 'Async Capable': False, 'Startup Cost': 3394.84, 'Total Cost': 9832.21, 'Plan Rows': 2, 'Plan Width': 14, 'Disabled': False, 'Workers Planned': 2, 'Single Copy': False, 'Plans': [{'Node Type': 'Aggregate', 'Strategy': 'Sorted', 'Partial Mode': 'Partial', 'Parent Relationship': 'Outer', 'Parallel Aware': False, 'Async Capable': False, 'Startup Cost': 2394.84, 'Total Cost': 8832.01, 'Plan Rows': 1, 'Plan Width': 14, 'Disabled': False, 'Plans': [{'Node Type': 'Hash Join', 'Parent Relationship': 'Outer', 'Parallel Aware': False, 'Async Capable': False, 'Join Type': 'Inner', 'Startup Cost': 2394.84, 'Total Cost': 8702.07, 'Plan Rows': 51973, 'Plan Width': 10, 'Disabled': False, 'Inner Unique': True, 'Hash Cond': '(a.patient_id = p.patient_id)', 'Plans': [{'Node Type': 'Seq Scan', 'Parent Relationship': 'Outer', 'Parallel Aware': True, 'Async Capable': False, 'Relation Name': 'appointments', 'Alias': 'a', 'Startup Cost': 0.0, 'Total Cost': 5760.33, 'Plan Rows': 208333, 'Plan Width': 8, 'Disabled': False}, {'Node Type': 'Hash', 'Parent Relationship': 'Inner', 'Parallel Aware': False, 'Async Capable': False, 'Startup Cost': 2083.0, 'Total Cost': 2083.0, 'Plan Rows': 24947, 'Plan Width': 10, 'Disabled': False, 'Plans': [{'Node Type': 'Seq Scan', 'Parent Relationship': 'Outer', 'Parallel Aware': False, 'Async Capable': False, 'Relation Name': 'patients', 'Alias': 'p', 'Startup Cost': 0.0, 'Total Cost': 2083.0, 'Plan Rows': 24947, 'Plan Width': 10, 'Disabled': False, 'Filter': ""((city)::text = 'Delhi'::text)""}]}]}]}]}]}}",83.40939995832741
Q108,2,"SELECT *
            FROM patients
            WHERE city = 'Delhi';","{'Plan': {'Node Type': 'Seq Scan', 'Parallel Aware': False, 'Async Capable': False, 'Relation Name': 'patients', 'Alias': 'patients', 'Startup Cost': 0.0, 'Total Cost': 2083.0, 'Plan Rows': 24947, 'Plan Width': 32, 'Disabled': False, 'Filter': ""((city)::text = 'Delhi'::text)""}}",38.79870008677244
Q109,2,"SELECT *
            FROM patients
            WHERE city = 'Lucknow';","{'Plan': {'Node Type': 'Seq Scan', 'Parallel Aware': False, 'Async Capable': False, 'Relation Name': 'patients', 'Alias': 'patients', 'Startup Cost': 0.0, 'Total Cost': 2083.0, 'Plan Rows': 24850, 'Plan Width': 32, 'Disabled': False, 'Filter': ""((city)::text = 'Lucknow'::text)""}}",32.03379991464317
Q110,1,"SELECT *
            FROM patients
            WHERE age > 27;","{'Plan': {'Node Type': 'Seq Scan', 'Parallel Aware': False, 'Async Capable': False, 'Relation Name': 'patients', 'Alias': 'patients', 'Startup Cost': 0.0, 'Total Cost': 2083.0, 'Plan Rows': 84117, 'Plan Width': 32, 'Disabled': False, 'Filter': '(age > 27)'}}",96.30590002052486
Q111,5,"SELECT p.city, COUNT(a.appointment_id)
            FROM patients p
            JOIN appointments a
            ON p.patient_id = a.patient_id
            WHERE p.city = 'Kanpur'
            GROUP BY p.city;","{'Plan': {'Node Type': 'Aggregate', 'Strategy': 'Sorted', 'Partial Mode': 'Finalize', 'Parallel Aware': False, 'Async Capable': False, 'Startup Cost': 3397.96, 'Total Cost': 9836.65, 'Plan Rows': 1, 'Plan Width': 14, 'Disabled': False, 'Plans': [{'Node Type': 'Gather', 'Parent Relationship': 'Outer', 'Parallel Aware': False, 'Async Capable': False, 'Startup Cost': 3397.96, 'Total Cost': 9836.64, 'Plan Rows': 2, 'Plan Width': 14, 'Disabled': False, 'Workers Planned': 2, 'Single Copy': False, 'Plans': [{'Node Type': 'Aggregate', 'Strategy': 'Sorted', 'Partial Mode': 'Partial', 'Parent Relationship': 'Outer', 'Parallel Aware': False, 'Async Capable': False, 'Startup Cost': 2397.96, 'Total Cost': 8836.44, 'Plan Rows': 1, 'Plan Width': 14, 'Disabled': False, 'Plans': [{'Node Type': 'Hash Join', 'Parent Relationship': 'Outer', 'Parallel Aware': False, 'Async Capable': False, 'Join Type': 'Inner', 'Startup Cost': 2397.96, 'Total Cost': 8705.19, 'Plan Rows': 52494, 'Plan Width': 10, 'Disabled': False, 'Inner Unique': True, 'Hash Cond': '(a.patient_id = p.patient_id)', 'Plans': [{'Node Type': 'Seq Scan', 'Parent Relationship': 'Outer', 'Parallel Aware': True, 'Async Capable': False, 'Relation Name': 'appointments', 'Alias': 'a', 'Startup Cost': 0.0, 'Total Cost': 5760.33, 'Plan Rows': 208333, 'Plan Width': 8, 'Disabled': False}, {'Node Type': 'Hash', 'Parent Relationship': 'Inner', 'Parallel Aware': False, 'Async Capable': False, 'Startup Cost': 2083.0, 'Total Cost': 2083.0, 'Plan Rows': 25197, 'Plan Width': 10, 'Disabled': False, 'Plans': [{'Node Type': 'Seq Scan', 'Parent Relationship': 'Outer', 'Parallel Aware': False, 'Async Capable': False, 'Relation Name': 'patients', 'Alias': 'p', 'Startup Cost': 0.0, 'Total Cost': 2083.0, 'Plan Rows': 25197, 'Plan Width': 10, 'Disabled': False, 'Filter': ""((city)::text = 'Kanpur'::text)""}]}]}]}]}]}}",86.24730003066361
Q112,2,"SELECT *
            FROM patients
            WHERE city = 'Kanpur';","{'Plan': {'Node Type': 'Seq Scan', 'Parallel Aware': False, 'Async Capable': False, 'Relation Name': 'patients', 'Alias': 'patients', 'Startup Cost': 0.0, 'Total Cost': 2083.0, 'Plan Rows': 25197, 'Plan Width': 32, 'Disabled': False, 'Filter': ""((city)::text = 'Kanpur'::text)""}}",40.40469997562468
Q113,3,"SELECT city, COUNT(*)
            FROM patients
            GROUP BY city;","{'Plan': {'Node Type': 'Aggregate', 'Strategy': 'Hashed', 'Partial Mode': 'Simple', 'Parallel Aware': False, 'Async Capable': False, 'Startup Cost': 2333.0, 'Total Cost': 2333.04, 'Plan Rows': 4, 'Plan Width': 14, 'Disabled': False, 'Group Key': ['city'], 'Planned Partitions': 0, 'Plans': [{'Node Type': 'Seq Scan', 'Parent Relationship': 'Outer', 'Parallel Aware': False, 'Async Capable': False, 'Relation Name': 'patients', 'Alias': 'patients', 'Startup Cost': 0.0, 'Total Cost': 1833.0, 'Plan Rows': 100000, 'Plan Width': 6, 'Disabled': False}]}}",20.518200006335974
Q114,1,"SELECT *
            FROM patients
            WHERE age > 61;","{'Plan': {'Node Type': 'Seq Scan', 'Parallel Aware': False, 'Async Capable': False, 'Relation Name': 'patients', 'Alias': 'patients', 'Startup Cost': 0.0, 'Total Cost': 2083.0, 'Plan Rows': 29877, 'Plan Width': 32, 'Disabled': False, 'Filter': '(age > 61)'}}",34.86469993367791
Q115,3,"SELECT city, COUNT(*)
            FROM patients
            GROUP BY city;","{'Plan': {'Node Type': 'Aggregate', 'Strategy': 'Hashed', 'Partial Mode': 'Simple', 'Parallel Aware': False, 'Async Capable': False, 'Startup Cost': 2333.0, 'Total Cost': 2333.04, 'Plan Rows': 4, 'Plan Width': 14, 'Disabled': False, 'Group Key': ['city'], 'Planned Partitions': 0, 'Plans': [{'Node Type': 'Seq Scan', 'Parent Relationship': 'Outer', 'Parallel Aware': False, 'Async Capable': False, 'Relation Name': 'patients', 'Alias': 'patients', 'Startup Cost': 0.0, 'Total Cost': 1833.0, 'Plan Rows': 100000, 'Plan Width': 6, 'Disabled': False}]}}",19.752399995923042
Q116,3,"SELECT city, COUNT(*)
            FROM patients
            GROUP BY city;","{'Plan': {'Node Type': 'Aggregate', 'Strategy': 'Hashed', 'Partial Mode': 'Simple', 'Parallel Aware': False, 'Async Capable': False, 'Startup Cost': 2333.0, 'Total Cost': 2333.04, 'Plan Rows': 4, 'Plan Width': 14, 'Disabled': False, 'Group Key': ['city'], 'Planned Partitions': 0, 'Plans': [{'Node Type': 'Seq Scan', 'Parent Relationship': 'Outer', 'Parallel Aware': False, 'Async Capable': False, 'Relation Name': 'patients', 'Alias': 'patients', 'Startup Cost': 0.0, 'Total Cost': 1833.0, 'Plan Rows': 100000, 'Plan Width': 6, 'Disabled': False}]}}",21.07020001858473
Q117,2,"SELECT *
            FROM patients
            WHERE city = 'Lucknow';","{'Plan': {'Node Type': 'Seq Scan', 'Parallel Aware': False, 'Async Capable': False, 'Relation Name': 'patients', 'Alias': 'patients', 'Startup Cost': 0.0, 'Total Cost': 2083.0, 'Plan Rows': 24850, 'Plan Width': 32, 'Disabled': False, 'Filter': ""((city)::text = 'Lucknow'::text)""}}",38.85580017231405
Q118,3,"SELECT city, COUNT(*)
            FROM patients
            GROUP BY city;","{'Plan': {'Node Type': 'Aggregate', 'Strategy': 'Hashed', 'Partial Mode': 'Simple', 'Parallel Aware': False, 'Async Capable': False, 'Startup Cost': 2333.0, 'Total Cost': 2333.04, 'Plan Rows': 4, 'Plan Width': 14, 'Disabled': False, 'Group Key': ['city'], 'Planned Partitions': 0, 'Plans': [{'Node Type': 'Seq Scan', 'Parent Relationship': 'Outer', 'Parallel Aware': False, 'Async Capable': False, 'Relation Name': 'patients', 'Alias': 'patients', 'Startup Cost': 0.0, 'Total Cost': 1833.0, 'Plan Rows': 100000, 'Plan Width': 6, 'Disabled': False}]}}",20.14949987642467
Q119,5,"SELECT p.city, COUNT(a.appointment_id)
            FROM patients p
            JOIN appointments a
            ON p.patient_id = a.patient_id
            WHERE p.city = 'Lucknow'
            GROUP BY p.city;","{'Plan': {'Node Type': 'Aggregate', 'Strategy': 'Sorted', 'Partial Mode': 'Finalize', 'Parallel Aware': False, 'Async Capable': False, 'Startup Cost': 3393.62, 'Total Cost': 9830.51, 'Plan Rows': 1, 'Plan Width': 14, 'Disabled': False, 'Plans': [{'Node Type': 'Gather', 'Parent Relationship': 'Outer', 'Parallel Aware': False, 'Async Capable': False, 'Startup Cost': 3393.62, 'Total Cost': 9830.49, 'Plan Rows': 2, 'Plan Width': 14, 'Disabled': False, 'Workers Planned': 2, 'Single Copy': False, 'Plans': [{'Node Type': 'Aggregate', 'Strategy': 'Sorted', 'Partial Mode': 'Partial', 'Parent Relationship': 'Outer', 'Parallel Aware': False, 'Async Capable': False, 'Startup Cost': 2393.62, 'Total Cost': 8830.29, 'Plan Rows': 1, 'Plan Width': 14, 'Disabled': False, 'Plans': [{'Node Type': 'Hash Join', 'Parent Relationship': 'Outer', 'Parallel Aware': False, 'Async Capable': False, 'Join Type': 'Inner', 'Startup Cost': 2393.62, 'Total Cost': 8700.85, 'Plan Rows': 51771, 'Plan Width': 10, 'Disabled': False, 'Inner Unique': True, 'Hash Cond': '(a.patient_id = p.patient_id)', 'Plans': [{'Node Type': 'Seq Scan', 'Parent Relationship': 'Outer', 'Parallel Aware': True, 'Async Capable': False, 'Relation Name': 'appointments', 'Alias': 'a', 'Startup Cost': 0.0, 'Total Cost': 5760.33, 'Plan Rows': 208333, 'Plan Width': 8, 'Disabled': False}, {'Node Type': 'Hash', 'Parent Relationship': 'Inner', 'Parallel Aware': False, 'Async Capable': False, 'Startup Cost': 2083.0, 'Total Cost': 2083.0, 'Plan Rows': 24850, 'Plan Width': 10, 'Disabled': False, 'Plans': [{'Node Type': 'Seq Scan', 'Parent Relationship': 'Outer', 'Parallel Aware': False, 'Async Capable': False, 'Relation Name': 'patients', 'Alias': 'p', 'Startup Cost': 0.0, 'Total Cost': 2083.0, 'Plan Rows': 24850, 'Plan Width': 10, 'Disabled': False, 'Filter': ""((city)::text = 'Lucknow'::text)""}]}]}]}]}]}}",95.22309992462397
Q120,3,"SELECT city, COUNT(*)
            FROM patients
            GROUP BY city;","{'Plan': {'Node Type': 'Aggregate', 'Strategy': 'Hashed', 'Partial Mode': 'Simple', 'Parallel Aware': False, 'Async Capable': False, 'Startup Cost': 2333.0, 'Total Cost': 2333.04, 'Plan Rows': 4, 'Plan Width': 14, 'Disabled': False, 'Group Key': ['city'], 'Planned Partitions': 0, 'Plans': [{'Node Type': 'Seq Scan', 'Parent Relationship': 'Outer', 'Parallel Aware': False, 'Async Capable': False, 'Relation Name': 'patients', 'Alias': 'patients', 'Startup Cost': 0.0, 'Total Cost': 1833.0, 'Plan Rows': 100000, 'Plan Width': 6, 'Disabled': False}]}}",26.009000139310956
Q121,4,"SELECT p.name, a.appointment_date
            FROM patients p
            JOIN appointments a
            ON p.patient_id = a.patient_id;","{'Plan': {'Node Type': 'Hash Join', 'Parallel Aware': False, 'Async Capable': False, 'Join Type': 'Inner', 'Startup Cost': 3083.0, 'Total Cost': 13072.56, 'Plan Rows': 500000, 'Plan Width': 17, 'Disabled': False, 'Inner Unique': True, 'Hash Cond': '(a.patient_id = p.patient_id)', 'Plans': [{'Node Type': 'Seq Scan', 'Parent Relationship': 'Outer', 'Parallel Aware': False, 'Async Capable': False, 'Relation Name': 'appointments', 'Alias': 'a', 'Startup Cost': 0.0, 'Total Cost': 8677.0, 'Plan Rows': 500000, 'Plan Width': 8, 'Disabled': False}, {'Node Type': 'Hash', 'Parent Relationship': 'Inner', 'Parallel Aware': False, 'Async Capable': False, 'Startup Cost': 1833.0, 'Total Cost': 1833.0, 'Plan Rows': 100000, 'Plan Width': 17, 'Disabled': False, 'Plans': [{'Node Type': 'Seq Scan', 'Parent Relationship': 'Outer', 'Parallel Aware': False, 'Async Capable': False, 'Relation Name': 'patients', 'Alias': 'p', 'Startup Cost': 0.0, 'Total Cost': 1833.0, 'Plan Rows': 100000, 'Plan Width': 17, 'Disabled': False}]}]}}",775.0333999283612
Q122,3,"SELECT city, COUNT(*)
            FROM patients
            GROUP BY city;","{'Plan': {'Node Type': 'Aggregate', 'Strategy': 'Hashed', 'Partial Mode': 'Simple', 'Parallel Aware': False, 'Async Capable': False, 'Startup Cost': 2333.0, 'Total Cost': 2333.04, 'Plan Rows': 4, 'Plan Width': 14, 'Disabled': False, 'Group Key': ['city'], 'Planned Partitions': 0, 'Plans': [{'Node Type': 'Seq Scan', 'Parent Relationship': 'Outer', 'Parallel Aware': False, 'Async Capable': False, 'Relation Name': 'patients', 'Alias': 'patients', 'Startup Cost': 0.0, 'Total Cost': 1833.0, 'Plan Rows': 100000, 'Plan Width': 6, 'Disabled': False}]}}",13.347999891266227
Q123,2,"SELECT *
            FROM patients
            WHERE city = 'Mumbai';","{'Plan': {'Node Type': 'Seq Scan', 'Parallel Aware': False, 'Async Capable': False, 'Relation Name': 'patients', 'Alias': 'patients', 'Startup Cost': 0.0, 'Total Cost': 2083.0, 'Plan Rows': 25007, 'Plan Width': 32, 'Disabled': False, 'Filter': ""((city)::text = 'Mumbai'::text)""}}",31.55769989825785
Q124,5,"SELECT p.city, COUNT(a.appointment_id)
            FROM patients p
            JOIN appointments a
            ON p.patient_id = a.patient_id
            WHERE p.city = 'Delhi'
            GROUP BY p.city;","{'Plan': {'Node Type': 'Aggregate', 'Strategy': 'Sorted', 'Partial Mode': 'Finalize', 'Parallel Aware': False, 'Async Capable': False, 'Startup Cost': 3394.84, 'Total Cost': 9832.22, 'Plan Rows': 1, 'Plan Width': 14, 'Disabled': False, 'Plans': [{'Node Type': 'Gather', 'Parent Relationship': 'Outer', 'Parallel Aware': False, 'Async Capable': False, 'Startup Cost': 3394.84, 'Total Cost': 9832.21, 'Plan Rows': 2, 'Plan Width': 14, 'Disabled': False, 'Workers Planned': 2, 'Single Copy': False, 'Plans': [{'Node Type': 'Aggregate', 'Strategy': 'Sorted', 'Partial Mode': 'Partial', 'Parent Relationship': 'Outer', 'Parallel Aware': False, 'Async Capable': False, 'Startup Cost': 2394.84, 'Total Cost': 8832.01, 'Plan Rows': 1, 'Plan Width': 14, 'Disabled': False, 'Plans': [{'Node Type': 'Hash Join', 'Parent Relationship': 'Outer', 'Parallel Aware': False, 'Async Capable': False, 'Join Type': 'Inner', 'Startup Cost': 2394.84, 'Total Cost': 8702.07, 'Plan Rows': 51973, 'Plan Width': 10, 'Disabled': False, 'Inner Unique': True, 'Hash Cond': '(a.patient_id = p.patient_id)', 'Plans': [{'Node Type': 'Seq Scan', 'Parent Relationship': 'Outer', 'Parallel Aware': True, 'Async Capable': False, 'Relation Name': 'appointments', 'Alias': 'a', 'Startup Cost': 0.0, 'Total Cost': 5760.33, 'Plan Rows': 208333, 'Plan Width': 8, 'Disabled': False}, {'Node Type': 'Hash', 'Parent Relationship': 'Inner', 'Parallel Aware': False, 'Async Capable': False, 'Startup Cost': 2083.0, 'Total Cost': 2083.0, 'Plan Rows': 24947, 'Plan Width': 10, 'Disabled': False, 'Plans': [{'Node Type': 'Seq Scan', 'Parent Relationship': 'Outer', 'Parallel Aware': False, 'Async Capable': False, 'Relation Name': 'patients', 'Alias': 'p', 'Startup Cost': 0.0, 'Total Cost': 2083.0, 'Plan Rows': 24947, 'Plan Width': 10, 'Disabled': False, 'Filter': ""((city)::text = 'Delhi'::text)""}]}]}]}]}]}}",86.22379996813834
Q125,5,"SELECT p.city, COUNT(a.appointment_id)
            FROM patients p
            JOIN appointments a
            ON p.patient_id = a.patient_id
            WHERE p.city = 'Lucknow'
            GROUP BY p.city;","{'Plan': {'Node Type': 'Aggregate', 'Strategy': 'Sorted', 'Partial Mode': 'Finalize', 'Parallel Aware': False, 'Async Capable': False, 'Startup Cost': 3393.62, 'Total Cost': 9830.51, 'Plan Rows': 1, 'Plan Width': 14, 'Disabled': False, 'Plans': [{'Node Type': 'Gather', 'Parent Relationship': 'Outer', 'Parallel Aware': False, 'Async Capable': False, 'Startup Cost': 3393.62, 'Total Cost': 9830.49, 'Plan Rows': 2, 'Plan Width': 14, 'Disabled': False, 'Workers Planned': 2, 'Single Copy': False, 'Plans': [{'Node Type': 'Aggregate', 'Strategy': 'Sorted', 'Partial Mode': 'Partial', 'Parent Relationship': 'Outer', 'Parallel Aware': False, 'Async Capable': False, 'Startup Cost': 2393.62, 'Total Cost': 8830.29, 'Plan Rows': 1, 'Plan Width': 14, 'Disabled': False, 'Plans': [{'Node Type': 'Hash Join', 'Parent Relationship': 'Outer', 'Parallel Aware': False, 'Async Capable': False, 'Join Type': 'Inner', 'Startup Cost': 2393.62, 'Total Cost': 8700.85, 'Plan Rows': 51771, 'Plan Width': 10, 'Disabled': False, 'Inner Unique': True, 'Hash Cond': '(a.patient_id = p.patient_id)', 'Plans': [{'Node Type': 'Seq Scan', 'Parent Relationship': 'Outer', 'Parallel Aware': True, 'Async Capable': False, 'Relation Name': 'appointments', 'Alias': 'a', 'Startup Cost': 0.0, 'Total Cost': 5760.33, 'Plan Rows': 208333, 'Plan Width': 8, 'Disabled': False}, {'Node Type': 'Hash', 'Parent Relationship': 'Inner', 'Parallel Aware': False, 'Async Capable': False, 'Startup Cost': 2083.0, 'Total Cost': 2083.0, 'Plan Rows': 24850, 'Plan Width': 10, 'Disabled': False, 'Plans': [{'Node Type': 'Seq Scan', 'Parent Relationship': 'Outer', 'Parallel Aware': False, 'Async Capable': False, 'Relation Name': 'patients', 'Alias': 'p', 'Startup Cost': 0.0, 'Total Cost': 2083.0, 'Plan Rows': 24850, 'Plan Width': 10, 'Disabled': False, 'Filter': ""((city)::text = 'Lucknow'::text)""}]}]}]}]}]}}",84.04639991931617
Q126,2,"SELECT *
            FROM patients
            WHERE city = 'Lucknow';","{'Plan': {'Node Type': 'Seq Scan', 'Parallel Aware': False, 'Async Capable': False, 'Relation Name': 'patients', 'Alias': 'patients', 'Startup Cost': 0.0, 'Total Cost': 2083.0, 'Plan Rows': 24850, 'Plan Width': 32, 'Disabled': False, 'Filter': ""((city)::text = 'Lucknow'::text)""}}",30.982699943706393
Q127,1,"SELECT *
            FROM patients
            WHERE age > 52;","{'Plan': {'Node Type': 'Seq Scan', 'Parallel Aware': False, 'Async Capable': False, 'Relation Name': 'patients', 'Alias': 'patients', 'Startup Cost': 0.0, 'Total Cost': 2083.0, 'Plan Rows': 43903, 'Plan Width': 32, 'Disabled': False, 'Filter': '(age > 52)'}}",58.48020012490451
Q128,4,"SELECT p.name, a.appointment_date
            FROM patients p
            JOIN appointments a
            ON p.patient_id = a.patient_id;","{'Plan': {'Node Type': 'Hash Join', 'Parallel Aware': False, 'Async Capable': False, 'Join Type': 'Inner', 'Startup Cost': 3083.0, 'Total Cost': 13072.56, 'Plan Rows': 500000, 'Plan Width': 17, 'Disabled': False, 'Inner Unique': True, 'Hash Cond': '(a.patient_id = p.patient_id)', 'Plans': [{'Node Type': 'Seq Scan', 'Parent Relationship': 'Outer', 'Parallel Aware': False, 'Async Capable': False, 'Relation Name': 'appointments', 'Alias': 'a', 'Startup Cost': 0.0, 'Total Cost': 8677.0, 'Plan Rows': 500000, 'Plan Width': 8, 'Disabled': False}, {'Node Type': 'Hash', 'Parent Relationship': 'Inner', 'Parallel Aware': False, 'Async Capable': False, 'Startup Cost': 1833.0, 'Total Cost': 1833.0, 'Plan Rows': 100000, 'Plan Width': 17, 'Disabled': False, 'Plans': [{'Node Type': 'Seq Scan', 'Parent Relationship': 'Outer', 'Parallel Aware': False, 'Async Capable': False, 'Relation Name': 'patients', 'Alias': 'p', 'Startup Cost': 0.0, 'Total Cost': 1833.0, 'Plan Rows': 100000, 'Plan Width': 17, 'Disabled': False}]}]}}",712.8768998663872
Q129,2,"SELECT *
            FROM patients
            WHERE city = 'Lucknow';","{'Plan': {'Node Type': 'Seq Scan', 'Parallel Aware': False, 'Async Capable': False, 'Relation Name': 'patients', 'Alias': 'patients', 'Startup Cost': 0.0, 'Total Cost': 2083.0, 'Plan Rows': 24850, 'Plan Width': 32, 'Disabled': False, 'Filter': ""((city)::text = 'Lucknow'::text)""}}",38.448600098490715
Q130,1,"SELECT *
            FROM patients
            WHERE age > 27;","{'Plan': {'Node Type': 'Seq Scan', 'Parallel Aware': False, 'Async Capable': False, 'Relation Name': 'patients', 'Alias': 'patients', 'Startup Cost': 0.0, 'Total Cost': 2083.0, 'Plan Rows': 84117, 'Plan Width': 32, 'Disabled': False, 'Filter': '(age > 27)'}}",72.7367999497801
Q131,1,"SELECT *
            FROM patients
            WHERE age > 32;","{'Plan': {'Node Type': 'Seq Scan', 'Parallel Aware': False, 'Async Capable': False, 'Relation Name': 'patients', 'Alias': 'patients', 'Startup Cost': 0.0, 'Total Cost': 2083.0, 'Plan Rows': 76157, 'Plan Width': 32, 'Disabled': False, 'Filter': '(age > 32)'}}",77.37169996835291
Q132,1,"SELECT *
            FROM patients
            WHERE age > 60;","{'Plan': {'Node Type': 'Seq Scan', 'Parallel Aware': False, 'Async Capable': False, 'Relation Name': 'patients', 'Alias': 'patients', 'Startup Cost': 0.0, 'Total Cost': 2083.0, 'Plan Rows': 31347, 'Plan Width': 32, 'Disabled': False, 'Filter': '(age > 60)'}}",48.96000004373491
Q133,2,"SELECT *
            FROM patients
            WHERE city = 'Delhi';","{'Plan': {'Node Type': 'Seq Scan', 'Parallel Aware': False, 'Async Capable': False, 'Relation Name': 'patients', 'Alias': 'patients', 'Startup Cost': 0.0, 'Total Cost': 2083.0, 'Plan Rows': 24947, 'Plan Width': 32, 'Disabled': False, 'Filter': ""((city)::text = 'Delhi'::text)""}}",23.166000144556165
Q134,3,"SELECT city, COUNT(*)
            FROM patients
            GROUP BY city;","{'Plan': {'Node Type': 'Aggregate', 'Strategy': 'Hashed', 'Partial Mode': 'Simple', 'Parallel Aware': False, 'Async Capable': False, 'Startup Cost': 2333.0, 'Total Cost': 2333.04, 'Plan Rows': 4, 'Plan Width': 14, 'Disabled': False, 'Group Key': ['city'], 'Planned Partitions': 0, 'Plans': [{'Node Type': 'Seq Scan', 'Parent Relationship': 'Outer', 'Parallel Aware': False, 'Async Capable': False, 'Relation Name': 'patients', 'Alias': 'patients', 'Startup Cost': 0.0, 'Total Cost': 1833.0, 'Plan Rows': 100000, 'Plan Width': 6, 'Disabled': False}]}}",14.617000008001924
Q135,1,"SELECT *
            FROM patients
            WHERE age > 44;","{'Plan': {'Node Type': 'Seq Scan', 'Parallel Aware': False, 'Async Capable': False, 'Relation Name': 'patients', 'Alias': 'patients', 'Startup Cost': 0.0, 'Total Cost': 2083.0, 'Plan Rows': 56903, 'Plan Width': 32, 'Disabled': False, 'Filter': '(age > 44)'}}",70.972700137645
Q136,3,"SELECT city, COUNT(*)
            FROM patients
            GROUP BY city;","{'Plan': {'Node Type': 'Aggregate', 'Strategy': 'Hashed', 'Partial Mode': 'Simple', 'Parallel Aware': False, 'Async Capable': False, 'Startup Cost': 2333.0, 'Total Cost': 2333.04, 'Plan Rows': 4, 'Plan Width': 14, 'Disabled': False, 'Group Key': ['city'], 'Planned Partitions': 0, 'Plans': [{'Node Type': 'Seq Scan', 'Parent Relationship': 'Outer', 'Parallel Aware': False, 'Async Capable': False, 'Relation Name': 'patients', 'Alias': 'patients', 'Startup Cost': 0.0, 'Total Cost': 1833.0, 'Plan Rows': 100000, 'Plan Width': 6, 'Disabled': False}]}}",13.783400179818273
Q137,2,"SELECT *
            FROM patients
            WHERE city = 'Lucknow';","{'Plan': {'Node Type': 'Seq Scan', 'Parallel Aware': False, 'Async Capable': False, 'Relation Name': 'patients', 'Alias': 'patients', 'Startup Cost': 0.0, 'Total Cost': 2083.0, 'Plan Rows': 24850, 'Plan Width': 32, 'Disabled': False, 'Filter': ""((city)::text = 'Lucknow'::text)""}}",31.46510012447834
Q138,3,"SELECT city, COUNT(*)
            FROM patients
            GROUP BY city;","{'Plan': {'Node Type': 'Aggregate', 'Strategy': 'Hashed', 'Partial Mode': 'Simple', 'Parallel Aware': False, 'Async Capable': False, 'Startup Cost': 2333.0, 'Total Cost': 2333.04, 'Plan Rows': 4, 'Plan Width': 14, 'Disabled': False, 'Group Key': ['city'], 'Planned Partitions': 0, 'Plans': [{'Node Type': 'Seq Scan', 'Parent Relationship': 'Outer', 'Parallel Aware': False, 'Async Capable': False, 'Relation Name': 'patients', 'Alias': 'patients', 'Startup Cost': 0.0, 'Total Cost': 1833.0, 'Plan Rows': 100000, 'Plan Width': 6, 'Disabled': False}]}}",15.574299963191152
Q139,1,"SELECT *
            FROM patients
            WHERE age > 43;","{'Plan': {'Node Type': 'Seq Scan', 'Parallel Aware': False, 'Async Capable': False, 'Relation Name': 'patients', 'Alias': 'patients', 'Startup Cost': 0.0, 'Total Cost': 2083.0, 'Plan Rows': 58600, 'Plan Width': 32, 'Disabled': False, 'Filter': '(age > 43)'}}",75.49110008403659
Q140,2,"SELECT *
            FROM patients
            WHERE city = 'Mumbai';","{'Plan': {'Node Type': 'Seq Scan', 'Parallel Aware': False, 'Async Capable': False, 'Relation Name': 'patients', 'Alias': 'patients', 'Startup Cost': 0.0, 'Total Cost': 2083.0, 'Plan Rows': 25007, 'Plan Width': 32, 'Disabled': False, 'Filter': ""((city)::text = 'Mumbai'::text)""}}",23.574799997732043
Q141,3,"SELECT city, COUNT(*)
            FROM patients
            GROUP BY city;","{'Plan': {'Node Type': 'Aggregate', 'Strategy': 'Hashed', 'Partial Mode': 'Simple', 'Parallel Aware': False, 'Async Capable': False, 'Startup Cost': 2333.0, 'Total Cost': 2333.04, 'Plan Rows': 4, 'Plan Width': 14, 'Disabled': False, 'Group Key': ['city'], 'Planned Partitions': 0, 'Plans': [{'Node Type': 'Seq Scan', 'Parent Relationship': 'Outer', 'Parallel Aware': False, 'Async Capable': False, 'Relation Name': 'patients', 'Alias': 'patients', 'Startup Cost': 0.0, 'Total Cost': 1833.0, 'Plan Rows': 100000, 'Plan Width': 6, 'Disabled': False}]}}",13.560099992901087
Q142,4,"SELECT p.name, a.appointment_date
            FROM patients p
            JOIN appointments a
            ON p.patient_id = a.patient_id;","{'Plan': {'Node Type': 'Hash Join', 'Parallel Aware': False, 'Async Capable': False, 'Join Type': 'Inner', 'Startup Cost': 3083.0, 'Total Cost': 13072.56, 'Plan Rows': 500000, 'Plan Width': 17, 'Disabled': False, 'Inner Unique': True, 'Hash Cond': '(a.patient_id = p.patient_id)', 'Plans': [{'Node Type': 'Seq Scan', 'Parent Relationship': 'Outer', 'Parallel Aware': False, 'Async Capable': False, 'Relation Name': 'appointments', 'Alias': 'a', 'Startup Cost': 0.0, 'Total Cost': 8677.0, 'Plan Rows': 500000, 'Plan Width': 8, 'Disabled': False}, {'Node Type': 'Hash', 'Parent Relationship': 'Inner', 'Parallel Aware': False, 'Async Capable': False, 'Startup Cost': 1833.0, 'Total Cost': 1833.0, 'Plan Rows': 100000, 'Plan Width': 17, 'Disabled': False, 'Plans': [{'Node Type': 'Seq Scan', 'Parent Relationship': 'Outer', 'Parallel Aware': False, 'Async Capable': False, 'Relation Name': 'patients', 'Alias': 'p', 'Startup Cost': 0.0, 'Total Cost': 1833.0, 'Plan Rows': 100000, 'Plan Width': 17, 'Disabled': False}]}]}}",656.5729998983443
Q143,5,"SELECT p.city, COUNT(a.appointment_id)
            FROM patients p
            JOIN appointments a
            ON p.patient_id = a.patient_id
            WHERE p.city = 'Lucknow'
            GROUP BY p.city;","{'Plan': {'Node Type': 'Aggregate', 'Strategy': 'Sorted', 'Partial Mode': 'Finalize', 'Parallel Aware': False, 'Async Capable': False, 'Startup Cost': 3393.62, 'Total Cost': 9830.51, 'Plan Rows': 1, 'Plan Width': 14, 'Disabled': False, 'Plans': [{'Node Type': 'Gather', 'Parent Relationship': 'Outer', 'Parallel Aware': False, 'Async Capable': False, 'Startup Cost': 3393.62, 'Total Cost': 9830.49, 'Plan Rows': 2, 'Plan Width': 14, 'Disabled': False, 'Workers Planned': 2, 'Single Copy': False, 'Plans': [{'Node Type': 'Aggregate', 'Strategy': 'Sorted', 'Partial Mode': 'Partial', 'Parent Relationship': 'Outer', 'Parallel Aware': False, 'Async Capable': False, 'Startup Cost': 2393.62, 'Total Cost': 8830.29, 'Plan Rows': 1, 'Plan Width': 14, 'Disabled': False, 'Plans': [{'Node Type': 'Hash Join', 'Parent Relationship': 'Outer', 'Parallel Aware': False, 'Async Capable': False, 'Join Type': 'Inner', 'Startup Cost': 2393.62, 'Total Cost': 8700.85, 'Plan Rows': 51771, 'Plan Width': 10, 'Disabled': False, 'Inner Unique': True, 'Hash Cond': '(a.patient_id = p.patient_id)', 'Plans': [{'Node Type': 'Seq Scan', 'Parent Relationship': 'Outer', 'Parallel Aware': True, 'Async Capable': False, 'Relation Name': 'appointments', 'Alias': 'a', 'Startup Cost': 0.0, 'Total Cost': 5760.33, 'Plan Rows': 208333, 'Plan Width': 8, 'Disabled': False}, {'Node Type': 'Hash', 'Parent Relationship': 'Inner', 'Parallel Aware': False, 'Async Capable': False, 'Startup Cost': 2083.0, 'Total Cost': 2083.0, 'Plan Rows': 24850, 'Plan Width': 10, 'Disabled': False, 'Plans': [{'Node Type': 'Seq Scan', 'Parent Relationship': 'Outer', 'Parallel Aware': False, 'Async Capable': False, 'Relation Name': 'patients', 'Alias': 'p', 'Startup Cost': 0.0, 'Total Cost': 2083.0, 'Plan Rows': 24850, 'Plan Width': 10, 'Disabled': False, 'Filter': ""((city)::text = 'Lucknow'::text)""}]}]}]}]}]}}",98.90639991499484
Q144,1,"SELECT *
            FROM patients
            WHERE age > 62;","{'Plan': {'Node Type': 'Seq Scan', 'Parallel Aware': False, 'Async Capable': False, 'Relation Name': 'patients', 'Alias': 'patients', 'Startup Cost': 0.0, 'Total Cost': 2083.0, 'Plan Rows': 28253, 'Plan Width': 32, 'Disabled': False, 'Filter': '(age > 62)'}}",47.17399994842708
Q145,5,"SELECT p.city, COUNT(a.appointment_id)
            FROM patients p
            JOIN appointments a
            ON p.patient_id = a.patient_id
            WHERE p.city = 'Mumbai'
            GROUP BY p.city;","{'Plan': {'Node Type': 'Aggregate', 'Strategy': 'Sorted', 'Partial Mode': 'Finalize', 'Parallel Aware': False, 'Async Capable': False, 'Startup Cost': 3395.59, 'Total Cost': 9833.29, 'Plan Rows': 1, 'Plan Width': 14, 'Disabled': False, 'Plans': [{'Node Type': 'Gather', 'Parent Relationship': 'Outer', 'Parallel Aware': False, 'Async Capable': False, 'Startup Cost': 3395.59, 'Total Cost': 9833.27, 'Plan Rows': 2, 'Plan Width': 14, 'Disabled': False, 'Workers Planned': 2, 'Single Copy': False, 'Plans': [{'Node Type': 'Aggregate', 'Strategy': 'Sorted', 'Partial Mode': 'Partial', 'Parent Relationship': 'Outer', 'Parallel Aware': False, 'Async Capable': False, 'Startup Cost': 2395.59, 'Total Cost': 8833.07, 'Plan Rows': 1, 'Plan Width': 14, 'Disabled': False, 'Plans': [{'Node Type': 'Hash Join', 'Parent Relationship': 'Outer', 'Parallel Aware': False, 'Async Capable': False, 'Join Type': 'Inner', 'Startup Cost': 2395.59, 'Total Cost': 8702.82, 'Plan Rows': 52098, 'Plan Width': 10, 'Disabled': False, 'Inner Unique': True, 'Hash Cond': '(a.patient_id = p.patient_id)', 'Plans': [{'Node Type': 'Seq Scan', 'Parent Relationship': 'Outer', 'Parallel Aware': True, 'Async Capable': False, 'Relation Name': 'appointments', 'Alias': 'a', 'Startup Cost': 0.0, 'Total Cost': 5760.33, 'Plan Rows': 208333, 'Plan Width': 8, 'Disabled': False}, {'Node Type': 'Hash', 'Parent Relationship': 'Inner', 'Parallel Aware': False, 'Async Capable': False, 'Startup Cost': 2083.0, 'Total Cost': 2083.0, 'Plan Rows': 25007, 'Plan Width': 10, 'Disabled': False, 'Plans': [{'Node Type': 'Seq Scan', 'Parent Relationship': 'Outer', 'Parallel Aware': False, 'Async Capable': False, 'Relation Name': 'patients', 'Alias': 'p', 'Startup Cost': 0.0, 'Total Cost': 2083.0, 'Plan Rows': 25007, 'Plan Width': 10, 'Disabled': False, 'Filter': ""((city)::text = 'Mumbai'::text)""}]}]}]}]}]}}",105.98059999756515
Q146,3,"SELECT city, COUNT(*)
            FROM patients
            GROUP BY city;","{'Plan': {'Node Type': 'Aggregate', 'Strategy': 'Hashed', 'Partial Mode': 'Simple', 'Parallel Aware': False, 'Async Capable': False, 'Startup Cost': 2333.0, 'Total Cost': 2333.04, 'Plan Rows': 4, 'Plan Width': 14, 'Disabled': False, 'Group Key': ['city'], 'Planned Partitions': 0, 'Plans': [{'Node Type': 'Seq Scan', 'Parent Relationship': 'Outer', 'Parallel Aware': False, 'Async Capable': False, 'Relation Name': 'patients', 'Alias': 'patients', 'Startup Cost': 0.0, 'Total Cost': 1833.0, 'Plan Rows': 100000, 'Plan Width': 6, 'Disabled': False}]}}",23.01519992761314
Q147,5,"SELECT p.city, COUNT(a.appointment_id)
            FROM patients p
            JOIN appointments a
            ON p.patient_id = a.patient_id
            WHERE p.city = 'Kanpur'
            GROUP BY p.city;","{'Plan': {'Node Type': 'Aggregate', 'Strategy': 'Sorted', 'Partial Mode': 'Finalize', 'Parallel Aware': False, 'Async Capable': False, 'Startup Cost': 3397.96, 'Total Cost': 9836.65, 'Plan Rows': 1, 'Plan Width': 14, 'Disabled': False, 'Plans': [{'Node Type': 'Gather', 'Parent Relationship': 'Outer', 'Parallel Aware': False, 'Async Capable': False, 'Startup Cost': 3397.96, 'Total Cost': 9836.64, 'Plan Rows': 2, 'Plan Width': 14, 'Disabled': False, 'Workers Planned': 2, 'Single Copy': False, 'Plans': [{'Node Type': 'Aggregate', 'Strategy': 'Sorted', 'Partial Mode': 'Partial', 'Parent Relationship': 'Outer', 'Parallel Aware': False, 'Async Capable': False, 'Startup Cost': 2397.96, 'Total Cost': 8836.44, 'Plan Rows': 1, 'Plan Width': 14, 'Disabled': False, 'Plans': [{'Node Type': 'Hash Join', 'Parent Relationship': 'Outer', 'Parallel Aware': False, 'Async Capable': False, 'Join Type': 'Inner', 'Startup Cost': 2397.96, 'Total Cost': 8705.19, 'Plan Rows': 52494, 'Plan Width': 10, 'Disabled': False, 'Inner Unique': True, 'Hash Cond': '(a.patient_id = p.patient_id)', 'Plans': [{'Node Type': 'Seq Scan', 'Parent Relationship': 'Outer', 'Parallel Aware': True, 'Async Capable': False, 'Relation Name': 'appointments', 'Alias': 'a', 'Startup Cost': 0.0, 'Total Cost': 5760.33, 'Plan Rows': 208333, 'Plan Width': 8, 'Disabled': False}, {'Node Type': 'Hash', 'Parent Relationship': 'Inner', 'Parallel Aware': False, 'Async Capable': False, 'Startup Cost': 2083.0, 'Total Cost': 2083.0, 'Plan Rows': 25197, 'Plan Width': 10, 'Disabled': False, 'Plans': [{'Node Type': 'Seq Scan', 'Parent Relationship': 'Outer', 'Parallel Aware': False, 'Async Capable': False, 'Relation Name': 'patients', 'Alias': 'p', 'Startup Cost': 0.0, 'Total Cost': 2083.0, 'Plan Rows': 25197, 'Plan Width': 10, 'Disabled': False, 'Filter': ""((city)::text = 'Kanpur'::text)""}]}]}]}]}]}}",85.40740003809333
Q148,5,"SELECT p.city, COUNT(a.appointment_id)
            FROM patients p
            JOIN appointments a
            ON p.patient_id = a.patient_id
            WHERE p.city = 'Kanpur'
            GROUP BY p.city;","{'Plan': {'Node Type': 'Aggregate', 'Strategy': 'Sorted', 'Partial Mode': 'Finalize', 'Parallel Aware': False, 'Async Capable': False, 'Startup Cost': 3397.96, 'Total Cost': 9836.65, 'Plan Rows': 1, 'Plan Width': 14, 'Disabled': False, 'Plans': [{'Node Type': 'Gather', 'Parent Relationship': 'Outer', 'Parallel Aware': False, 'Async Capable': False, 'Startup Cost': 3397.96, 'Total Cost': 9836.64, 'Plan Rows': 2, 'Plan Width': 14, 'Disabled': False, 'Workers Planned': 2, 'Single Copy': False, 'Plans': [{'Node Type': 'Aggregate', 'Strategy': 'Sorted', 'Partial Mode': 'Partial', 'Parent Relationship': 'Outer', 'Parallel Aware': False, 'Async Capable': False, 'Startup Cost': 2397.96, 'Total Cost': 8836.44, 'Plan Rows': 1, 'Plan Width': 14, 'Disabled': False, 'Plans': [{'Node Type': 'Hash Join', 'Parent Relationship': 'Outer', 'Parallel Aware': False, 'Async Capable': False, 'Join Type': 'Inner', 'Startup Cost': 2397.96, 'Total Cost': 8705.19, 'Plan Rows': 52494, 'Plan Width': 10, 'Disabled': False, 'Inner Unique': True, 'Hash Cond': '(a.patient_id = p.patient_id)', 'Plans': [{'Node Type': 'Seq Scan', 'Parent Relationship': 'Outer', 'Parallel Aware': True, 'Async Capable': False, 'Relation Name': 'appointments', 'Alias': 'a', 'Startup Cost': 0.0, 'Total Cost': 5760.33, 'Plan Rows': 208333, 'Plan Width': 8, 'Disabled': False}, {'Node Type': 'Hash', 'Parent Relationship': 'Inner', 'Parallel Aware': False, 'Async Capable': False, 'Startup Cost': 2083.0, 'Total Cost': 2083.0, 'Plan Rows': 25197, 'Plan Width': 10, 'Disabled': False, 'Plans': [{'Node Type': 'Seq Scan', 'Parent Relationship': 'Outer', 'Parallel Aware': False, 'Async Capable': False, 'Relation Name': 'patients', 'Alias': 'p', 'Startup Cost': 0.0, 'Total Cost': 2083.0, 'Plan Rows': 25197, 'Plan Width': 10, 'Disabled': False, 'Filter': ""((city)::text = 'Kanpur'::text)""}]}]}]}]}]}}",94.41339992918074
Q149,1,"SELECT *
            FROM patients
            WHERE age > 46;","{'Plan': {'Node Type': 'Seq Scan', 'Parallel Aware': False, 'Async Capable': False, 'Relation Name': 'patients', 'Alias': 'patients', 'Startup Cost': 0.0, 'Total Cost': 2083.0, 'Plan Rows': 53563, 'Plan Width': 32, 'Disabled': False, 'Filter': '(age > 46)'}}",65.89889992028475
Q150,5,"SELECT p.city, COUNT(a.appointment_id)
            FROM patients p
            JOIN appointments a
            ON p.patient_id = a.patient_id
            WHERE p.city = 'Lucknow'
            GROUP BY p.city;","{'Plan': {'Node Type': 'Aggregate', 'Strategy': 'Sorted', 'Partial Mode': 'Finalize', 'Parallel Aware': False, 'Async Capable': False, 'Startup Cost': 3393.62, 'Total Cost': 9830.51, 'Plan Rows': 1, 'Plan Width': 14, 'Disabled': False, 'Plans': [{'Node Type': 'Gather', 'Parent Relationship': 'Outer', 'Parallel Aware': False, 'Async Capable': False, 'Startup Cost': 3393.62, 'Total Cost': 9830.49, 'Plan Rows': 2, 'Plan Width': 14, 'Disabled': False, 'Workers Planned': 2, 'Single Copy': False, 'Plans': [{'Node Type': 'Aggregate', 'Strategy': 'Sorted', 'Partial Mode': 'Partial', 'Parent Relationship': 'Outer', 'Parallel Aware': False, 'Async Capable': False, 'Startup Cost': 2393.62, 'Total Cost': 8830.29, 'Plan Rows': 1, 'Plan Width': 14, 'Disabled': False, 'Plans': [{'Node Type': 'Hash Join', 'Parent Relationship': 'Outer', 'Parallel Aware': False, 'Async Capable': False, 'Join Type': 'Inner', 'Startup Cost': 2393.62, 'Total Cost': 8700.85, 'Plan Rows': 51771, 'Plan Width': 10, 'Disabled': False, 'Inner Unique': True, 'Hash Cond': '(a.patient_id = p.patient_id)', 'Plans': [{'Node Type': 'Seq Scan', 'Parent Relationship': 'Outer', 'Parallel Aware': True, 'Async Capable': False, 'Relation Name': 'appointments', 'Alias': 'a', 'Startup Cost': 0.0, 'Total Cost': 5760.33, 'Plan Rows': 208333, 'Plan Width': 8, 'Disabled': False}, {'Node Type': 'Hash', 'Parent Relationship': 'Inner', 'Parallel Aware': False, 'Async Capable': False, 'Startup Cost': 2083.0, 'Total Cost': 2083.0, 'Plan Rows': 24850, 'Plan Width': 10, 'Disabled': False, 'Plans': [{'Node Type': 'Seq Scan', 'Parent Relationship': 'Outer', 'Parallel Aware': False, 'Async Capable': False, 'Relation Name': 'patients', 'Alias': 'p', 'Startup Cost': 0.0, 'Total Cost': 2083.0, 'Plan Rows': 24850, 'Plan Width': 10, 'Disabled': False, 'Filter': ""((city)::text = 'Lucknow'::text)""}]}]}]}]}]}}",86.93640003912151
Q151,1,"SELECT *
            FROM patients
            WHERE age > 41;","{'Plan': {'Node Type': 'Seq Scan', 'Parallel Aware': False, 'Async Capable': False, 'Relation Name': 'patients', 'Alias': 'patients', 'Startup Cost': 0.0, 'Total Cost': 2083.0, 'Plan Rows': 61913, 'Plan Width': 32, 'Disabled': False, 'Filter': '(age > 41)'}}",69.6910999249667
Q152,2,"SELECT *
            FROM patients
            WHERE city = 'Mumbai';","{'Plan': {'Node Type': 'Seq Scan', 'Parallel Aware': False, 'Async Capable': False, 'Relation Name': 'patients', 'Alias': 'patients', 'Startup Cost': 0.0, 'Total Cost': 2083.0, 'Plan Rows': 25007, 'Plan Width': 32, 'Disabled': False, 'Filter': ""((city)::text = 'Mumbai'::text)""}}",43.65239990875125
Q153,2,"SELECT *
            FROM patients
            WHERE city = 'Mumbai';","{'Plan': {'Node Type': 'Seq Scan', 'Parallel Aware': False, 'Async Capable': False, 'Relation Name': 'patients', 'Alias': 'patients', 'Startup Cost': 0.0, 'Total Cost': 2083.0, 'Plan Rows': 25007, 'Plan Width': 32, 'Disabled': False, 'Filter': ""((city)::text = 'Mumbai'::text)""}}",20.98130015656352
Q154,5,"SELECT p.city, COUNT(a.appointment_id)
            FROM patients p
            JOIN appointments a
            ON p.patient_id = a.patient_id
            WHERE p.city = 'Delhi'
            GROUP BY p.city;","{'Plan': {'Node Type': 'Aggregate', 'Strategy': 'Sorted', 'Partial Mode': 'Finalize', 'Parallel Aware': False, 'Async Capable': False, 'Startup Cost': 3394.84, 'Total Cost': 9832.22, 'Plan Rows': 1, 'Plan Width': 14, 'Disabled': False, 'Plans': [{'Node Type': 'Gather', 'Parent Relationship': 'Outer', 'Parallel Aware': False, 'Async Capable': False, 'Startup Cost': 3394.84, 'Total Cost': 9832.21, 'Plan Rows': 2, 'Plan Width': 14, 'Disabled': False, 'Workers Planned': 2, 'Single Copy': False, 'Plans': [{'Node Type': 'Aggregate', 'Strategy': 'Sorted', 'Partial Mode': 'Partial', 'Parent Relationship': 'Outer', 'Parallel Aware': False, 'Async Capable': False, 'Startup Cost': 2394.84, 'Total Cost': 8832.01, 'Plan Rows': 1, 'Plan Width': 14, 'Disabled': False, 'Plans': [{'Node Type': 'Hash Join', 'Parent Relationship': 'Outer', 'Parallel Aware': False, 'Async Capable': False, 'Join Type': 'Inner', 'Startup Cost': 2394.84, 'Total Cost': 8702.07, 'Plan Rows': 51973, 'Plan Width': 10, 'Disabled': False, 'Inner Unique': True, 'Hash Cond': '(a.patient_id = p.patient_id)', 'Plans': [{'Node Type': 'Seq Scan', 'Parent Relationship': 'Outer', 'Parallel Aware': True, 'Async Capable': False, 'Relation Name': 'appointments', 'Alias': 'a', 'Startup Cost': 0.0, 'Total Cost': 5760.33, 'Plan Rows': 208333, 'Plan Width': 8, 'Disabled': False}, {'Node Type': 'Hash', 'Parent Relationship': 'Inner', 'Parallel Aware': False, 'Async Capable': False, 'Startup Cost': 2083.0, 'Total Cost': 2083.0, 'Plan Rows': 24947, 'Plan Width': 10, 'Disabled': False, 'Plans': [{'Node Type': 'Seq Scan', 'Parent Relationship': 'Outer', 'Parallel Aware': False, 'Async Capable': False, 'Relation Name': 'patients', 'Alias': 'p', 'Startup Cost': 0.0, 'Total Cost': 2083.0, 'Plan Rows': 24947, 'Plan Width': 10, 'Disabled': False, 'Filter': ""((city)::text = 'Delhi'::text)""}]}]}]}]}]}}",102.43690013885498
Q155,1,"SELECT *
            FROM patients
            WHERE age > 20;","{'Plan': {'Node Type': 'Seq Scan', 'Parallel Aware': False, 'Async Capable': False, 'Relation Name': 'patients', 'Alias': 'patients', 'Startup Cost': 0.0, 'Total Cost': 2083.0, 'Plan Rows': 95297, 'Plan Width': 32, 'Disabled': False, 'Filter': '(age > 20)'}}",103.85879990644753
Q156,5,"SELECT p.city, COUNT(a.appointment_id)
            FROM patients p
            JOIN appointments a
            ON p.patient_id = a.patient_id
            WHERE p.city = 'Delhi'
            GROUP BY p.city;","{'Plan': {'Node Type': 'Aggregate', 'Strategy': 'Sorted', 'Partial Mode': 'Finalize', 'Parallel Aware': False, 'Async Capable': False, 'Startup Cost': 3394.84, 'Total Cost': 9832.22, 'Plan Rows': 1, 'Plan Width': 14, 'Disabled': False, 'Plans': [{'Node Type': 'Gather', 'Parent Relationship': 'Outer', 'Parallel Aware': False, 'Async Capable': False, 'Startup Cost': 3394.84, 'Total Cost': 9832.21, 'Plan Rows': 2, 'Plan Width': 14, 'Disabled': False, 'Workers Planned': 2, 'Single Copy': False, 'Plans': [{'Node Type': 'Aggregate', 'Strategy': 'Sorted', 'Partial Mode': 'Partial', 'Parent Relationship': 'Outer', 'Parallel Aware': False, 'Async Capable': False, 'Startup Cost': 2394.84, 'Total Cost': 8832.01, 'Plan Rows': 1, 'Plan Width': 14, 'Disabled': False, 'Plans': [{'Node Type': 'Hash Join', 'Parent Relationship': 'Outer', 'Parallel Aware': False, 'Async Capable': False, 'Join Type': 'Inner', 'Startup Cost': 2394.84, 'Total Cost': 8702.07, 'Plan Rows': 51973, 'Plan Width': 10, 'Disabled': False, 'Inner Unique': True, 'Hash Cond': '(a.patient_id = p.patient_id)', 'Plans': [{'Node Type': 'Seq Scan', 'Parent Relationship': 'Outer', 'Parallel Aware': True, 'Async Capable': False, 'Relation Name': 'appointments', 'Alias': 'a', 'Startup Cost': 0.0, 'Total Cost': 5760.33, 'Plan Rows': 208333, 'Plan Width': 8, 'Disabled': False}, {'Node Type': 'Hash', 'Parent Relationship': 'Inner', 'Parallel Aware': False, 'Async Capable': False, 'Startup Cost': 2083.0, 'Total Cost': 2083.0, 'Plan Rows': 24947, 'Plan Width': 10, 'Disabled': False, 'Plans': [{'Node Type': 'Seq Scan', 'Parent Relationship': 'Outer', 'Parallel Aware': False, 'Async Capable': False, 'Relation Name': 'patients', 'Alias': 'p', 'Startup Cost': 0.0, 'Total Cost': 2083.0, 'Plan Rows': 24947, 'Plan Width': 10, 'Disabled': False, 'Filter': ""((city)::text = 'Delhi'::text)""}]}]}]}]}]}}",126.23480008915067
Q157,5,"SELECT p.city, COUNT(a.appointment_id)
            FROM patients p
            JOIN appointments a
            ON p.patient_id = a.patient_id
            WHERE p.city = 'Delhi'
            GROUP BY p.city;","{'Plan': {'Node Type': 'Aggregate', 'Strategy': 'Sorted', 'Partial Mode': 'Finalize', 'Parallel Aware': False, 'Async Capable': False, 'Startup Cost': 3394.84, 'Total Cost': 9832.22, 'Plan Rows': 1, 'Plan Width': 14, 'Disabled': False, 'Plans': [{'Node Type': 'Gather', 'Parent Relationship': 'Outer', 'Parallel Aware': False, 'Async Capable': False, 'Startup Cost': 3394.84, 'Total Cost': 9832.21, 'Plan Rows': 2, 'Plan Width': 14, 'Disabled': False, 'Workers Planned': 2, 'Single Copy': False, 'Plans': [{'Node Type': 'Aggregate', 'Strategy': 'Sorted', 'Partial Mode': 'Partial', 'Parent Relationship': 'Outer', 'Parallel Aware': False, 'Async Capable': False, 'Startup Cost': 2394.84, 'Total Cost': 8832.01, 'Plan Rows': 1, 'Plan Width': 14, 'Disabled': False, 'Plans': [{'Node Type': 'Hash Join', 'Parent Relationship': 'Outer', 'Parallel Aware': False, 'Async Capable': False, 'Join Type': 'Inner', 'Startup Cost': 2394.84, 'Total Cost': 8702.07, 'Plan Rows': 51973, 'Plan Width': 10, 'Disabled': False, 'Inner Unique': True, 'Hash Cond': '(a.patient_id = p.patient_id)', 'Plans': [{'Node Type': 'Seq Scan', 'Parent Relationship': 'Outer', 'Parallel Aware': True, 'Async Capable': False, 'Relation Name': 'appointments', 'Alias': 'a', 'Startup Cost': 0.0, 'Total Cost': 5760.33, 'Plan Rows': 208333, 'Plan Width': 8, 'Disabled': False}, {'Node Type': 'Hash', 'Parent Relationship': 'Inner', 'Parallel Aware': False, 'Async Capable': False, 'Startup Cost': 2083.0, 'Total Cost': 2083.0, 'Plan Rows': 24947, 'Plan Width': 10, 'Disabled': False, 'Plans': [{'Node Type': 'Seq Scan', 'Parent Relationship': 'Outer', 'Parallel Aware': False, 'Async Capable': False, 'Relation Name': 'patients', 'Alias': 'p', 'Startup Cost': 0.0, 'Total Cost': 2083.0, 'Plan Rows': 24947, 'Plan Width': 10, 'Disabled': False, 'Filter': ""((city)::text = 'Delhi'::text)""}]}]}]}]}]}}",98.67059998214245
Q158,2,"SELECT *
            FROM patients
            WHERE city = 'Kanpur';","{'Plan': {'Node Type': 'Seq Scan', 'Parallel Aware': False, 'Async Capable': False, 'Relation Name': 'patients', 'Alias': 'patients', 'Startup Cost': 0.0, 'Total Cost': 2083.0, 'Plan Rows': 25197, 'Plan Width': 32, 'Disabled': False, 'Filter': ""((city)::text = 'Kanpur'::text)""}}",42.30710002593696
Q159,2,"SELECT *
            FROM patients
            WHERE city = 'Kanpur';","{'Plan': {'Node Type': 'Seq Scan', 'Parallel Aware': False, 'Async Capable': False, 'Relation Name': 'patients', 'Alias': 'patients', 'Startup Cost': 0.0, 'Total Cost': 2083.0, 'Plan Rows': 25197, 'Plan Width': 32, 'Disabled': False, 'Filter': ""((city)::text = 'Kanpur'::text)""}}",20.959099987521768
Q160,3,"SELECT city, COUNT(*)
            FROM patients
            GROUP BY city;","{'Plan': {'Node Type': 'Aggregate', 'Strategy': 'Hashed', 'Partial Mode': 'Simple', 'Parallel Aware': False, 'Async Capable': False, 'Startup Cost': 2333.0, 'Total Cost': 2333.04, 'Plan Rows': 4, 'Plan Width': 14, 'Disabled': False, 'Group Key': ['city'], 'Planned Partitions': 0, 'Plans': [{'Node Type': 'Seq Scan', 'Parent Relationship': 'Outer', 'Parallel Aware': False, 'Async Capable': False, 'Relation Name': 'patients', 'Alias': 'patients', 'Startup Cost': 0.0, 'Total Cost': 1833.0, 'Plan Rows': 100000, 'Plan Width': 6, 'Disabled': False}]}}",14.334200182929635
Q161,5,"SELECT p.city, COUNT(a.appointment_id)
            FROM patients p
            JOIN appointments a
            ON p.patient_id = a.patient_id
            WHERE p.city = 'Lucknow'
            GROUP BY p.city;","{'Plan': {'Node Type': 'Aggregate', 'Strategy': 'Sorted', 'Partial Mode': 'Finalize', 'Parallel Aware': False, 'Async Capable': False, 'Startup Cost': 3393.62, 'Total Cost': 9830.51, 'Plan Rows': 1, 'Plan Width': 14, 'Disabled': False, 'Plans': [{'Node Type': 'Gather', 'Parent Relationship': 'Outer', 'Parallel Aware': False, 'Async Capable': False, 'Startup Cost': 3393.62, 'Total Cost': 9830.49, 'Plan Rows': 2, 'Plan Width': 14, 'Disabled': False, 'Workers Planned': 2, 'Single Copy': False, 'Plans': [{'Node Type': 'Aggregate', 'Strategy': 'Sorted', 'Partial Mode': 'Partial', 'Parent Relationship': 'Outer', 'Parallel Aware': False, 'Async Capable': False, 'Startup Cost': 2393.62, 'Total Cost': 8830.29, 'Plan Rows': 1, 'Plan Width': 14, 'Disabled': False, 'Plans': [{'Node Type': 'Hash Join', 'Parent Relationship': 'Outer', 'Parallel Aware': False, 'Async Capable': False, 'Join Type': 'Inner', 'Startup Cost': 2393.62, 'Total Cost': 8700.85, 'Plan Rows': 51771, 'Plan Width': 10, 'Disabled': False, 'Inner Unique': True, 'Hash Cond': '(a.patient_id = p.patient_id)', 'Plans': [{'Node Type': 'Seq Scan', 'Parent Relationship': 'Outer', 'Parallel Aware': True, 'Async Capable': False, 'Relation Name': 'appointments', 'Alias': 'a', 'Startup Cost': 0.0, 'Total Cost': 5760.33, 'Plan Rows': 208333, 'Plan Width': 8, 'Disabled': False}, {'Node Type': 'Hash', 'Parent Relationship': 'Inner', 'Parallel Aware': False, 'Async Capable': False, 'Startup Cost': 2083.0, 'Total Cost': 2083.0, 'Plan Rows': 24850, 'Plan Width': 10, 'Disabled': False, 'Plans': [{'Node Type': 'Seq Scan', 'Parent Relationship': 'Outer', 'Parallel Aware': False, 'Async Capable': False, 'Relation Name': 'patients', 'Alias': 'p', 'Startup Cost': 0.0, 'Total Cost': 2083.0, 'Plan Rows': 24850, 'Plan Width': 10, 'Disabled': False, 'Filter': ""((city)::text = 'Lucknow'::text)""}]}]}]}]}]}}",94.00989999994636
Q162,5,"SELECT p.city, COUNT(a.appointment_id)
            FROM patients p
            JOIN appointments a
            ON p.patient_id = a.patient_id
            WHERE p.city = 'Mumbai'
            GROUP BY p.city;","{'Plan': {'Node Type': 'Aggregate', 'Strategy': 'Sorted', 'Partial Mode': 'Finalize', 'Parallel Aware': False, 'Async Capable': False, 'Startup Cost': 3395.59, 'Total Cost': 9833.29, 'Plan Rows': 1, 'Plan Width': 14, 'Disabled': False, 'Plans': [{'Node Type': 'Gather', 'Parent Relationship': 'Outer', 'Parallel Aware': False, 'Async Capable': False, 'Startup Cost': 3395.59, 'Total Cost': 9833.27, 'Plan Rows': 2, 'Plan Width': 14, 'Disabled': False, 'Workers Planned': 2, 'Single Copy': False, 'Plans': [{'Node Type': 'Aggregate', 'Strategy': 'Sorted', 'Partial Mode': 'Partial', 'Parent Relationship': 'Outer', 'Parallel Aware': False, 'Async Capable': False, 'Startup Cost': 2395.59, 'Total Cost': 8833.07, 'Plan Rows': 1, 'Plan Width': 14, 'Disabled': False, 'Plans': [{'Node Type': 'Hash Join', 'Parent Relationship': 'Outer', 'Parallel Aware': False, 'Async Capable': False, 'Join Type': 'Inner', 'Startup Cost': 2395.59, 'Total Cost': 8702.82, 'Plan Rows': 52098, 'Plan Width': 10, 'Disabled': False, 'Inner Unique': True, 'Hash Cond': '(a.patient_id = p.patient_id)', 'Plans': [{'Node Type': 'Seq Scan', 'Parent Relationship': 'Outer', 'Parallel Aware': True, 'Async Capable': False, 'Relation Name': 'appointments', 'Alias': 'a', 'Startup Cost': 0.0, 'Total Cost': 5760.33, 'Plan Rows': 208333, 'Plan Width': 8, 'Disabled': False}, {'Node Type': 'Hash', 'Parent Relationship': 'Inner', 'Parallel Aware': False, 'Async Capable': False, 'Startup Cost': 2083.0, 'Total Cost': 2083.0, 'Plan Rows': 25007, 'Plan Width': 10, 'Disabled': False, 'Plans': [{'Node Type': 'Seq Scan', 'Parent Relationship': 'Outer', 'Parallel Aware': False, 'Async Capable': False, 'Relation Name': 'patients', 'Alias': 'p', 'Startup Cost': 0.0, 'Total Cost': 2083.0, 'Plan Rows': 25007, 'Plan Width': 10, 'Disabled': False, 'Filter': ""((city)::text = 'Mumbai'::text)""}]}]}]}]}]}}",93.47689989954233
Q163,3,"SELECT city, COUNT(*)
            FROM patients
            GROUP BY city;","{'Plan': {'Node Type': 'Aggregate', 'Strategy': 'Hashed', 'Partial Mode': 'Simple', 'Parallel Aware': False, 'Async Capable': False, 'Startup Cost': 2333.0, 'Total Cost': 2333.04, 'Plan Rows': 4, 'Plan Width': 14, 'Disabled': False, 'Group Key': ['city'], 'Planned Partitions': 0, 'Plans': [{'Node Type': 'Seq Scan', 'Parent Relationship': 'Outer', 'Parallel Aware': False, 'Async Capable': False, 'Relation Name': 'patients', 'Alias': 'patients', 'Startup Cost': 0.0, 'Total Cost': 1833.0, 'Plan Rows': 100000, 'Plan Width': 6, 'Disabled': False}]}}",21.328599890694022
Q164,5,"SELECT p.city, COUNT(a.appointment_id)
            FROM patients p
            JOIN appointments a
            ON p.patient_id = a.patient_id
            WHERE p.city = 'Mumbai'
            GROUP BY p.city;","{'Plan': {'Node Type': 'Aggregate', 'Strategy': 'Sorted', 'Partial Mode': 'Finalize', 'Parallel Aware': False, 'Async Capable': False, 'Startup Cost': 3395.59, 'Total Cost': 9833.29, 'Plan Rows': 1, 'Plan Width': 14, 'Disabled': False, 'Plans': [{'Node Type': 'Gather', 'Parent Relationship': 'Outer', 'Parallel Aware': False, 'Async Capable': False, 'Startup Cost': 3395.59, 'Total Cost': 9833.27, 'Plan Rows': 2, 'Plan Width': 14, 'Disabled': False, 'Workers Planned': 2, 'Single Copy': False, 'Plans': [{'Node Type': 'Aggregate', 'Strategy': 'Sorted', 'Partial Mode': 'Partial', 'Parent Relationship': 'Outer', 'Parallel Aware': False, 'Async Capable': False, 'Startup Cost': 2395.59, 'Total Cost': 8833.07, 'Plan Rows': 1, 'Plan Width': 14, 'Disabled': False, 'Plans': [{'Node Type': 'Hash Join', 'Parent Relationship': 'Outer', 'Parallel Aware': False, 'Async Capable': False, 'Join Type': 'Inner', 'Startup Cost': 2395.59, 'Total Cost': 8702.82, 'Plan Rows': 52098, 'Plan Width': 10, 'Disabled': False, 'Inner Unique': True, 'Hash Cond': '(a.patient_id = p.patient_id)', 'Plans': [{'Node Type': 'Seq Scan', 'Parent Relationship': 'Outer', 'Parallel Aware': True, 'Async Capable': False, 'Relation Name': 'appointments', 'Alias': 'a', 'Startup Cost': 0.0, 'Total Cost': 5760.33, 'Plan Rows': 208333, 'Plan Width': 8, 'Disabled': False}, {'Node Type': 'Hash', 'Parent Relationship': 'Inner', 'Parallel Aware': False, 'Async Capable': False, 'Startup Cost': 2083.0, 'Total Cost': 2083.0, 'Plan Rows': 25007, 'Plan Width': 10, 'Disabled': False, 'Plans': [{'Node Type': 'Seq Scan', 'Parent Relationship': 'Outer', 'Parallel Aware': False, 'Async Capable': False, 'Relation Name': 'patients', 'Alias': 'p', 'Startup Cost': 0.0, 'Total Cost': 2083.0, 'Plan Rows': 25007, 'Plan Width': 10, 'Disabled': False, 'Filter': ""((city)::text = 'Mumbai'::text)""}]}]}]}]}]}}",102.66160010360181
Q165,5,"SELECT p.city, COUNT(a.appointment_id)
            FROM patients p
            JOIN appointments a
            ON p.patient_id = a.patient_id
            WHERE p.city = 'Lucknow'
            GROUP BY p.city;","{'Plan': {'Node Type': 'Aggregate', 'Strategy': 'Sorted', 'Partial Mode': 'Finalize', 'Parallel Aware': False, 'Async Capable': False, 'Startup Cost': 3393.62, 'Total Cost': 9830.51, 'Plan Rows': 1, 'Plan Width': 14, 'Disabled': False, 'Plans': [{'Node Type': 'Gather', 'Parent Relationship': 'Outer', 'Parallel Aware': False, 'Async Capable': False, 'Startup Cost': 3393.62, 'Total Cost': 9830.49, 'Plan Rows': 2, 'Plan Width': 14, 'Disabled': False, 'Workers Planned': 2, 'Single Copy': False, 'Plans': [{'Node Type': 'Aggregate', 'Strategy': 'Sorted', 'Partial Mode': 'Partial', 'Parent Relationship': 'Outer', 'Parallel Aware': False, 'Async Capable': False, 'Startup Cost': 2393.62, 'Total Cost': 8830.29, 'Plan Rows': 1, 'Plan Width': 14, 'Disabled': False, 'Plans': [{'Node Type': 'Hash Join', 'Parent Relationship': 'Outer', 'Parallel Aware': False, 'Async Capable': False, 'Join Type': 'Inner', 'Startup Cost': 2393.62, 'Total Cost': 8700.85, 'Plan Rows': 51771, 'Plan Width': 10, 'Disabled': False, 'Inner Unique': True, 'Hash Cond': '(a.patient_id = p.patient_id)', 'Plans': [{'Node Type': 'Seq Scan', 'Parent Relationship': 'Outer', 'Parallel Aware': True, 'Async Capable': False, 'Relation Name': 'appointments', 'Alias': 'a', 'Startup Cost': 0.0, 'Total Cost': 5760.33, 'Plan Rows': 208333, 'Plan Width': 8, 'Disabled': False}, {'Node Type': 'Hash', 'Parent Relationship': 'Inner', 'Parallel Aware': False, 'Async Capable': False, 'Startup Cost': 2083.0, 'Total Cost': 2083.0, 'Plan Rows': 24850, 'Plan Width': 10, 'Disabled': False, 'Plans': [{'Node Type': 'Seq Scan', 'Parent Relationship': 'Outer', 'Parallel Aware': False, 'Async Capable': False, 'Relation Name': 'patients', 'Alias': 'p', 'Startup Cost': 0.0, 'Total Cost': 2083.0, 'Plan Rows': 24850, 'Plan Width': 10, 'Disabled': False, 'Filter': ""((city)::text = 'Lucknow'::text)""}]}]}]}]}]}}",82.40980003029108
Q166,3,"SELECT city, COUNT(*)
            FROM patients
            GROUP BY city;","{'Plan': {'Node Type': 'Aggregate', 'Strategy': 'Hashed', 'Partial Mode': 'Simple', 'Parallel Aware': False, 'Async Capable': False, 'Startup Cost': 2333.0, 'Total Cost': 2333.04, 'Plan Rows': 4, 'Plan Width': 14, 'Disabled': False, 'Group Key': ['city'], 'Planned Partitions': 0, 'Plans': [{'Node Type': 'Seq Scan', 'Parent Relationship': 'Outer', 'Parallel Aware': False, 'Async Capable': False, 'Relation Name': 'patients', 'Alias': 'patients', 'Startup Cost': 0.0, 'Total Cost': 1833.0, 'Plan Rows': 100000, 'Plan Width': 6, 'Disabled': False}]}}",23.42860004864633
Q167,3,"SELECT city, COUNT(*)
            FROM patients
            GROUP BY city;","{'Plan': {'Node Type': 'Aggregate', 'Strategy': 'Hashed', 'Partial Mode': 'Simple', 'Parallel Aware': False, 'Async Capable': False, 'Startup Cost': 2333.0, 'Total Cost': 2333.04, 'Plan Rows': 4, 'Plan Width': 14, 'Disabled': False, 'Group Key': ['city'], 'Planned Partitions': 0, 'Plans': [{'Node Type': 'Seq Scan', 'Parent Relationship': 'Outer', 'Parallel Aware': False, 'Async Capable': False, 'Relation Name': 'patients', 'Alias': 'patients', 'Startup Cost': 0.0, 'Total Cost': 1833.0, 'Plan Rows': 100000, 'Plan Width': 6, 'Disabled': False}]}}",20.202599931508303
Q168,5,"SELECT p.city, COUNT(a.appointment_id)
            FROM patients p
            JOIN appointments a
            ON p.patient_id = a.patient_id
            WHERE p.city = 'Kanpur'
            GROUP BY p.city;","{'Plan': {'Node Type': 'Aggregate', 'Strategy': 'Sorted', 'Partial Mode': 'Finalize', 'Parallel Aware': False, 'Async Capable': False, 'Startup Cost': 3397.96, 'Total Cost': 9836.65, 'Plan Rows': 1, 'Plan Width': 14, 'Disabled': False, 'Plans': [{'Node Type': 'Gather', 'Parent Relationship': 'Outer', 'Parallel Aware': False, 'Async Capable': False, 'Startup Cost': 3397.96, 'Total Cost': 9836.64, 'Plan Rows': 2, 'Plan Width': 14, 'Disabled': False, 'Workers Planned': 2, 'Single Copy': False, 'Plans': [{'Node Type': 'Aggregate', 'Strategy': 'Sorted', 'Partial Mode': 'Partial', 'Parent Relationship': 'Outer', 'Parallel Aware': False, 'Async Capable': False, 'Startup Cost': 2397.96, 'Total Cost': 8836.44, 'Plan Rows': 1, 'Plan Width': 14, 'Disabled': False, 'Plans': [{'Node Type': 'Hash Join', 'Parent Relationship': 'Outer', 'Parallel Aware': False, 'Async Capable': False, 'Join Type': 'Inner', 'Startup Cost': 2397.96, 'Total Cost': 8705.19, 'Plan Rows': 52494, 'Plan Width': 10, 'Disabled': False, 'Inner Unique': True, 'Hash Cond': '(a.patient_id = p.patient_id)', 'Plans': [{'Node Type': 'Seq Scan', 'Parent Relationship': 'Outer', 'Parallel Aware': True, 'Async Capable': False, 'Relation Name': 'appointments', 'Alias': 'a', 'Startup Cost': 0.0, 'Total Cost': 5760.33, 'Plan Rows': 208333, 'Plan Width': 8, 'Disabled': False}, {'Node Type': 'Hash', 'Parent Relationship': 'Inner', 'Parallel Aware': False, 'Async Capable': False, 'Startup Cost': 2083.0, 'Total Cost': 2083.0, 'Plan Rows': 25197, 'Plan Width': 10, 'Disabled': False, 'Plans': [{'Node Type': 'Seq Scan', 'Parent Relationship': 'Outer', 'Parallel Aware': False, 'Async Capable': False, 'Relation Name': 'patients', 'Alias': 'p', 'Startup Cost': 0.0, 'Total Cost': 2083.0, 'Plan Rows': 25197, 'Plan Width': 10, 'Disabled': False, 'Filter': ""((city)::text = 'Kanpur'::text)""}]}]}]}]}]}}",86.92469983361661
Q169,4,"SELECT p.name, a.appointment_date
            FROM patients p
            JOIN appointments a
            ON p.patient_id = a.patient_id;","{'Plan': {'Node Type': 'Hash Join', 'Parallel Aware': False, 'Async Capable': False, 'Join Type': 'Inner', 'Startup Cost': 3083.0, 'Total Cost': 13072.56, 'Plan Rows': 500000, 'Plan Width': 17, 'Disabled': False, 'Inner Unique': True, 'Hash Cond': '(a.patient_id = p.patient_id)', 'Plans': [{'Node Type': 'Seq Scan', 'Parent Relationship': 'Outer', 'Parallel Aware': False, 'Async Capable': False, 'Relation Name': 'appointments', 'Alias': 'a', 'Startup Cost': 0.0, 'Total Cost': 8677.0, 'Plan Rows': 500000, 'Plan Width': 8, 'Disabled': False}, {'Node Type': 'Hash', 'Parent Relationship': 'Inner', 'Parallel Aware': False, 'Async Capable': False, 'Startup Cost': 1833.0, 'Total Cost': 1833.0, 'Plan Rows': 100000, 'Plan Width': 17, 'Disabled': False, 'Plans': [{'Node Type': 'Seq Scan', 'Parent Relationship': 'Outer', 'Parallel Aware': False, 'Async Capable': False, 'Relation Name': 'patients', 'Alias': 'p', 'Startup Cost': 0.0, 'Total Cost': 1833.0, 'Plan Rows': 100000, 'Plan Width': 17, 'Disabled': False}]}]}}",582.9547001048923
Q170,5,"SELECT p.city, COUNT(a.appointment_id)
            FROM patients p
            JOIN appointments a
            ON p.patient_id = a.patient_id
            WHERE p.city = 'Kanpur'
            GROUP BY p.city;","{'Plan': {'Node Type': 'Aggregate', 'Strategy': 'Sorted', 'Partial Mode': 'Finalize', 'Parallel Aware': False, 'Async Capable': False, 'Startup Cost': 3397.96, 'Total Cost': 9836.65, 'Plan Rows': 1, 'Plan Width': 14, 'Disabled': False, 'Plans': [{'Node Type': 'Gather', 'Parent Relationship': 'Outer', 'Parallel Aware': False, 'Async Capable': False, 'Startup Cost': 3397.96, 'Total Cost': 9836.64, 'Plan Rows': 2, 'Plan Width': 14, 'Disabled': False, 'Workers Planned': 2, 'Single Copy': False, 'Plans': [{'Node Type': 'Aggregate', 'Strategy': 'Sorted', 'Partial Mode': 'Partial', 'Parent Relationship': 'Outer', 'Parallel Aware': False, 'Async Capable': False, 'Startup Cost': 2397.96, 'Total Cost': 8836.44, 'Plan Rows': 1, 'Plan Width': 14, 'Disabled': False, 'Plans': [{'Node Type': 'Hash Join', 'Parent Relationship': 'Outer', 'Parallel Aware': False, 'Async Capable': False, 'Join Type': 'Inner', 'Startup Cost': 2397.96, 'Total Cost': 8705.19, 'Plan Rows': 52494, 'Plan Width': 10, 'Disabled': False, 'Inner Unique': True, 'Hash Cond': '(a.patient_id = p.patient_id)', 'Plans': [{'Node Type': 'Seq Scan', 'Parent Relationship': 'Outer', 'Parallel Aware': True, 'Async Capable': False, 'Relation Name': 'appointments', 'Alias': 'a', 'Startup Cost': 0.0, 'Total Cost': 5760.33, 'Plan Rows': 208333, 'Plan Width': 8, 'Disabled': False}, {'Node Type': 'Hash', 'Parent Relationship': 'Inner', 'Parallel Aware': False, 'Async Capable': False, 'Startup Cost': 2083.0, 'Total Cost': 2083.0, 'Plan Rows': 25197, 'Plan Width': 10, 'Disabled': False, 'Plans': [{'Node Type': 'Seq Scan', 'Parent Relationship': 'Outer', 'Parallel Aware': False, 'Async Capable': False, 'Relation Name': 'patients', 'Alias': 'p', 'Startup Cost': 0.0, 'Total Cost': 2083.0, 'Plan Rows': 25197, 'Plan Width': 10, 'Disabled': False, 'Filter': ""((city)::text = 'Kanpur'::text)""}]}]}]}]}]}}",84.69650009647012
Q171,4,"SELECT p.name, a.appointment_date
            FROM patients p
            JOIN appointments a
            ON p.patient_id = a.patient_id;","{'Plan': {'Node Type': 'Hash Join', 'Parallel Aware': False, 'Async Capable': False, 'Join Type': 'Inner', 'Startup Cost': 3083.0, 'Total Cost': 13072.56, 'Plan Rows': 500000, 'Plan Width': 17, 'Disabled': False, 'Inner Unique': True, 'Hash Cond': '(a.patient_id = p.patient_id)', 'Plans': [{'Node Type': 'Seq Scan', 'Parent Relationship': 'Outer', 'Parallel Aware': False, 'Async Capable': False, 'Relation Name': 'appointments', 'Alias': 'a', 'Startup Cost': 0.0, 'Total Cost': 8677.0, 'Plan Rows': 500000, 'Plan Width': 8, 'Disabled': False}, {'Node Type': 'Hash', 'Parent Relationship': 'Inner', 'Parallel Aware': False, 'Async Capable': False, 'Startup Cost': 1833.0, 'Total Cost': 1833.0, 'Plan Rows': 100000, 'Plan Width': 17, 'Disabled': False, 'Plans': [{'Node Type': 'Seq Scan', 'Parent Relationship': 'Outer', 'Parallel Aware': False, 'Async Capable': False, 'Relation Name': 'patients', 'Alias': 'p', 'Startup Cost': 0.0, 'Total Cost': 1833.0, 'Plan Rows': 100000, 'Plan Width': 17, 'Disabled': False}]}]}}",597.1528999507427
Q172,3,"SELECT city, COUNT(*)
            FROM patients
            GROUP BY city;","{'Plan': {'Node Type': 'Aggregate', 'Strategy': 'Hashed', 'Partial Mode': 'Simple', 'Parallel Aware': False, 'Async Capable': False, 'Startup Cost': 2333.0, 'Total Cost': 2333.04, 'Plan Rows': 4, 'Plan Width': 14, 'Disabled': False, 'Group Key': ['city'], 'Planned Partitions': 0, 'Plans': [{'Node Type': 'Seq Scan', 'Parent Relationship': 'Outer', 'Parallel Aware': False, 'Async Capable': False, 'Relation Name': 'patients', 'Alias': 'patients', 'Startup Cost': 0.0, 'Total Cost': 1833.0, 'Plan Rows': 100000, 'Plan Width': 6, 'Disabled': False}]}}",13.140600174665451
Q173,1,"SELECT *
            FROM patients
            WHERE age > 34;","{'Plan': {'Node Type': 'Seq Scan', 'Parallel Aware': False, 'Async Capable': False, 'Relation Name': 'patients', 'Alias': 'patients', 'Startup Cost': 0.0, 'Total Cost': 2083.0, 'Plan Rows': 72973, 'Plan Width': 32, 'Disabled': False, 'Filter': '(age > 34)'}}",58.749299962073565
Q174,1,"SELECT *
            FROM patients
            WHERE age > 26;","{'Plan': {'Node Type': 'Seq Scan', 'Parallel Aware': False, 'Async Capable': False, 'Relation Name': 'patients', 'Alias': 'patients', 'Startup Cost': 0.0, 'Total Cost': 2083.0, 'Plan Rows': 85630, 'Plan Width': 32, 'Disabled': False, 'Filter': '(age > 26)'}}",69.73020010627806
Q175,2,"SELECT *
            FROM patients
            WHERE city = 'Mumbai';","{'Plan': {'Node Type': 'Seq Scan', 'Parallel Aware': False, 'Async Capable': False, 'Relation Name': 'patients', 'Alias': 'patients', 'Startup Cost': 0.0, 'Total Cost': 2083.0, 'Plan Rows': 25007, 'Plan Width': 32, 'Disabled': False, 'Filter': ""((city)::text = 'Mumbai'::text)""}}",20.67429991438985
Q176,2,"SELECT *
            FROM patients
            WHERE city = 'Mumbai';","{'Plan': {'Node Type': 'Seq Scan', 'Parallel Aware': False, 'Async Capable': False, 'Relation Name': 'patients', 'Alias': 'patients', 'Startup Cost': 0.0, 'Total Cost': 2083.0, 'Plan Rows': 25007, 'Plan Width': 32, 'Disabled': False, 'Filter': ""((city)::text = 'Mumbai'::text)""}}",27.54930010996759
Q177,5,"SELECT p.city, COUNT(a.appointment_id)
            FROM patients p
            JOIN appointments a
            ON p.patient_id = a.patient_id
            WHERE p.city = 'Kanpur'
            GROUP BY p.city;","{'Plan': {'Node Type': 'Aggregate', 'Strategy': 'Sorted', 'Partial Mode': 'Finalize', 'Parallel Aware': False, 'Async Capable': False, 'Startup Cost': 3397.96, 'Total Cost': 9836.65, 'Plan Rows': 1, 'Plan Width': 14, 'Disabled': False, 'Plans': [{'Node Type': 'Gather', 'Parent Relationship': 'Outer', 'Parallel Aware': False, 'Async Capable': False, 'Startup Cost': 3397.96, 'Total Cost': 9836.64, 'Plan Rows': 2, 'Plan Width': 14, 'Disabled': False, 'Workers Planned': 2, 'Single Copy': False, 'Plans': [{'Node Type': 'Aggregate', 'Strategy': 'Sorted', 'Partial Mode': 'Partial', 'Parent Relationship': 'Outer', 'Parallel Aware': False, 'Async Capable': False, 'Startup Cost': 2397.96, 'Total Cost': 8836.44, 'Plan Rows': 1, 'Plan Width': 14, 'Disabled': False, 'Plans': [{'Node Type': 'Hash Join', 'Parent Relationship': 'Outer', 'Parallel Aware': False, 'Async Capable': False, 'Join Type': 'Inner', 'Startup Cost': 2397.96, 'Total Cost': 8705.19, 'Plan Rows': 52494, 'Plan Width': 10, 'Disabled': False, 'Inner Unique': True, 'Hash Cond': '(a.patient_id = p.patient_id)', 'Plans': [{'Node Type': 'Seq Scan', 'Parent Relationship': 'Outer', 'Parallel Aware': True, 'Async Capable': False, 'Relation Name': 'appointments', 'Alias': 'a', 'Startup Cost': 0.0, 'Total Cost': 5760.33, 'Plan Rows': 208333, 'Plan Width': 8, 'Disabled': False}, {'Node Type': 'Hash', 'Parent Relationship': 'Inner', 'Parallel Aware': False, 'Async Capable': False, 'Startup Cost': 2083.0, 'Total Cost': 2083.0, 'Plan Rows': 25197, 'Plan Width': 10, 'Disabled': False, 'Plans': [{'Node Type': 'Seq Scan', 'Parent Relationship': 'Outer', 'Parallel Aware': False, 'Async Capable': False, 'Relation Name': 'patients', 'Alias': 'p', 'Startup Cost': 0.0, 'Total Cost': 2083.0, 'Plan Rows': 25197, 'Plan Width': 10, 'Disabled': False, 'Filter': ""((city)::text = 'Kanpur'::text)""}]}]}]}]}]}}",86.91979991272092
Q178,5,"SELECT p.city, COUNT(a.appointment_id)
            FROM patients p
            JOIN appointments a
            ON p.patient_id = a.patient_id
            WHERE p.city = 'Delhi'
            GROUP BY p.city;","{'Plan': {'Node Type': 'Aggregate', 'Strategy': 'Sorted', 'Partial Mode': 'Finalize', 'Parallel Aware': False, 'Async Capable': False, 'Startup Cost': 3394.84, 'Total Cost': 9832.22, 'Plan Rows': 1, 'Plan Width': 14, 'Disabled': False, 'Plans': [{'Node Type': 'Gather', 'Parent Relationship': 'Outer', 'Parallel Aware': False, 'Async Capable': False, 'Startup Cost': 3394.84, 'Total Cost': 9832.21, 'Plan Rows': 2, 'Plan Width': 14, 'Disabled': False, 'Workers Planned': 2, 'Single Copy': False, 'Plans': [{'Node Type': 'Aggregate', 'Strategy': 'Sorted', 'Partial Mode': 'Partial', 'Parent Relationship': 'Outer', 'Parallel Aware': False, 'Async Capable': False, 'Startup Cost': 2394.84, 'Total Cost': 8832.01, 'Plan Rows': 1, 'Plan Width': 14, 'Disabled': False, 'Plans': [{'Node Type': 'Hash Join', 'Parent Relationship': 'Outer', 'Parallel Aware': False, 'Async Capable': False, 'Join Type': 'Inner', 'Startup Cost': 2394.84, 'Total Cost': 8702.07, 'Plan Rows': 51973, 'Plan Width': 10, 'Disabled': False, 'Inner Unique': True, 'Hash Cond': '(a.patient_id = p.patient_id)', 'Plans': [{'Node Type': 'Seq Scan', 'Parent Relationship': 'Outer', 'Parallel Aware': True, 'Async Capable': False, 'Relation Name': 'appointments', 'Alias': 'a', 'Startup Cost': 0.0, 'Total Cost': 5760.33, 'Plan Rows': 208333, 'Plan Width': 8, 'Disabled': False}, {'Node Type': 'Hash', 'Parent Relationship': 'Inner', 'Parallel Aware': False, 'Async Capable': False, 'Startup Cost': 2083.0, 'Total Cost': 2083.0, 'Plan Rows': 24947, 'Plan Width': 10, 'Disabled': False, 'Plans': [{'Node Type': 'Seq Scan', 'Parent Relationship': 'Outer', 'Parallel Aware': False, 'Async Capable': False, 'Relation Name': 'patients', 'Alias': 'p', 'Startup Cost': 0.0, 'Total Cost': 2083.0, 'Plan Rows': 24947, 'Plan Width': 10, 'Disabled': False, 'Filter': ""((city)::text = 'Delhi'::text)""}]}]}]}]}]}}",83.31280015408993
Q179,1,"SELECT *
            FROM patients
            WHERE age > 43;","{'Plan': {'Node Type': 'Seq Scan', 'Parallel Aware': False, 'Async Capable': False, 'Relation Name': 'patients', 'Alias': 'patients', 'Startup Cost': 0.0, 'Total Cost': 2083.0, 'Plan Rows': 58600, 'Plan Width': 32, 'Disabled': False, 'Filter': '(age > 43)'}}",68.5618999414146
Q180,3,"SELECT city, COUNT(*)
            FROM patients
            GROUP BY city;","{'Plan': {'Node Type': 'Aggregate', 'Strategy': 'Hashed', 'Partial Mode': 'Simple', 'Parallel Aware': False, 'Async Capable': False, 'Startup Cost': 2333.0, 'Total Cost': 2333.04, 'Plan Rows': 4, 'Plan Width': 14, 'Disabled': False, 'Group Key': ['city'], 'Planned Partitions': 0, 'Plans': [{'Node Type': 'Seq Scan', 'Parent Relationship': 'Outer', 'Parallel Aware': False, 'Async Capable': False, 'Relation Name': 'patients', 'Alias': 'patients', 'Startup Cost': 0.0, 'Total Cost': 1833.0, 'Plan Rows': 100000, 'Plan Width': 6, 'Disabled': False}]}}",12.831100029870868
Q181,2,"SELECT *
            FROM patients
            WHERE city = 'Kanpur';","{'Plan': {'Node Type': 'Seq Scan', 'Parallel Aware': False, 'Async Capable': False, 'Relation Name': 'patients', 'Alias': 'patients', 'Startup Cost': 0.0, 'Total Cost': 2083.0, 'Plan Rows': 25197, 'Plan Width': 32, 'Disabled': False, 'Filter': ""((city)::text = 'Kanpur'::text)""}}",21.275600185617805
Q182,3,"SELECT city, COUNT(*)
            FROM patients
            GROUP BY city;","{'Plan': {'Node Type': 'Aggregate', 'Strategy': 'Hashed', 'Partial Mode': 'Simple', 'Parallel Aware': False, 'Async Capable': False, 'Startup Cost': 2333.0, 'Total Cost': 2333.04, 'Plan Rows': 4, 'Plan Width': 14, 'Disabled': False, 'Group Key': ['city'], 'Planned Partitions': 0, 'Plans': [{'Node Type': 'Seq Scan', 'Parent Relationship': 'Outer', 'Parallel Aware': False, 'Async Capable': False, 'Relation Name': 'patients', 'Alias': 'patients', 'Startup Cost': 0.0, 'Total Cost': 1833.0, 'Plan Rows': 100000, 'Plan Width': 6, 'Disabled': False}]}}",20.45339997857809
Q183,2,"SELECT *
            FROM patients
            WHERE city = 'Delhi';","{'Plan': {'Node Type': 'Seq Scan', 'Parallel Aware': False, 'Async Capable': False, 'Relation Name': 'patients', 'Alias': 'patients', 'Startup Cost': 0.0, 'Total Cost': 2083.0, 'Plan Rows': 24947, 'Plan Width': 32, 'Disabled': False, 'Filter': ""((city)::text = 'Delhi'::text)""}}",35.73799994774163
Q184,4,"SELECT p.name, a.appointment_date
            FROM patients p
            JOIN appointments a
            ON p.patient_id = a.patient_id;","{'Plan': {'Node Type': 'Hash Join', 'Parallel Aware': False, 'Async Capable': False, 'Join Type': 'Inner', 'Startup Cost': 3083.0, 'Total Cost': 13072.56, 'Plan Rows': 500000, 'Plan Width': 17, 'Disabled': False, 'Inner Unique': True, 'Hash Cond': '(a.patient_id = p.patient_id)', 'Plans': [{'Node Type': 'Seq Scan', 'Parent Relationship': 'Outer', 'Parallel Aware': False, 'Async Capable': False, 'Relation Name': 'appointments', 'Alias': 'a', 'Startup Cost': 0.0, 'Total Cost': 8677.0, 'Plan Rows': 500000, 'Plan Width': 8, 'Disabled': False}, {'Node Type': 'Hash', 'Parent Relationship': 'Inner', 'Parallel Aware': False, 'Async Capable': False, 'Startup Cost': 1833.0, 'Total Cost': 1833.0, 'Plan Rows': 100000, 'Plan Width': 17, 'Disabled': False, 'Plans': [{'Node Type': 'Seq Scan', 'Parent Relationship': 'Outer', 'Parallel Aware': False, 'Async Capable': False, 'Relation Name': 'patients', 'Alias': 'p', 'Startup Cost': 0.0, 'Total Cost': 1833.0, 'Plan Rows': 100000, 'Plan Width': 17, 'Disabled': False}]}]}}",678.2768000848591
Q185,5,"SELECT p.city, COUNT(a.appointment_id)
            FROM patients p
            JOIN appointments a
            ON p.patient_id = a.patient_id
            WHERE p.city = 'Delhi'
            GROUP BY p.city;","{'Plan': {'Node Type': 'Aggregate', 'Strategy': 'Sorted', 'Partial Mode': 'Finalize', 'Parallel Aware': False, 'Async Capable': False, 'Startup Cost': 3394.84, 'Total Cost': 9832.22, 'Plan Rows': 1, 'Plan Width': 14, 'Disabled': False, 'Plans': [{'Node Type': 'Gather', 'Parent Relationship': 'Outer', 'Parallel Aware': False, 'Async Capable': False, 'Startup Cost': 3394.84, 'Total Cost': 9832.21, 'Plan Rows': 2, 'Plan Width': 14, 'Disabled': False, 'Workers Planned': 2, 'Single Copy': False, 'Plans': [{'Node Type': 'Aggregate', 'Strategy': 'Sorted', 'Partial Mode': 'Partial', 'Parent Relationship': 'Outer', 'Parallel Aware': False, 'Async Capable': False, 'Startup Cost': 2394.84, 'Total Cost': 8832.01, 'Plan Rows': 1, 'Plan Width': 14, 'Disabled': False, 'Plans': [{'Node Type': 'Hash Join', 'Parent Relationship': 'Outer', 'Parallel Aware': False, 'Async Capable': False, 'Join Type': 'Inner', 'Startup Cost': 2394.84, 'Total Cost': 8702.07, 'Plan Rows': 51973, 'Plan Width': 10, 'Disabled': False, 'Inner Unique': True, 'Hash Cond': '(a.patient_id = p.patient_id)', 'Plans': [{'Node Type': 'Seq Scan', 'Parent Relationship': 'Outer', 'Parallel Aware': True, 'Async Capable': False, 'Relation Name': 'appointments', 'Alias': 'a', 'Startup Cost': 0.0, 'Total Cost': 5760.33, 'Plan Rows': 208333, 'Plan Width': 8, 'Disabled': False}, {'Node Type': 'Hash', 'Parent Relationship': 'Inner', 'Parallel Aware': False, 'Async Capable': False, 'Startup Cost': 2083.0, 'Total Cost': 2083.0, 'Plan Rows': 24947, 'Plan Width': 10, 'Disabled': False, 'Plans': [{'Node Type': 'Seq Scan', 'Parent Relationship': 'Outer', 'Parallel Aware': False, 'Async Capable': False, 'Relation Name': 'patients', 'Alias': 'p', 'Startup Cost': 0.0, 'Total Cost': 2083.0, 'Plan Rows': 24947, 'Plan Width': 10, 'Disabled': False, 'Filter': ""((city)::text = 'Delhi'::text)""}]}]}]}]}]}}",93.57969998382032
Q186,2,"SELECT *
            FROM patients
            WHERE city = 'Lucknow';","{'Plan': {'Node Type': 'Seq Scan', 'Parallel Aware': False, 'Async Capable': False, 'Relation Name': 'patients', 'Alias': 'patients', 'Startup Cost': 0.0, 'Total Cost': 2083.0, 'Plan Rows': 24850, 'Plan Width': 32, 'Disabled': False, 'Filter': ""((city)::text = 'Lucknow'::text)""}}",47.58830019272864
Q187,1,"SELECT *
            FROM patients
            WHERE age > 37;","{'Plan': {'Node Type': 'Seq Scan', 'Parallel Aware': False, 'Async Capable': False, 'Relation Name': 'patients', 'Alias': 'patients', 'Startup Cost': 0.0, 'Total Cost': 2083.0, 'Plan Rows': 68290, 'Plan Width': 32, 'Disabled': False, 'Filter': '(age > 37)'}}",75.43279998935759
Q188,4,"SELECT p.name, a.appointment_date
            FROM patients p
            JOIN appointments a
            ON p.patient_id = a.patient_id;","{'Plan': {'Node Type': 'Hash Join', 'Parallel Aware': False, 'Async Capable': False, 'Join Type': 'Inner', 'Startup Cost': 3083.0, 'Total Cost': 13072.56, 'Plan Rows': 500000, 'Plan Width': 17, 'Disabled': False, 'Inner Unique': True, 'Hash Cond': '(a.patient_id = p.patient_id)', 'Plans': [{'Node Type': 'Seq Scan', 'Parent Relationship': 'Outer', 'Parallel Aware': False, 'Async Capable': False, 'Relation Name': 'appointments', 'Alias': 'a', 'Startup Cost': 0.0, 'Total Cost': 8677.0, 'Plan Rows': 500000, 'Plan Width': 8, 'Disabled': False}, {'Node Type': 'Hash', 'Parent Relationship': 'Inner', 'Parallel Aware': False, 'Async Capable': False, 'Startup Cost': 1833.0, 'Total Cost': 1833.0, 'Plan Rows': 100000, 'Plan Width': 17, 'Disabled': False, 'Plans': [{'Node Type': 'Seq Scan', 'Parent Relationship': 'Outer', 'Parallel Aware': False, 'Async Capable': False, 'Relation Name': 'patients', 'Alias': 'p', 'Startup Cost': 0.0, 'Total Cost': 1833.0, 'Plan Rows': 100000, 'Plan Width': 17, 'Disabled': False}]}]}}",676.5691998880357
Q189,4,"SELECT p.name, a.appointment_date
            FROM patients p
            JOIN appointments a
            ON p.patient_id = a.patient_id;","{'Plan': {'Node Type': 'Hash Join', 'Parallel Aware': False, 'Async Capable': False, 'Join Type': 'Inner', 'Startup Cost': 3083.0, 'Total Cost': 13072.56, 'Plan Rows': 500000, 'Plan Width': 17, 'Disabled': False, 'Inner Unique': True, 'Hash Cond': '(a.patient_id = p.patient_id)', 'Plans': [{'Node Type': 'Seq Scan', 'Parent Relationship': 'Outer', 'Parallel Aware': False, 'Async Capable': False, 'Relation Name': 'appointments', 'Alias': 'a', 'Startup Cost': 0.0, 'Total Cost': 8677.0, 'Plan Rows': 500000, 'Plan Width': 8, 'Disabled': False}, {'Node Type': 'Hash', 'Parent Relationship': 'Inner', 'Parallel Aware': False, 'Async Capable': False, 'Startup Cost': 1833.0, 'Total Cost': 1833.0, 'Plan Rows': 100000, 'Plan Width': 17, 'Disabled': False, 'Plans': [{'Node Type': 'Seq Scan', 'Parent Relationship': 'Outer', 'Parallel Aware': False, 'Async Capable': False, 'Relation Name': 'patients', 'Alias': 'p', 'Startup Cost': 0.0, 'Total Cost': 1833.0, 'Plan Rows': 100000, 'Plan Width': 17, 'Disabled': False}]}]}}",652.6379999704659
Q190,2,"SELECT *
            FROM patients
            WHERE city = 'Mumbai';","{'Plan': {'Node Type': 'Seq Scan', 'Parallel Aware': False, 'Async Capable': False, 'Relation Name': 'patients', 'Alias': 'patients', 'Startup Cost': 0.0, 'Total Cost': 2083.0, 'Plan Rows': 25007, 'Plan Width': 32, 'Disabled': False, 'Filter': ""((city)::text = 'Mumbai'::text)""}}",29.59329984150827
Q191,5,"SELECT p.city, COUNT(a.appointment_id)
            FROM patients p
            JOIN appointments a
            ON p.patient_id = a.patient_id
            WHERE p.city = 'Lucknow'
            GROUP BY p.city;","{'Plan': {'Node Type': 'Aggregate', 'Strategy': 'Sorted', 'Partial Mode': 'Finalize', 'Parallel Aware': False, 'Async Capable': False, 'Startup Cost': 3393.62, 'Total Cost': 9830.51, 'Plan Rows': 1, 'Plan Width': 14, 'Disabled': False, 'Plans': [{'Node Type': 'Gather', 'Parent Relationship': 'Outer', 'Parallel Aware': False, 'Async Capable': False, 'Startup Cost': 3393.62, 'Total Cost': 9830.49, 'Plan Rows': 2, 'Plan Width': 14, 'Disabled': False, 'Workers Planned': 2, 'Single Copy': False, 'Plans': [{'Node Type': 'Aggregate', 'Strategy': 'Sorted', 'Partial Mode': 'Partial', 'Parent Relationship': 'Outer', 'Parallel Aware': False, 'Async Capable': False, 'Startup Cost': 2393.62, 'Total Cost': 8830.29, 'Plan Rows': 1, 'Plan Width': 14, 'Disabled': False, 'Plans': [{'Node Type': 'Hash Join', 'Parent Relationship': 'Outer', 'Parallel Aware': False, 'Async Capable': False, 'Join Type': 'Inner', 'Startup Cost': 2393.62, 'Total Cost': 8700.85, 'Plan Rows': 51771, 'Plan Width': 10, 'Disabled': False, 'Inner Unique': True, 'Hash Cond': '(a.patient_id = p.patient_id)', 'Plans': [{'Node Type': 'Seq Scan', 'Parent Relationship': 'Outer', 'Parallel Aware': True, 'Async Capable': False, 'Relation Name': 'appointments', 'Alias': 'a', 'Startup Cost': 0.0, 'Total Cost': 5760.33, 'Plan Rows': 208333, 'Plan Width': 8, 'Disabled': False}, {'Node Type': 'Hash', 'Parent Relationship': 'Inner', 'Parallel Aware': False, 'Async Capable': False, 'Startup Cost': 2083.0, 'Total Cost': 2083.0, 'Plan Rows': 24850, 'Plan Width': 10, 'Disabled': False, 'Plans': [{'Node Type': 'Seq Scan', 'Parent Relationship': 'Outer', 'Parallel Aware': False, 'Async Capable': False, 'Relation Name': 'patients', 'Alias': 'p', 'Startup Cost': 0.0, 'Total Cost': 2083.0, 'Plan Rows': 24850, 'Plan Width': 10, 'Disabled': False, 'Filter': ""((city)::text = 'Lucknow'::text)""}]}]}]}]}]}}",165.45339999720454
Q192,3,"SELECT city, COUNT(*)
            FROM patients
            GROUP BY city;","{'Plan': {'Node Type': 'Aggregate', 'Strategy': 'Hashed', 'Partial Mode': 'Simple', 'Parallel Aware': False, 'Async Capable': False, 'Startup Cost': 2333.0, 'Total Cost': 2333.04, 'Plan Rows': 4, 'Plan Width': 14, 'Disabled': False, 'Group Key': ['city'], 'Planned Partitions': 0, 'Plans': [{'Node Type': 'Seq Scan', 'Parent Relationship': 'Outer', 'Parallel Aware': False, 'Async Capable': False, 'Relation Name': 'patients', 'Alias': 'patients', 'Startup Cost': 0.0, 'Total Cost': 1833.0, 'Plan Rows': 100000, 'Plan Width': 6, 'Disabled': False}]}}",20.23839997127652
Q193,5,"SELECT p.city, COUNT(a.appointment_id)
            FROM patients p
            JOIN appointments a
            ON p.patient_id = a.patient_id
            WHERE p.city = 'Lucknow'
            GROUP BY p.city;","{'Plan': {'Node Type': 'Aggregate', 'Strategy': 'Sorted', 'Partial Mode': 'Finalize', 'Parallel Aware': False, 'Async Capable': False, 'Startup Cost': 3393.62, 'Total Cost': 9830.51, 'Plan Rows': 1, 'Plan Width': 14, 'Disabled': False, 'Plans': [{'Node Type': 'Gather', 'Parent Relationship': 'Outer', 'Parallel Aware': False, 'Async Capable': False, 'Startup Cost': 3393.62, 'Total Cost': 9830.49, 'Plan Rows': 2, 'Plan Width': 14, 'Disabled': False, 'Workers Planned': 2, 'Single Copy': False, 'Plans': [{'Node Type': 'Aggregate', 'Strategy': 'Sorted', 'Partial Mode': 'Partial', 'Parent Relationship': 'Outer', 'Parallel Aware': False, 'Async Capable': False, 'Startup Cost': 2393.62, 'Total Cost': 8830.29, 'Plan Rows': 1, 'Plan Width': 14, 'Disabled': False, 'Plans': [{'Node Type': 'Hash Join', 'Parent Relationship': 'Outer', 'Parallel Aware': False, 'Async Capable': False, 'Join Type': 'Inner', 'Startup Cost': 2393.62, 'Total Cost': 8700.85, 'Plan Rows': 51771, 'Plan Width': 10, 'Disabled': False, 'Inner Unique': True, 'Hash Cond': '(a.patient_id = p.patient_id)', 'Plans': [{'Node Type': 'Seq Scan', 'Parent Relationship': 'Outer', 'Parallel Aware': True, 'Async Capable': False, 'Relation Name': 'appointments', 'Alias': 'a', 'Startup Cost': 0.0, 'Total Cost': 5760.33, 'Plan Rows': 208333, 'Plan Width': 8, 'Disabled': False}, {'Node Type': 'Hash', 'Parent Relationship': 'Inner', 'Parallel Aware': False, 'Async Capable': False, 'Startup Cost': 2083.0, 'Total Cost': 2083.0, 'Plan Rows': 24850, 'Plan Width': 10, 'Disabled': False, 'Plans': [{'Node Type': 'Seq Scan', 'Parent Relationship': 'Outer', 'Parallel Aware': False, 'Async Capable': False, 'Relation Name': 'patients', 'Alias': 'p', 'Startup Cost': 0.0, 'Total Cost': 2083.0, 'Plan Rows': 24850, 'Plan Width': 10, 'Disabled': False, 'Filter': ""((city)::text = 'Lucknow'::text)""}]}]}]}]}]}}",92.82949985936284
Q194,2,"SELECT *
            FROM patients
            WHERE city = 'Lucknow';","{'Plan': {'Node Type': 'Seq Scan', 'Parallel Aware': False, 'Async Capable': False, 'Relation Name': 'patients', 'Alias': 'patients', 'Startup Cost': 0.0, 'Total Cost': 2083.0, 'Plan Rows': 24850, 'Plan Width': 32, 'Disabled': False, 'Filter': ""((city)::text = 'Lucknow'::text)""}}",40.56069999933243
Q195,1,"SELECT *
            FROM patients
            WHERE age > 50;","{'Plan': {'Node Type': 'Seq Scan', 'Parallel Aware': False, 'Async Capable': False, 'Relation Name': 'patients', 'Alias': 'patients', 'Startup Cost': 0.0, 'Total Cost': 2083.0, 'Plan Rows': 47137, 'Plan Width': 32, 'Disabled': False, 'Filter': '(age > 50)'}}",47.02659999020398
Q196,1,"SELECT *
            FROM patients
            WHERE age > 44;","{'Plan': {'Node Type': 'Seq Scan', 'Parallel Aware': False, 'Async Capable': False, 'Relation Name': 'patients', 'Alias': 'patients', 'Startup Cost': 0.0, 'Total Cost': 2083.0, 'Plan Rows': 56903, 'Plan Width': 32, 'Disabled': False, 'Filter': '(age > 44)'}}",72.74199998937547
Q197,2,"SELECT *
            FROM patients
            WHERE city = 'Kanpur';","{'Plan': {'Node Type': 'Seq Scan', 'Parallel Aware': False, 'Async Capable': False, 'Relation Name': 'patients', 'Alias': 'patients', 'Startup Cost': 0.0, 'Total Cost': 2083.0, 'Plan Rows': 25197, 'Plan Width': 32, 'Disabled': False, 'Filter': ""((city)::text = 'Kanpur'::text)""}}",50.42780004441738
Q198,4,"SELECT p.name, a.appointment_date
            FROM patients p
            JOIN appointments a
            ON p.patient_id = a.patient_id;","{'Plan': {'Node Type': 'Hash Join', 'Parallel Aware': False, 'Async Capable': False, 'Join Type': 'Inner', 'Startup Cost': 3083.0, 'Total Cost': 13072.56, 'Plan Rows': 500000, 'Plan Width': 17, 'Disabled': False, 'Inner Unique': True, 'Hash Cond': '(a.patient_id = p.patient_id)', 'Plans': [{'Node Type': 'Seq Scan', 'Parent Relationship': 'Outer', 'Parallel Aware': False, 'Async Capable': False, 'Relation Name': 'appointments', 'Alias': 'a', 'Startup Cost': 0.0, 'Total Cost': 8677.0, 'Plan Rows': 500000, 'Plan Width': 8, 'Disabled': False}, {'Node Type': 'Hash', 'Parent Relationship': 'Inner', 'Parallel Aware': False, 'Async Capable': False, 'Startup Cost': 1833.0, 'Total Cost': 1833.0, 'Plan Rows': 100000, 'Plan Width': 17, 'Disabled': False, 'Plans': [{'Node Type': 'Seq Scan', 'Parent Relationship': 'Outer', 'Parallel Aware': False, 'Async Capable': False, 'Relation Name': 'patients', 'Alias': 'p', 'Startup Cost': 0.0, 'Total Cost': 1833.0, 'Plan Rows': 100000, 'Plan Width': 17, 'Disabled': False}]}]}}",645.0043998192996
Q199,4,"SELECT p.name, a.appointment_date
            FROM patients p
            JOIN appointments a
            ON p.patient_id = a.patient_id;","{'Plan': {'Node Type': 'Hash Join', 'Parallel Aware': False, 'Async Capable': False, 'Join Type': 'Inner', 'Startup Cost': 3083.0, 'Total Cost': 13072.56, 'Plan Rows': 500000, 'Plan Width': 17, 'Disabled': False, 'Inner Unique': True, 'Hash Cond': '(a.patient_id = p.patient_id)', 'Plans': [{'Node Type': 'Seq Scan', 'Parent Relationship': 'Outer', 'Parallel Aware': False, 'Async Capable': False, 'Relation Name': 'appointments', 'Alias': 'a', 'Startup Cost': 0.0, 'Total Cost': 8677.0, 'Plan Rows': 500000, 'Plan Width': 8, 'Disabled': False}, {'Node Type': 'Hash', 'Parent Relationship': 'Inner', 'Parallel Aware': False, 'Async Capable': False, 'Startup Cost': 1833.0, 'Total Cost': 1833.0, 'Plan Rows': 100000, 'Plan Width': 17, 'Disabled': False, 'Plans': [{'Node Type': 'Seq Scan', 'Parent Relationship': 'Outer', 'Parallel Aware': False, 'Async Capable': False, 'Relation Name': 'patients', 'Alias': 'p', 'Startup Cost': 0.0, 'Total Cost': 1833.0, 'Plan Rows': 100000, 'Plan Width': 17, 'Disabled': False}]}]}}",684.1908998321742
Q200,3,"SELECT city, COUNT(*)
            FROM patients
            GROUP BY city;","{'Plan': {'Node Type': 'Aggregate', 'Strategy': 'Hashed', 'Partial Mode': 'Simple', 'Parallel Aware': False, 'Async Capable': False, 'Startup Cost': 2333.0, 'Total Cost': 2333.04, 'Plan Rows': 4, 'Plan Width': 14, 'Disabled': False, 'Group Key': ['city'], 'Planned Partitions': 0, 'Plans': [{'Node Type': 'Seq Scan', 'Parent Relationship': 'Outer', 'Parallel Aware': False, 'Async Capable': False, 'Relation Name': 'patients', 'Alias': 'patients', 'Startup Cost': 0.0, 'Total Cost': 1833.0, 'Plan Rows': 100000, 'Plan Width': 6, 'Disabled': False}]}}",14.335599960759282
Q201,5,"SELECT p.city, COUNT(a.appointment_id)
            FROM patients p
            JOIN appointments a
            ON p.patient_id = a.patient_id
            WHERE p.city = 'Lucknow'
            GROUP BY p.city;","{'Plan': {'Node Type': 'Aggregate', 'Strategy': 'Sorted', 'Partial Mode': 'Finalize', 'Parallel Aware': False, 'Async Capable': False, 'Startup Cost': 3393.62, 'Total Cost': 9830.51, 'Plan Rows': 1, 'Plan Width': 14, 'Disabled': False, 'Plans': [{'Node Type': 'Gather', 'Parent Relationship': 'Outer', 'Parallel Aware': False, 'Async Capable': False, 'Startup Cost': 3393.62, 'Total Cost': 9830.49, 'Plan Rows': 2, 'Plan Width': 14, 'Disabled': False, 'Workers Planned': 2, 'Single Copy': False, 'Plans': [{'Node Type': 'Aggregate', 'Strategy': 'Sorted', 'Partial Mode': 'Partial', 'Parent Relationship': 'Outer', 'Parallel Aware': False, 'Async Capable': False, 'Startup Cost': 2393.62, 'Total Cost': 8830.29, 'Plan Rows': 1, 'Plan Width': 14, 'Disabled': False, 'Plans': [{'Node Type': 'Hash Join', 'Parent Relationship': 'Outer', 'Parallel Aware': False, 'Async Capable': False, 'Join Type': 'Inner', 'Startup Cost': 2393.62, 'Total Cost': 8700.85, 'Plan Rows': 51771, 'Plan Width': 10, 'Disabled': False, 'Inner Unique': True, 'Hash Cond': '(a.patient_id = p.patient_id)', 'Plans': [{'Node Type': 'Seq Scan', 'Parent Relationship': 'Outer', 'Parallel Aware': True, 'Async Capable': False, 'Relation Name': 'appointments', 'Alias': 'a', 'Startup Cost': 0.0, 'Total Cost': 5760.33, 'Plan Rows': 208333, 'Plan Width': 8, 'Disabled': False}, {'Node Type': 'Hash', 'Parent Relationship': 'Inner', 'Parallel Aware': False, 'Async Capable': False, 'Startup Cost': 2083.0, 'Total Cost': 2083.0, 'Plan Rows': 24850, 'Plan Width': 10, 'Disabled': False, 'Plans': [{'Node Type': 'Seq Scan', 'Parent Relationship': 'Outer', 'Parallel Aware': False, 'Async Capable': False, 'Relation Name': 'patients', 'Alias': 'p', 'Startup Cost': 0.0, 'Total Cost': 2083.0, 'Plan Rows': 24850, 'Plan Width': 10, 'Disabled': False, 'Filter': ""((city)::text = 'Lucknow'::text)""}]}]}]}]}]}}",91.32869984023273
Q202,5,"SELECT p.city, COUNT(a.appointment_id)
            FROM patients p
            JOIN appointments a
            ON p.patient_id = a.patient_id
            WHERE p.city = 'Mumbai'
            GROUP BY p.city;","{'Plan': {'Node Type': 'Aggregate', 'Strategy': 'Sorted', 'Partial Mode': 'Finalize', 'Parallel Aware': False, 'Async Capable': False, 'Startup Cost': 3395.59, 'Total Cost': 9833.29, 'Plan Rows': 1, 'Plan Width': 14, 'Disabled': False, 'Plans': [{'Node Type': 'Gather', 'Parent Relationship': 'Outer', 'Parallel Aware': False, 'Async Capable': False, 'Startup Cost': 3395.59, 'Total Cost': 9833.27, 'Plan Rows': 2, 'Plan Width': 14, 'Disabled': False, 'Workers Planned': 2, 'Single Copy': False, 'Plans': [{'Node Type': 'Aggregate', 'Strategy': 'Sorted', 'Partial Mode': 'Partial', 'Parent Relationship': 'Outer', 'Parallel Aware': False, 'Async Capable': False, 'Startup Cost': 2395.59, 'Total Cost': 8833.07, 'Plan Rows': 1, 'Plan Width': 14, 'Disabled': False, 'Plans': [{'Node Type': 'Hash Join', 'Parent Relationship': 'Outer', 'Parallel Aware': False, 'Async Capable': False, 'Join Type': 'Inner', 'Startup Cost': 2395.59, 'Total Cost': 8702.82, 'Plan Rows': 52098, 'Plan Width': 10, 'Disabled': False, 'Inner Unique': True, 'Hash Cond': '(a.patient_id = p.patient_id)', 'Plans': [{'Node Type': 'Seq Scan', 'Parent Relationship': 'Outer', 'Parallel Aware': True, 'Async Capable': False, 'Relation Name': 'appointments', 'Alias': 'a', 'Startup Cost': 0.0, 'Total Cost': 5760.33, 'Plan Rows': 208333, 'Plan Width': 8, 'Disabled': False}, {'Node Type': 'Hash', 'Parent Relationship': 'Inner', 'Parallel Aware': False, 'Async Capable': False, 'Startup Cost': 2083.0, 'Total Cost': 2083.0, 'Plan Rows': 25007, 'Plan Width': 10, 'Disabled': False, 'Plans': [{'Node Type': 'Seq Scan', 'Parent Relationship': 'Outer', 'Parallel Aware': False, 'Async Capable': False, 'Relation Name': 'patients', 'Alias': 'p', 'Startup Cost': 0.0, 'Total Cost': 2083.0, 'Plan Rows': 25007, 'Plan Width': 10, 'Disabled': False, 'Filter': ""((city)::text = 'Mumbai'::text)""}]}]}]}]}]}}",89.990200009197
Q203,4,"SELECT p.name, a.appointment_date
            FROM patients p
            JOIN appointments a
            ON p.patient_id = a.patient_id;","{'Plan': {'Node Type': 'Hash Join', 'Parallel Aware': False, 'Async Capable': False, 'Join Type': 'Inner', 'Startup Cost': 3083.0, 'Total Cost': 13072.56, 'Plan Rows': 500000, 'Plan Width': 17, 'Disabled': False, 'Inner Unique': True, 'Hash Cond': '(a.patient_id = p.patient_id)', 'Plans': [{'Node Type': 'Seq Scan', 'Parent Relationship': 'Outer', 'Parallel Aware': False, 'Async Capable': False, 'Relation Name': 'appointments', 'Alias': 'a', 'Startup Cost': 0.0, 'Total Cost': 8677.0, 'Plan Rows': 500000, 'Plan Width': 8, 'Disabled': False}, {'Node Type': 'Hash', 'Parent Relationship': 'Inner', 'Parallel Aware': False, 'Async Capable': False, 'Startup Cost': 1833.0, 'Total Cost': 1833.0, 'Plan Rows': 100000, 'Plan Width': 17, 'Disabled': False, 'Plans': [{'Node Type': 'Seq Scan', 'Parent Relationship': 'Outer', 'Parallel Aware': False, 'Async Capable': False, 'Relation Name': 'patients', 'Alias': 'p', 'Startup Cost': 0.0, 'Total Cost': 1833.0, 'Plan Rows': 100000, 'Plan Width': 17, 'Disabled': False}]}]}}",570.8274999633431
Q204,5,"SELECT p.city, COUNT(a.appointment_id)
            FROM patients p
            JOIN appointments a
            ON p.patient_id = a.patient_id
            WHERE p.city = 'Lucknow'
            GROUP BY p.city;","{'Plan': {'Node Type': 'Aggregate', 'Strategy': 'Sorted', 'Partial Mode': 'Finalize', 'Parallel Aware': False, 'Async Capable': False, 'Startup Cost': 3393.62, 'Total Cost': 9830.51, 'Plan Rows': 1, 'Plan Width': 14, 'Disabled': False, 'Plans': [{'Node Type': 'Gather', 'Parent Relationship': 'Outer', 'Parallel Aware': False, 'Async Capable': False, 'Startup Cost': 3393.62, 'Total Cost': 9830.49, 'Plan Rows': 2, 'Plan Width': 14, 'Disabled': False, 'Workers Planned': 2, 'Single Copy': False, 'Plans': [{'Node Type': 'Aggregate', 'Strategy': 'Sorted', 'Partial Mode': 'Partial', 'Parent Relationship': 'Outer', 'Parallel Aware': False, 'Async Capable': False, 'Startup Cost': 2393.62, 'Total Cost': 8830.29, 'Plan Rows': 1, 'Plan Width': 14, 'Disabled': False, 'Plans': [{'Node Type': 'Hash Join', 'Parent Relationship': 'Outer', 'Parallel Aware': False, 'Async Capable': False, 'Join Type': 'Inner', 'Startup Cost': 2393.62, 'Total Cost': 8700.85, 'Plan Rows': 51771, 'Plan Width': 10, 'Disabled': False, 'Inner Unique': True, 'Hash Cond': '(a.patient_id = p.patient_id)', 'Plans': [{'Node Type': 'Seq Scan', 'Parent Relationship': 'Outer', 'Parallel Aware': True, 'Async Capable': False, 'Relation Name': 'appointments', 'Alias': 'a', 'Startup Cost': 0.0, 'Total Cost': 5760.33, 'Plan Rows': 208333, 'Plan Width': 8, 'Disabled': False}, {'Node Type': 'Hash', 'Parent Relationship': 'Inner', 'Parallel Aware': False, 'Async Capable': False, 'Startup Cost': 2083.0, 'Total Cost': 2083.0, 'Plan Rows': 24850, 'Plan Width': 10, 'Disabled': False, 'Plans': [{'Node Type': 'Seq Scan', 'Parent Relationship': 'Outer', 'Parallel Aware': False, 'Async Capable': False, 'Relation Name': 'patients', 'Alias': 'p', 'Startup Cost': 0.0, 'Total Cost': 2083.0, 'Plan Rows': 24850, 'Plan Width': 10, 'Disabled': False, 'Filter': ""((city)::text = 'Lucknow'::text)""}]}]}]}]}]}}",89.2378999851644
Q205,2,"SELECT *
            FROM patients
            WHERE city = 'Mumbai';","{'Plan': {'Node Type': 'Seq Scan', 'Parallel Aware': False, 'Async Capable': False, 'Relation Name': 'patients', 'Alias': 'patients', 'Startup Cost': 0.0, 'Total Cost': 2083.0, 'Plan Rows': 25007, 'Plan Width': 32, 'Disabled': False, 'Filter': ""((city)::text = 'Mumbai'::text)""}}",34.66659993864596
Q206,3,"SELECT city, COUNT(*)
            FROM patients
            GROUP BY city;","{'Plan': {'Node Type': 'Aggregate', 'Strategy': 'Hashed', 'Partial Mode': 'Simple', 'Parallel Aware': False, 'Async Capable': False, 'Startup Cost': 2333.0, 'Total Cost': 2333.04, 'Plan Rows': 4, 'Plan Width': 14, 'Disabled': False, 'Group Key': ['city'], 'Planned Partitions': 0, 'Plans': [{'Node Type': 'Seq Scan', 'Parent Relationship': 'Outer', 'Parallel Aware': False, 'Async Capable': False, 'Relation Name': 'patients', 'Alias': 'patients', 'Startup Cost': 0.0, 'Total Cost': 1833.0, 'Plan Rows': 100000, 'Plan Width': 6, 'Disabled': False}]}}",22.53769990056753
Q207,3,"SELECT city, COUNT(*)
            FROM patients
            GROUP BY city;","{'Plan': {'Node Type': 'Aggregate', 'Strategy': 'Hashed', 'Partial Mode': 'Simple', 'Parallel Aware': False, 'Async Capable': False, 'Startup Cost': 2333.0, 'Total Cost': 2333.04, 'Plan Rows': 4, 'Plan Width': 14, 'Disabled': False, 'Group Key': ['city'], 'Planned Partitions': 0, 'Plans': [{'Node Type': 'Seq Scan', 'Parent Relationship': 'Outer', 'Parallel Aware': False, 'Async Capable': False, 'Relation Name': 'patients', 'Alias': 'patients', 'Startup Cost': 0.0, 'Total Cost': 1833.0, 'Plan Rows': 100000, 'Plan Width': 6, 'Disabled': False}]}}",19.77429981343448
Q208,5,"SELECT p.city, COUNT(a.appointment_id)
            FROM patients p
            JOIN appointments a
            ON p.patient_id = a.patient_id
            WHERE p.city = 'Mumbai'
            GROUP BY p.city;","{'Plan': {'Node Type': 'Aggregate', 'Strategy': 'Sorted', 'Partial Mode': 'Finalize', 'Parallel Aware': False, 'Async Capable': False, 'Startup Cost': 3395.59, 'Total Cost': 9833.29, 'Plan Rows': 1, 'Plan Width': 14, 'Disabled': False, 'Plans': [{'Node Type': 'Gather', 'Parent Relationship': 'Outer', 'Parallel Aware': False, 'Async Capable': False, 'Startup Cost': 3395.59, 'Total Cost': 9833.27, 'Plan Rows': 2, 'Plan Width': 14, 'Disabled': False, 'Workers Planned': 2, 'Single Copy': False, 'Plans': [{'Node Type': 'Aggregate', 'Strategy': 'Sorted', 'Partial Mode': 'Partial', 'Parent Relationship': 'Outer', 'Parallel Aware': False, 'Async Capable': False, 'Startup Cost': 2395.59, 'Total Cost': 8833.07, 'Plan Rows': 1, 'Plan Width': 14, 'Disabled': False, 'Plans': [{'Node Type': 'Hash Join', 'Parent Relationship': 'Outer', 'Parallel Aware': False, 'Async Capable': False, 'Join Type': 'Inner', 'Startup Cost': 2395.59, 'Total Cost': 8702.82, 'Plan Rows': 52098, 'Plan Width': 10, 'Disabled': False, 'Inner Unique': True, 'Hash Cond': '(a.patient_id = p.patient_id)', 'Plans': [{'Node Type': 'Seq Scan', 'Parent Relationship': 'Outer', 'Parallel Aware': True, 'Async Capable': False, 'Relation Name': 'appointments', 'Alias': 'a', 'Startup Cost': 0.0, 'Total Cost': 5760.33, 'Plan Rows': 208333, 'Plan Width': 8, 'Disabled': False}, {'Node Type': 'Hash', 'Parent Relationship': 'Inner', 'Parallel Aware': False, 'Async Capable': False, 'Startup Cost': 2083.0, 'Total Cost': 2083.0, 'Plan Rows': 25007, 'Plan Width': 10, 'Disabled': False, 'Plans': [{'Node Type': 'Seq Scan', 'Parent Relationship': 'Outer', 'Parallel Aware': False, 'Async Capable': False, 'Relation Name': 'patients', 'Alias': 'p', 'Startup Cost': 0.0, 'Total Cost': 2083.0, 'Plan Rows': 25007, 'Plan Width': 10, 'Disabled': False, 'Filter': ""((city)::text = 'Mumbai'::text)""}]}]}]}]}]}}",85.71969997137785
Q209,3,"SELECT city, COUNT(*)
            FROM patients
            GROUP BY city;","{'Plan': {'Node Type': 'Aggregate', 'Strategy': 'Hashed', 'Partial Mode': 'Simple', 'Parallel Aware': False, 'Async Capable': False, 'Startup Cost': 2333.0, 'Total Cost': 2333.04, 'Plan Rows': 4, 'Plan Width': 14, 'Disabled': False, 'Group Key': ['city'], 'Planned Partitions': 0, 'Plans': [{'Node Type': 'Seq Scan', 'Parent Relationship': 'Outer', 'Parallel Aware': False, 'Async Capable': False, 'Relation Name': 'patients', 'Alias': 'patients', 'Startup Cost': 0.0, 'Total Cost': 1833.0, 'Plan Rows': 100000, 'Plan Width': 6, 'Disabled': False}]}}",20.21500002592802
Q210,1,"SELECT *
            FROM patients
            WHERE age > 67;","{'Plan': {'Node Type': 'Seq Scan', 'Parallel Aware': False, 'Async Capable': False, 'Relation Name': 'patients', 'Alias': 'patients', 'Startup Cost': 0.0, 'Total Cost': 2083.0, 'Plan Rows': 20623, 'Plan Width': 32, 'Disabled': False, 'Filter': '(age > 67)'}}",21.430900087580085
Q211,2,"SELECT *
            FROM patients
            WHERE city = 'Mumbai';","{'Plan': {'Node Type': 'Seq Scan', 'Parallel Aware': False, 'Async Capable': False, 'Relation Name': 'patients', 'Alias': 'patients', 'Startup Cost': 0.0, 'Total Cost': 2083.0, 'Plan Rows': 25007, 'Plan Width': 32, 'Disabled': False, 'Filter': ""((city)::text = 'Mumbai'::text)""}}",26.529799913987517
Q212,1,"SELECT *
            FROM patients
            WHERE age > 57;","{'Plan': {'Node Type': 'Seq Scan', 'Parallel Aware': False, 'Async Capable': False, 'Relation Name': 'patients', 'Alias': 'patients', 'Startup Cost': 0.0, 'Total Cost': 2083.0, 'Plan Rows': 36047, 'Plan Width': 32, 'Disabled': False, 'Filter': '(age > 57)'}}",32.74929989129305
Q213,3,"SELECT city, COUNT(*)
            FROM patients
            GROUP BY city;","{'Plan': {'Node Type': 'Aggregate', 'Strategy': 'Hashed', 'Partial Mode': 'Simple', 'Parallel Aware': False, 'Async Capable': False, 'Startup Cost': 2333.0, 'Total Cost': 2333.04, 'Plan Rows': 4, 'Plan Width': 14, 'Disabled': False, 'Group Key': ['city'], 'Planned Partitions': 0, 'Plans': [{'Node Type': 'Seq Scan', 'Parent Relationship': 'Outer', 'Parallel Aware': False, 'Async Capable': False, 'Relation Name': 'patients', 'Alias': 'patients', 'Startup Cost': 0.0, 'Total Cost': 1833.0, 'Plan Rows': 100000, 'Plan Width': 6, 'Disabled': False}]}}",21.189700113609433
Q214,5,"SELECT p.city, COUNT(a.appointment_id)
            FROM patients p
            JOIN appointments a
            ON p.patient_id = a.patient_id
            WHERE p.city = 'Mumbai'
            GROUP BY p.city;","{'Plan': {'Node Type': 'Aggregate', 'Strategy': 'Sorted', 'Partial Mode': 'Finalize', 'Parallel Aware': False, 'Async Capable': False, 'Startup Cost': 3395.59, 'Total Cost': 9833.29, 'Plan Rows': 1, 'Plan Width': 14, 'Disabled': False, 'Plans': [{'Node Type': 'Gather', 'Parent Relationship': 'Outer', 'Parallel Aware': False, 'Async Capable': False, 'Startup Cost': 3395.59, 'Total Cost': 9833.27, 'Plan Rows': 2, 'Plan Width': 14, 'Disabled': False, 'Workers Planned': 2, 'Single Copy': False, 'Plans': [{'Node Type': 'Aggregate', 'Strategy': 'Sorted', 'Partial Mode': 'Partial', 'Parent Relationship': 'Outer', 'Parallel Aware': False, 'Async Capable': False, 'Startup Cost': 2395.59, 'Total Cost': 8833.07, 'Plan Rows': 1, 'Plan Width': 14, 'Disabled': False, 'Plans': [{'Node Type': 'Hash Join', 'Parent Relationship': 'Outer', 'Parallel Aware': False, 'Async Capable': False, 'Join Type': 'Inner', 'Startup Cost': 2395.59, 'Total Cost': 8702.82, 'Plan Rows': 52098, 'Plan Width': 10, 'Disabled': False, 'Inner Unique': True, 'Hash Cond': '(a.patient_id = p.patient_id)', 'Plans': [{'Node Type': 'Seq Scan', 'Parent Relationship': 'Outer', 'Parallel Aware': True, 'Async Capable': False, 'Relation Name': 'appointments', 'Alias': 'a', 'Startup Cost': 0.0, 'Total Cost': 5760.33, 'Plan Rows': 208333, 'Plan Width': 8, 'Disabled': False}, {'Node Type': 'Hash', 'Parent Relationship': 'Inner', 'Parallel Aware': False, 'Async Capable': False, 'Startup Cost': 2083.0, 'Total Cost': 2083.0, 'Plan Rows': 25007, 'Plan Width': 10, 'Disabled': False, 'Plans': [{'Node Type': 'Seq Scan', 'Parent Relationship': 'Outer', 'Parallel Aware': False, 'Async Capable': False, 'Relation Name': 'patients', 'Alias': 'p', 'Startup Cost': 0.0, 'Total Cost': 2083.0, 'Plan Rows': 25007, 'Plan Width': 10, 'Disabled': False, 'Filter': ""((city)::text = 'Mumbai'::text)""}]}]}]}]}]}}",85.91270004399121
Q215,1,"SELECT *
            FROM patients
            WHERE age > 22;","{'Plan': {'Node Type': 'Seq Scan', 'Parallel Aware': False, 'Async Capable': False, 'Relation Name': 'patients', 'Alias': 'patients', 'Startup Cost': 0.0, 'Total Cost': 2083.0, 'Plan Rows': 92113, 'Plan Width': 32, 'Disabled': False, 'Filter': '(age > 22)'}}",68.31070012412965
Q216,1,"SELECT *
            FROM patients
            WHERE age > 36;","{'Plan': {'Node Type': 'Seq Scan', 'Parallel Aware': False, 'Async Capable': False, 'Relation Name': 'patients', 'Alias': 'patients', 'Startup Cost': 0.0, 'Total Cost': 2083.0, 'Plan Rows': 69837, 'Plan Width': 32, 'Disabled': False, 'Filter': '(age > 36)'}}",60.579000040888786
Q217,2,"SELECT *
            FROM patients
            WHERE city = 'Kanpur';","{'Plan': {'Node Type': 'Seq Scan', 'Parallel Aware': False, 'Async Capable': False, 'Relation Name': 'patients', 'Alias': 'patients', 'Startup Cost': 0.0, 'Total Cost': 2083.0, 'Plan Rows': 25197, 'Plan Width': 32, 'Disabled': False, 'Filter': ""((city)::text = 'Kanpur'::text)""}}",19.373599905520678
Q218,2,"SELECT *
            FROM patients
            WHERE city = 'Kanpur';","{'Plan': {'Node Type': 'Seq Scan', 'Parallel Aware': False, 'Async Capable': False, 'Relation Name': 'patients', 'Alias': 'patients', 'Startup Cost': 0.0, 'Total Cost': 2083.0, 'Plan Rows': 25197, 'Plan Width': 32, 'Disabled': False, 'Filter': ""((city)::text = 'Kanpur'::text)""}}",19.023299915716052
Q219,5,"SELECT p.city, COUNT(a.appointment_id)
            FROM patients p
            JOIN appointments a
            ON p.patient_id = a.patient_id
            WHERE p.city = 'Lucknow'
            GROUP BY p.city;","{'Plan': {'Node Type': 'Aggregate', 'Strategy': 'Sorted', 'Partial Mode': 'Finalize', 'Parallel Aware': False, 'Async Capable': False, 'Startup Cost': 3393.62, 'Total Cost': 9830.51, 'Plan Rows': 1, 'Plan Width': 14, 'Disabled': False, 'Plans': [{'Node Type': 'Gather', 'Parent Relationship': 'Outer', 'Parallel Aware': False, 'Async Capable': False, 'Startup Cost': 3393.62, 'Total Cost': 9830.49, 'Plan Rows': 2, 'Plan Width': 14, 'Disabled': False, 'Workers Planned': 2, 'Single Copy': False, 'Plans': [{'Node Type': 'Aggregate', 'Strategy': 'Sorted', 'Partial Mode': 'Partial', 'Parent Relationship': 'Outer', 'Parallel Aware': False, 'Async Capable': False, 'Startup Cost': 2393.62, 'Total Cost': 8830.29, 'Plan Rows': 1, 'Plan Width': 14, 'Disabled': False, 'Plans': [{'Node Type': 'Hash Join', 'Parent Relationship': 'Outer', 'Parallel Aware': False, 'Async Capable': False, 'Join Type': 'Inner', 'Startup Cost': 2393.62, 'Total Cost': 8700.85, 'Plan Rows': 51771, 'Plan Width': 10, 'Disabled': False, 'Inner Unique': True, 'Hash Cond': '(a.patient_id = p.patient_id)', 'Plans': [{'Node Type': 'Seq Scan', 'Parent Relationship': 'Outer', 'Parallel Aware': True, 'Async Capable': False, 'Relation Name': 'appointments', 'Alias': 'a', 'Startup Cost': 0.0, 'Total Cost': 5760.33, 'Plan Rows': 208333, 'Plan Width': 8, 'Disabled': False}, {'Node Type': 'Hash', 'Parent Relationship': 'Inner', 'Parallel Aware': False, 'Async Capable': False, 'Startup Cost': 2083.0, 'Total Cost': 2083.0, 'Plan Rows': 24850, 'Plan Width': 10, 'Disabled': False, 'Plans': [{'Node Type': 'Seq Scan', 'Parent Relationship': 'Outer', 'Parallel Aware': False, 'Async Capable': False, 'Relation Name': 'patients', 'Alias': 'p', 'Startup Cost': 0.0, 'Total Cost': 2083.0, 'Plan Rows': 24850, 'Plan Width': 10, 'Disabled': False, 'Filter': ""((city)::text = 'Lucknow'::text)""}]}]}]}]}]}}",87.30999985709786
Q220,2,"SELECT *
            FROM patients
            WHERE city = 'Delhi';","{'Plan': {'Node Type': 'Seq Scan', 'Parallel Aware': False, 'Async Capable': False, 'Relation Name': 'patients', 'Alias': 'patients', 'Startup Cost': 0.0, 'Total Cost': 2083.0, 'Plan Rows': 24947, 'Plan Width': 32, 'Disabled': False, 'Filter': ""((city)::text = 'Delhi'::text)""}}",25.700300000607967
Q221,5,"SELECT p.city, COUNT(a.appointment_id)
            FROM patients p
            JOIN appointments a
            ON p.patient_id = a.patient_id
            WHERE p.city = 'Delhi'
            GROUP BY p.city;","{'Plan': {'Node Type': 'Aggregate', 'Strategy': 'Sorted', 'Partial Mode': 'Finalize', 'Parallel Aware': False, 'Async Capable': False, 'Startup Cost': 3394.84, 'Total Cost': 9832.22, 'Plan Rows': 1, 'Plan Width': 14, 'Disabled': False, 'Plans': [{'Node Type': 'Gather', 'Parent Relationship': 'Outer', 'Parallel Aware': False, 'Async Capable': False, 'Startup Cost': 3394.84, 'Total Cost': 9832.21, 'Plan Rows': 2, 'Plan Width': 14, 'Disabled': False, 'Workers Planned': 2, 'Single Copy': False, 'Plans': [{'Node Type': 'Aggregate', 'Strategy': 'Sorted', 'Partial Mode': 'Partial', 'Parent Relationship': 'Outer', 'Parallel Aware': False, 'Async Capable': False, 'Startup Cost': 2394.84, 'Total Cost': 8832.01, 'Plan Rows': 1, 'Plan Width': 14, 'Disabled': False, 'Plans': [{'Node Type': 'Hash Join', 'Parent Relationship': 'Outer', 'Parallel Aware': False, 'Async Capable': False, 'Join Type': 'Inner', 'Startup Cost': 2394.84, 'Total Cost': 8702.07, 'Plan Rows': 51973, 'Plan Width': 10, 'Disabled': False, 'Inner Unique': True, 'Hash Cond': '(a.patient_id = p.patient_id)', 'Plans': [{'Node Type': 'Seq Scan', 'Parent Relationship': 'Outer', 'Parallel Aware': True, 'Async Capable': False, 'Relation Name': 'appointments', 'Alias': 'a', 'Startup Cost': 0.0, 'Total Cost': 5760.33, 'Plan Rows': 208333, 'Plan Width': 8, 'Disabled': False}, {'Node Type': 'Hash', 'Parent Relationship': 'Inner', 'Parallel Aware': False, 'Async Capable': False, 'Startup Cost': 2083.0, 'Total Cost': 2083.0, 'Plan Rows': 24947, 'Plan Width': 10, 'Disabled': False, 'Plans': [{'Node Type': 'Seq Scan', 'Parent Relationship': 'Outer', 'Parallel Aware': False, 'Async Capable': False, 'Relation Name': 'patients', 'Alias': 'p', 'Startup Cost': 0.0, 'Total Cost': 2083.0, 'Plan Rows': 24947, 'Plan Width': 10, 'Disabled': False, 'Filter': ""((city)::text = 'Delhi'::text)""}]}]}]}]}]}}",109.7148999106139
Q222,1,"SELECT *
            FROM patients
            WHERE age > 50;","{'Plan': {'Node Type': 'Seq Scan', 'Parallel Aware': False, 'Async Capable': False, 'Relation Name': 'patients', 'Alias': 'patients', 'Startup Cost': 0.0, 'Total Cost': 2083.0, 'Plan Rows': 47137, 'Plan Width': 32, 'Disabled': False, 'Filter': '(age > 50)'}}",48.37750014849007
Q223,1,"SELECT *
            FROM patients
            WHERE age > 59;","{'Plan': {'Node Type': 'Seq Scan', 'Parallel Aware': False, 'Async Capable': False, 'Relation Name': 'patients', 'Alias': 'patients', 'Startup Cost': 0.0, 'Total Cost': 2083.0, 'Plan Rows': 33017, 'Plan Width': 32, 'Disabled': False, 'Filter': '(age > 59)'}}",22.477300139144063
Q224,5,"SELECT p.city, COUNT(a.appointment_id)
            FROM patients p
            JOIN appointments a
            ON p.patient_id = a.patient_id
            WHERE p.city = 'Kanpur'
            GROUP BY p.city;","{'Plan': {'Node Type': 'Aggregate', 'Strategy': 'Sorted', 'Partial Mode': 'Finalize', 'Parallel Aware': False, 'Async Capable': False, 'Startup Cost': 3397.96, 'Total Cost': 9836.65, 'Plan Rows': 1, 'Plan Width': 14, 'Disabled': False, 'Plans': [{'Node Type': 'Gather', 'Parent Relationship': 'Outer', 'Parallel Aware': False, 'Async Capable': False, 'Startup Cost': 3397.96, 'Total Cost': 9836.64, 'Plan Rows': 2, 'Plan Width': 14, 'Disabled': False, 'Workers Planned': 2, 'Single Copy': False, 'Plans': [{'Node Type': 'Aggregate', 'Strategy': 'Sorted', 'Partial Mode': 'Partial', 'Parent Relationship': 'Outer', 'Parallel Aware': False, 'Async Capable': False, 'Startup Cost': 2397.96, 'Total Cost': 8836.44, 'Plan Rows': 1, 'Plan Width': 14, 'Disabled': False, 'Plans': [{'Node Type': 'Hash Join', 'Parent Relationship': 'Outer', 'Parallel Aware': False, 'Async Capable': False, 'Join Type': 'Inner', 'Startup Cost': 2397.96, 'Total Cost': 8705.19, 'Plan Rows': 52494, 'Plan Width': 10, 'Disabled': False, 'Inner Unique': True, 'Hash Cond': '(a.patient_id = p.patient_id)', 'Plans': [{'Node Type': 'Seq Scan', 'Parent Relationship': 'Outer', 'Parallel Aware': True, 'Async Capable': False, 'Relation Name': 'appointments', 'Alias': 'a', 'Startup Cost': 0.0, 'Total Cost': 5760.33, 'Plan Rows': 208333, 'Plan Width': 8, 'Disabled': False}, {'Node Type': 'Hash', 'Parent Relationship': 'Inner', 'Parallel Aware': False, 'Async Capable': False, 'Startup Cost': 2083.0, 'Total Cost': 2083.0, 'Plan Rows': 25197, 'Plan Width': 10, 'Disabled': False, 'Plans': [{'Node Type': 'Seq Scan', 'Parent Relationship': 'Outer', 'Parallel Aware': False, 'Async Capable': False, 'Relation Name': 'patients', 'Alias': 'p', 'Startup Cost': 0.0, 'Total Cost': 2083.0, 'Plan Rows': 25197, 'Plan Width': 10, 'Disabled': False, 'Filter': ""((city)::text = 'Kanpur'::text)""}]}]}]}]}]}}",83.07669986970723
Q225,1,"SELECT *
            FROM patients
            WHERE age > 67;","{'Plan': {'Node Type': 'Seq Scan', 'Parallel Aware': False, 'Async Capable': False, 'Relation Name': 'patients', 'Alias': 'patients', 'Startup Cost': 0.0, 'Total Cost': 2083.0, 'Plan Rows': 20623, 'Plan Width': 32, 'Disabled': False, 'Filter': '(age > 67)'}}",22.235700162127614
Q226,4,"SELECT p.name, a.appointment_date
            FROM patients p
            JOIN appointments a
            ON p.patient_id = a.patient_id;","{'Plan': {'Node Type': 'Hash Join', 'Parallel Aware': False, 'Async Capable': False, 'Join Type': 'Inner', 'Startup Cost': 3083.0, 'Total Cost': 13072.56, 'Plan Rows': 500000, 'Plan Width': 17, 'Disabled': False, 'Inner Unique': True, 'Hash Cond': '(a.patient_id = p.patient_id)', 'Plans': [{'Node Type': 'Seq Scan', 'Parent Relationship': 'Outer', 'Parallel Aware': False, 'Async Capable': False, 'Relation Name': 'appointments', 'Alias': 'a', 'Startup Cost': 0.0, 'Total Cost': 8677.0, 'Plan Rows': 500000, 'Plan Width': 8, 'Disabled': False}, {'Node Type': 'Hash', 'Parent Relationship': 'Inner', 'Parallel Aware': False, 'Async Capable': False, 'Startup Cost': 1833.0, 'Total Cost': 1833.0, 'Plan Rows': 100000, 'Plan Width': 17, 'Disabled': False, 'Plans': [{'Node Type': 'Seq Scan', 'Parent Relationship': 'Outer', 'Parallel Aware': False, 'Async Capable': False, 'Relation Name': 'patients', 'Alias': 'p', 'Startup Cost': 0.0, 'Total Cost': 1833.0, 'Plan Rows': 100000, 'Plan Width': 17, 'Disabled': False}]}]}}",446.69999997131526
Q227,2,"SELECT *
            FROM patients
            WHERE city = 'Lucknow';","{'Plan': {'Node Type': 'Seq Scan', 'Parallel Aware': False, 'Async Capable': False, 'Relation Name': 'patients', 'Alias': 'patients', 'Startup Cost': 0.0, 'Total Cost': 2083.0, 'Plan Rows': 24850, 'Plan Width': 32, 'Disabled': False, 'Filter': ""((city)::text = 'Lucknow'::text)""}}",24.41679988987744
Q228,4,"SELECT p.name, a.appointment_date
            FROM patients p
            JOIN appointments a
            ON p.patient_id = a.patient_id;","{'Plan': {'Node Type': 'Hash Join', 'Parallel Aware': False, 'Async Capable': False, 'Join Type': 'Inner', 'Startup Cost': 3083.0, 'Total Cost': 13072.56, 'Plan Rows': 500000, 'Plan Width': 17, 'Disabled': False, 'Inner Unique': True, 'Hash Cond': '(a.patient_id = p.patient_id)', 'Plans': [{'Node Type': 'Seq Scan', 'Parent Relationship': 'Outer', 'Parallel Aware': False, 'Async Capable': False, 'Relation Name': 'appointments', 'Alias': 'a', 'Startup Cost': 0.0, 'Total Cost': 8677.0, 'Plan Rows': 500000, 'Plan Width': 8, 'Disabled': False}, {'Node Type': 'Hash', 'Parent Relationship': 'Inner', 'Parallel Aware': False, 'Async Capable': False, 'Startup Cost': 1833.0, 'Total Cost': 1833.0, 'Plan Rows': 100000, 'Plan Width': 17, 'Disabled': False, 'Plans': [{'Node Type': 'Seq Scan', 'Parent Relationship': 'Outer', 'Parallel Aware': False, 'Async Capable': False, 'Relation Name': 'patients', 'Alias': 'p', 'Startup Cost': 0.0, 'Total Cost': 1833.0, 'Plan Rows': 100000, 'Plan Width': 17, 'Disabled': False}]}]}}",473.5749000683427
Q229,2,"SELECT *
            FROM patients
            WHERE city = 'Kanpur';","{'Plan': {'Node Type': 'Seq Scan', 'Parallel Aware': False, 'Async Capable': False, 'Relation Name': 'patients', 'Alias': 'patients', 'Startup Cost': 0.0, 'Total Cost': 2083.0, 'Plan Rows': 25197, 'Plan Width': 32, 'Disabled': False, 'Filter': ""((city)::text = 'Kanpur'::text)""}}",25.691400049254298
Q230,3,"SELECT city, COUNT(*)
            FROM patients
            GROUP BY city;","{'Plan': {'Node Type': 'Aggregate', 'Strategy': 'Hashed', 'Partial Mode': 'Simple', 'Parallel Aware': False, 'Async Capable': False, 'Startup Cost': 2333.0, 'Total Cost': 2333.04, 'Plan Rows': 4, 'Plan Width': 14, 'Disabled': False, 'Group Key': ['city'], 'Planned Partitions': 0, 'Plans': [{'Node Type': 'Seq Scan', 'Parent Relationship': 'Outer', 'Parallel Aware': False, 'Async Capable': False, 'Relation Name': 'patients', 'Alias': 'patients', 'Startup Cost': 0.0, 'Total Cost': 1833.0, 'Plan Rows': 100000, 'Plan Width': 6, 'Disabled': False}]}}",12.928599957376719
Q231,3,"SELECT city, COUNT(*)
            FROM patients
            GROUP BY city;","{'Plan': {'Node Type': 'Aggregate', 'Strategy': 'Hashed', 'Partial Mode': 'Simple', 'Parallel Aware': False, 'Async Capable': False, 'Startup Cost': 2333.0, 'Total Cost': 2333.04, 'Plan Rows': 4, 'Plan Width': 14, 'Disabled': False, 'Group Key': ['city'], 'Planned Partitions': 0, 'Plans': [{'Node Type': 'Seq Scan', 'Parent Relationship': 'Outer', 'Parallel Aware': False, 'Async Capable': False, 'Relation Name': 'patients', 'Alias': 'patients', 'Startup Cost': 0.0, 'Total Cost': 1833.0, 'Plan Rows': 100000, 'Plan Width': 6, 'Disabled': False}]}}",22.836299845948815
Q232,4,"SELECT p.name, a.appointment_date
            FROM patients p
            JOIN appointments a
            ON p.patient_id = a.patient_id;","{'Plan': {'Node Type': 'Hash Join', 'Parallel Aware': False, 'Async Capable': False, 'Join Type': 'Inner', 'Startup Cost': 3083.0, 'Total Cost': 13072.56, 'Plan Rows': 500000, 'Plan Width': 17, 'Disabled': False, 'Inner Unique': True, 'Hash Cond': '(a.patient_id = p.patient_id)', 'Plans': [{'Node Type': 'Seq Scan', 'Parent Relationship': 'Outer', 'Parallel Aware': False, 'Async Capable': False, 'Relation Name': 'appointments', 'Alias': 'a', 'Startup Cost': 0.0, 'Total Cost': 8677.0, 'Plan Rows': 500000, 'Plan Width': 8, 'Disabled': False}, {'Node Type': 'Hash', 'Parent Relationship': 'Inner', 'Parallel Aware': False, 'Async Capable': False, 'Startup Cost': 1833.0, 'Total Cost': 1833.0, 'Plan Rows': 100000, 'Plan Width': 17, 'Disabled': False, 'Plans': [{'Node Type': 'Seq Scan', 'Parent Relationship': 'Outer', 'Parallel Aware': False, 'Async Capable': False, 'Relation Name': 'patients', 'Alias': 'p', 'Startup Cost': 0.0, 'Total Cost': 1833.0, 'Plan Rows': 100000, 'Plan Width': 17, 'Disabled': False}]}]}}",494.4271999411285
Q233,5,"SELECT p.city, COUNT(a.appointment_id)
            FROM patients p
            JOIN appointments a
            ON p.patient_id = a.patient_id
            WHERE p.city = 'Mumbai'
            GROUP BY p.city;","{'Plan': {'Node Type': 'Aggregate', 'Strategy': 'Sorted', 'Partial Mode': 'Finalize', 'Parallel Aware': False, 'Async Capable': False, 'Startup Cost': 3395.59, 'Total Cost': 9833.29, 'Plan Rows': 1, 'Plan Width': 14, 'Disabled': False, 'Plans': [{'Node Type': 'Gather', 'Parent Relationship': 'Outer', 'Parallel Aware': False, 'Async Capable': False, 'Startup Cost': 3395.59, 'Total Cost': 9833.27, 'Plan Rows': 2, 'Plan Width': 14, 'Disabled': False, 'Workers Planned': 2, 'Single Copy': False, 'Plans': [{'Node Type': 'Aggregate', 'Strategy': 'Sorted', 'Partial Mode': 'Partial', 'Parent Relationship': 'Outer', 'Parallel Aware': False, 'Async Capable': False, 'Startup Cost': 2395.59, 'Total Cost': 8833.07, 'Plan Rows': 1, 'Plan Width': 14, 'Disabled': False, 'Plans': [{'Node Type': 'Hash Join', 'Parent Relationship': 'Outer', 'Parallel Aware': False, 'Async Capable': False, 'Join Type': 'Inner', 'Startup Cost': 2395.59, 'Total Cost': 8702.82, 'Plan Rows': 52098, 'Plan Width': 10, 'Disabled': False, 'Inner Unique': True, 'Hash Cond': '(a.patient_id = p.patient_id)', 'Plans': [{'Node Type': 'Seq Scan', 'Parent Relationship': 'Outer', 'Parallel Aware': True, 'Async Capable': False, 'Relation Name': 'appointments', 'Alias': 'a', 'Startup Cost': 0.0, 'Total Cost': 5760.33, 'Plan Rows': 208333, 'Plan Width': 8, 'Disabled': False}, {'Node Type': 'Hash', 'Parent Relationship': 'Inner', 'Parallel Aware': False, 'Async Capable': False, 'Startup Cost': 2083.0, 'Total Cost': 2083.0, 'Plan Rows': 25007, 'Plan Width': 10, 'Disabled': False, 'Plans': [{'Node Type': 'Seq Scan', 'Parent Relationship': 'Outer', 'Parallel Aware': False, 'Async Capable': False, 'Relation Name': 'patients', 'Alias': 'p', 'Startup Cost': 0.0, 'Total Cost': 2083.0, 'Plan Rows': 25007, 'Plan Width': 10, 'Disabled': False, 'Filter': ""((city)::text = 'Mumbai'::text)""}]}]}]}]}]}}",84.26770009100437
Q234,4,"SELECT p.name, a.appointment_date
            FROM patients p
            JOIN appointments a
            ON p.patient_id = a.patient_id;","{'Plan': {'Node Type': 'Hash Join', 'Parallel Aware': False, 'Async Capable': False, 'Join Type': 'Inner', 'Startup Cost': 3083.0, 'Total Cost': 13072.56, 'Plan Rows': 500000, 'Plan Width': 17, 'Disabled': False, 'Inner Unique': True, 'Hash Cond': '(a.patient_id = p.patient_id)', 'Plans': [{'Node Type': 'Seq Scan', 'Parent Relationship': 'Outer', 'Parallel Aware': False, 'Async Capable': False, 'Relation Name': 'appointments', 'Alias': 'a', 'Startup Cost': 0.0, 'Total Cost': 8677.0, 'Plan Rows': 500000, 'Plan Width': 8, 'Disabled': False}, {'Node Type': 'Hash', 'Parent Relationship': 'Inner', 'Parallel Aware': False, 'Async Capable': False, 'Startup Cost': 1833.0, 'Total Cost': 1833.0, 'Plan Rows': 100000, 'Plan Width': 17, 'Disabled': False, 'Plans': [{'Node Type': 'Seq Scan', 'Parent Relationship': 'Outer', 'Parallel Aware': False, 'Async Capable': False, 'Relation Name': 'patients', 'Alias': 'p', 'Startup Cost': 0.0, 'Total Cost': 1833.0, 'Plan Rows': 100000, 'Plan Width': 17, 'Disabled': False}]}]}}",487.0911999605596
Q235,5,"SELECT p.city, COUNT(a.appointment_id)
            FROM patients p
            JOIN appointments a
            ON p.patient_id = a.patient_id
            WHERE p.city = 'Kanpur'
            GROUP BY p.city;","{'Plan': {'Node Type': 'Aggregate', 'Strategy': 'Sorted', 'Partial Mode': 'Finalize', 'Parallel Aware': False, 'Async Capable': False, 'Startup Cost': 3397.96, 'Total Cost': 9836.65, 'Plan Rows': 1, 'Plan Width': 14, 'Disabled': False, 'Plans': [{'Node Type': 'Gather', 'Parent Relationship': 'Outer', 'Parallel Aware': False, 'Async Capable': False, 'Startup Cost': 3397.96, 'Total Cost': 9836.64, 'Plan Rows': 2, 'Plan Width': 14, 'Disabled': False, 'Workers Planned': 2, 'Single Copy': False, 'Plans': [{'Node Type': 'Aggregate', 'Strategy': 'Sorted', 'Partial Mode': 'Partial', 'Parent Relationship': 'Outer', 'Parallel Aware': False, 'Async Capable': False, 'Startup Cost': 2397.96, 'Total Cost': 8836.44, 'Plan Rows': 1, 'Plan Width': 14, 'Disabled': False, 'Plans': [{'Node Type': 'Hash Join', 'Parent Relationship': 'Outer', 'Parallel Aware': False, 'Async Capable': False, 'Join Type': 'Inner', 'Startup Cost': 2397.96, 'Total Cost': 8705.19, 'Plan Rows': 52494, 'Plan Width': 10, 'Disabled': False, 'Inner Unique': True, 'Hash Cond': '(a.patient_id = p.patient_id)', 'Plans': [{'Node Type': 'Seq Scan', 'Parent Relationship': 'Outer', 'Parallel Aware': True, 'Async Capable': False, 'Relation Name': 'appointments', 'Alias': 'a', 'Startup Cost': 0.0, 'Total Cost': 5760.33, 'Plan Rows': 208333, 'Plan Width': 8, 'Disabled': False}, {'Node Type': 'Hash', 'Parent Relationship': 'Inner', 'Parallel Aware': False, 'Async Capable': False, 'Startup Cost': 2083.0, 'Total Cost': 2083.0, 'Plan Rows': 25197, 'Plan Width': 10, 'Disabled': False, 'Plans': [{'Node Type': 'Seq Scan', 'Parent Relationship': 'Outer', 'Parallel Aware': False, 'Async Capable': False, 'Relation Name': 'patients', 'Alias': 'p', 'Startup Cost': 0.0, 'Total Cost': 2083.0, 'Plan Rows': 25197, 'Plan Width': 10, 'Disabled': False, 'Filter': ""((city)::text = 'Kanpur'::text)""}]}]}]}]}]}}",85.23200009949505
Q236,3,"SELECT city, COUNT(*)
            FROM patients
            GROUP BY city;","{'Plan': {'Node Type': 'Aggregate', 'Strategy': 'Hashed', 'Partial Mode': 'Simple', 'Parallel Aware': False, 'Async Capable': False, 'Startup Cost': 2333.0, 'Total Cost': 2333.04, 'Plan Rows': 4, 'Plan Width': 14, 'Disabled': False, 'Group Key': ['city'], 'Planned Partitions': 0, 'Plans': [{'Node Type': 'Seq Scan', 'Parent Relationship': 'Outer', 'Parallel Aware': False, 'Async Capable': False, 'Relation Name': 'patients', 'Alias': 'patients', 'Startup Cost': 0.0, 'Total Cost': 1833.0, 'Plan Rows': 100000, 'Plan Width': 6, 'Disabled': False}]}}",22.24569977261126
Q237,4,"SELECT p.name, a.appointment_date
            FROM patients p
            JOIN appointments a
            ON p.patient_id = a.patient_id;","{'Plan': {'Node Type': 'Hash Join', 'Parallel Aware': False, 'Async Capable': False, 'Join Type': 'Inner', 'Startup Cost': 3083.0, 'Total Cost': 13072.56, 'Plan Rows': 500000, 'Plan Width': 17, 'Disabled': False, 'Inner Unique': True, 'Hash Cond': '(a.patient_id = p.patient_id)', 'Plans': [{'Node Type': 'Seq Scan', 'Parent Relationship': 'Outer', 'Parallel Aware': False, 'Async Capable': False, 'Relation Name': 'appointments', 'Alias': 'a', 'Startup Cost': 0.0, 'Total Cost': 8677.0, 'Plan Rows': 500000, 'Plan Width': 8, 'Disabled': False}, {'Node Type': 'Hash', 'Parent Relationship': 'Inner', 'Parallel Aware': False, 'Async Capable': False, 'Startup Cost': 1833.0, 'Total Cost': 1833.0, 'Plan Rows': 100000, 'Plan Width': 17, 'Disabled': False, 'Plans': [{'Node Type': 'Seq Scan', 'Parent Relationship': 'Outer', 'Parallel Aware': False, 'Async Capable': False, 'Relation Name': 'patients', 'Alias': 'p', 'Startup Cost': 0.0, 'Total Cost': 1833.0, 'Plan Rows': 100000, 'Plan Width': 17, 'Disabled': False}]}]}}",541.2695999257267
Q238,3,"SELECT city, COUNT(*)
            FROM patients
            GROUP BY city;","{'Plan': {'Node Type': 'Aggregate', 'Strategy': 'Hashed', 'Partial Mode': 'Simple', 'Parallel Aware': False, 'Async Capable': False, 'Startup Cost': 2333.0, 'Total Cost': 2333.04, 'Plan Rows': 4, 'Plan Width': 14, 'Disabled': False, 'Group Key': ['city'], 'Planned Partitions': 0, 'Plans': [{'Node Type': 'Seq Scan', 'Parent Relationship': 'Outer', 'Parallel Aware': False, 'Async Capable': False, 'Relation Name': 'patients', 'Alias': 'patients', 'Startup Cost': 0.0, 'Total Cost': 1833.0, 'Plan Rows': 100000, 'Plan Width': 6, 'Disabled': False}]}}",14.055399922654033
Q239,4,"SELECT p.name, a.appointment_date
            FROM patients p
            JOIN appointments a
            ON p.patient_id = a.patient_id;","{'Plan': {'Node Type': 'Hash Join', 'Parallel Aware': False, 'Async Capable': False, 'Join Type': 'Inner', 'Startup Cost': 3083.0, 'Total Cost': 13072.56, 'Plan Rows': 500000, 'Plan Width': 17, 'Disabled': False, 'Inner Unique': True, 'Hash Cond': '(a.patient_id = p.patient_id)', 'Plans': [{'Node Type': 'Seq Scan', 'Parent Relationship': 'Outer', 'Parallel Aware': False, 'Async Capable': False, 'Relation Name': 'appointments', 'Alias': 'a', 'Startup Cost': 0.0, 'Total Cost': 8677.0, 'Plan Rows': 500000, 'Plan Width': 8, 'Disabled': False}, {'Node Type': 'Hash', 'Parent Relationship': 'Inner', 'Parallel Aware': False, 'Async Capable': False, 'Startup Cost': 1833.0, 'Total Cost': 1833.0, 'Plan Rows': 100000, 'Plan Width': 17, 'Disabled': False, 'Plans': [{'Node Type': 'Seq Scan', 'Parent Relationship': 'Outer', 'Parallel Aware': False, 'Async Capable': False, 'Relation Name': 'patients', 'Alias': 'p', 'Startup Cost': 0.0, 'Total Cost': 1833.0, 'Plan Rows': 100000, 'Plan Width': 17, 'Disabled': False}]}]}}",585.3450000286102
Q240,2,"SELECT *
            FROM patients
            WHERE city = 'Delhi';","{'Plan': {'Node Type': 'Seq Scan', 'Parallel Aware': False, 'Async Capable': False, 'Relation Name': 'patients', 'Alias': 'patients', 'Startup Cost': 0.0, 'Total Cost': 2083.0, 'Plan Rows': 24947, 'Plan Width': 32, 'Disabled': False, 'Filter': ""((city)::text = 'Delhi'::text)""}}",23.512100102379918
Q241,3,"SELECT city, COUNT(*)
            FROM patients
            GROUP BY city;","{'Plan': {'Node Type': 'Aggregate', 'Strategy': 'Hashed', 'Partial Mode': 'Simple', 'Parallel Aware': False, 'Async Capable': False, 'Startup Cost': 2333.0, 'Total Cost': 2333.04, 'Plan Rows': 4, 'Plan Width': 14, 'Disabled': False, 'Group Key': ['city'], 'Planned Partitions': 0, 'Plans': [{'Node Type': 'Seq Scan', 'Parent Relationship': 'Outer', 'Parallel Aware': False, 'Async Capable': False, 'Relation Name': 'patients', 'Alias': 'patients', 'Startup Cost': 0.0, 'Total Cost': 1833.0, 'Plan Rows': 100000, 'Plan Width': 6, 'Disabled': False}]}}",13.249400071799755
Q242,2,"SELECT *
            FROM patients
            WHERE city = 'Delhi';","{'Plan': {'Node Type': 'Seq Scan', 'Parallel Aware': False, 'Async Capable': False, 'Relation Name': 'patients', 'Alias': 'patients', 'Startup Cost': 0.0, 'Total Cost': 2083.0, 'Plan Rows': 24947, 'Plan Width': 32, 'Disabled': False, 'Filter': ""((city)::text = 'Delhi'::text)""}}",36.664099898189306
Q243,4,"SELECT p.name, a.appointment_date
            FROM patients p
            JOIN appointments a
            ON p.patient_id = a.patient_id;","{'Plan': {'Node Type': 'Hash Join', 'Parallel Aware': False, 'Async Capable': False, 'Join Type': 'Inner', 'Startup Cost': 3083.0, 'Total Cost': 13072.56, 'Plan Rows': 500000, 'Plan Width': 17, 'Disabled': False, 'Inner Unique': True, 'Hash Cond': '(a.patient_id = p.patient_id)', 'Plans': [{'Node Type': 'Seq Scan', 'Parent Relationship': 'Outer', 'Parallel Aware': False, 'Async Capable': False, 'Relation Name': 'appointments', 'Alias': 'a', 'Startup Cost': 0.0, 'Total Cost': 8677.0, 'Plan Rows': 500000, 'Plan Width': 8, 'Disabled': False}, {'Node Type': 'Hash', 'Parent Relationship': 'Inner', 'Parallel Aware': False, 'Async Capable': False, 'Startup Cost': 1833.0, 'Total Cost': 1833.0, 'Plan Rows': 100000, 'Plan Width': 17, 'Disabled': False, 'Plans': [{'Node Type': 'Seq Scan', 'Parent Relationship': 'Outer', 'Parallel Aware': False, 'Async Capable': False, 'Relation Name': 'patients', 'Alias': 'p', 'Startup Cost': 0.0, 'Total Cost': 1833.0, 'Plan Rows': 100000, 'Plan Width': 17, 'Disabled': False}]}]}}",592.5609001424164
Q244,4,"SELECT p.name, a.appointment_date
            FROM patients p
            JOIN appointments a
            ON p.patient_id = a.patient_id;","{'Plan': {'Node Type': 'Hash Join', 'Parallel Aware': False, 'Async Capable': False, 'Join Type': 'Inner', 'Startup Cost': 3083.0, 'Total Cost': 13072.56, 'Plan Rows': 500000, 'Plan Width': 17, 'Disabled': False, 'Inner Unique': True, 'Hash Cond': '(a.patient_id = p.patient_id)', 'Plans': [{'Node Type': 'Seq Scan', 'Parent Relationship': 'Outer', 'Parallel Aware': False, 'Async Capable': False, 'Relation Name': 'appointments', 'Alias': 'a', 'Startup Cost': 0.0, 'Total Cost': 8677.0, 'Plan Rows': 500000, 'Plan Width': 8, 'Disabled': False}, {'Node Type': 'Hash', 'Parent Relationship': 'Inner', 'Parallel Aware': False, 'Async Capable': False, 'Startup Cost': 1833.0, 'Total Cost': 1833.0, 'Plan Rows': 100000, 'Plan Width': 17, 'Disabled': False, 'Plans': [{'Node Type': 'Seq Scan', 'Parent Relationship': 'Outer', 'Parallel Aware': False, 'Async Capable': False, 'Relation Name': 'patients', 'Alias': 'p', 'Startup Cost': 0.0, 'Total Cost': 1833.0, 'Plan Rows': 100000, 'Plan Width': 17, 'Disabled': False}]}]}}",569.5128999650478
Q245,1,"SELECT *
            FROM patients
            WHERE age > 56;","{'Plan': {'Node Type': 'Seq Scan', 'Parallel Aware': False, 'Async Capable': False, 'Relation Name': 'patients', 'Alias': 'patients', 'Startup Cost': 0.0, 'Total Cost': 2083.0, 'Plan Rows': 37503, 'Plan Width': 32, 'Disabled': False, 'Filter': '(age > 56)'}}",37.279099924489856
Q246,1,"SELECT *
            FROM patients
            WHERE age > 35;","{'Plan': {'Node Type': 'Seq Scan', 'Parallel Aware': False, 'Async Capable': False, 'Relation Name': 'patients', 'Alias': 'patients', 'Startup Cost': 0.0, 'Total Cost': 2083.0, 'Plan Rows': 71460, 'Plan Width': 32, 'Disabled': False, 'Filter': '(age > 35)'}}",69.44600003771484
Q247,1,"SELECT *
            FROM patients
            WHERE age > 38;","{'Plan': {'Node Type': 'Seq Scan', 'Parallel Aware': False, 'Async Capable': False, 'Relation Name': 'patients', 'Alias': 'patients', 'Startup Cost': 0.0, 'Total Cost': 2083.0, 'Plan Rows': 66793, 'Plan Width': 32, 'Disabled': False, 'Filter': '(age > 38)'}}",59.688800014555454
Q248,2,"SELECT *
            FROM patients
            WHERE city = 'Mumbai';","{'Plan': {'Node Type': 'Seq Scan', 'Parallel Aware': False, 'Async Capable': False, 'Relation Name': 'patients', 'Alias': 'patients', 'Startup Cost': 0.0, 'Total Cost': 2083.0, 'Plan Rows': 25007, 'Plan Width': 32, 'Disabled': False, 'Filter': ""((city)::text = 'Mumbai'::text)""}}",28.927800012752414
Q249,1,"SELECT *
            FROM patients
            WHERE age > 30;","{'Plan': {'Node Type': 'Seq Scan', 'Parallel Aware': False, 'Async Capable': False, 'Relation Name': 'patients', 'Alias': 'patients', 'Startup Cost': 0.0, 'Total Cost': 2083.0, 'Plan Rows': 79387, 'Plan Width': 32, 'Disabled': False, 'Filter': '(age > 30)'}}",52.346100099384785
Q250,4,"SELECT p.name, a.appointment_date
            FROM patients p
            JOIN appointments a
            ON p.patient_id = a.patient_id;","{'Plan': {'Node Type': 'Hash Join', 'Parallel Aware': False, 'Async Capable': False, 'Join Type': 'Inner', 'Startup Cost': 3083.0, 'Total Cost': 13072.56, 'Plan Rows': 500000, 'Plan Width': 17, 'Disabled': False, 'Inner Unique': True, 'Hash Cond': '(a.patient_id = p.patient_id)', 'Plans': [{'Node Type': 'Seq Scan', 'Parent Relationship': 'Outer', 'Parallel Aware': False, 'Async Capable': False, 'Relation Name': 'appointments', 'Alias': 'a', 'Startup Cost': 0.0, 'Total Cost': 8677.0, 'Plan Rows': 500000, 'Plan Width': 8, 'Disabled': False}, {'Node Type': 'Hash', 'Parent Relationship': 'Inner', 'Parallel Aware': False, 'Async Capable': False, 'Startup Cost': 1833.0, 'Total Cost': 1833.0, 'Plan Rows': 100000, 'Plan Width': 17, 'Disabled': False, 'Plans': [{'Node Type': 'Seq Scan', 'Parent Relationship': 'Outer', 'Parallel Aware': False, 'Async Capable': False, 'Relation Name': 'patients', 'Alias': 'p', 'Startup Cost': 0.0, 'Total Cost': 1833.0, 'Plan Rows': 100000, 'Plan Width': 17, 'Disabled': False}]}]}}",631.2281000427902
Q251,4,"SELECT p.name, a.appointment_date
            FROM patients p
            JOIN appointments a
            ON p.patient_id = a.patient_id;","{'Plan': {'Node Type': 'Hash Join', 'Parallel Aware': False, 'Async Capable': False, 'Join Type': 'Inner', 'Startup Cost': 3083.0, 'Total Cost': 13072.56, 'Plan Rows': 500000, 'Plan Width': 17, 'Disabled': False, 'Inner Unique': True, 'Hash Cond': '(a.patient_id = p.patient_id)', 'Plans': [{'Node Type': 'Seq Scan', 'Parent Relationship': 'Outer', 'Parallel Aware': False, 'Async Capable': False, 'Relation Name': 'appointments', 'Alias': 'a', 'Startup Cost': 0.0, 'Total Cost': 8677.0, 'Plan Rows': 500000, 'Plan Width': 8, 'Disabled': False}, {'Node Type': 'Hash', 'Parent Relationship': 'Inner', 'Parallel Aware': False, 'Async Capable': False, 'Startup Cost': 1833.0, 'Total Cost': 1833.0, 'Plan Rows': 100000, 'Plan Width': 17, 'Disabled': False, 'Plans': [{'Node Type': 'Seq Scan', 'Parent Relationship': 'Outer', 'Parallel Aware': False, 'Async Capable': False, 'Relation Name': 'patients', 'Alias': 'p', 'Startup Cost': 0.0, 'Total Cost': 1833.0, 'Plan Rows': 100000, 'Plan Width': 17, 'Disabled': False}]}]}}",673.545999918133
Q252,2,"SELECT *
            FROM patients
            WHERE city = 'Delhi';","{'Plan': {'Node Type': 'Seq Scan', 'Parallel Aware': False, 'Async Capable': False, 'Relation Name': 'patients', 'Alias': 'patients', 'Startup Cost': 0.0, 'Total Cost': 2083.0, 'Plan Rows': 24947, 'Plan Width': 32, 'Disabled': False, 'Filter': ""((city)::text = 'Delhi'::text)""}}",30.691599939018488
Q253,4,"SELECT p.name, a.appointment_date
            FROM patients p
            JOIN appointments a
            ON p.patient_id = a.patient_id;","{'Plan': {'Node Type': 'Hash Join', 'Parallel Aware': False, 'Async Capable': False, 'Join Type': 'Inner', 'Startup Cost': 3083.0, 'Total Cost': 13072.56, 'Plan Rows': 500000, 'Plan Width': 17, 'Disabled': False, 'Inner Unique': True, 'Hash Cond': '(a.patient_id = p.patient_id)', 'Plans': [{'Node Type': 'Seq Scan', 'Parent Relationship': 'Outer', 'Parallel Aware': False, 'Async Capable': False, 'Relation Name': 'appointments', 'Alias': 'a', 'Startup Cost': 0.0, 'Total Cost': 8677.0, 'Plan Rows': 500000, 'Plan Width': 8, 'Disabled': False}, {'Node Type': 'Hash', 'Parent Relationship': 'Inner', 'Parallel Aware': False, 'Async Capable': False, 'Startup Cost': 1833.0, 'Total Cost': 1833.0, 'Plan Rows': 100000, 'Plan Width': 17, 'Disabled': False, 'Plans': [{'Node Type': 'Seq Scan', 'Parent Relationship': 'Outer', 'Parallel Aware': False, 'Async Capable': False, 'Relation Name': 'patients', 'Alias': 'p', 'Startup Cost': 0.0, 'Total Cost': 1833.0, 'Plan Rows': 100000, 'Plan Width': 17, 'Disabled': False}]}]}}",653.6866999231279
Q254,2,"SELECT *
            FROM patients
            WHERE city = 'Lucknow';","{'Plan': {'Node Type': 'Seq Scan', 'Parallel Aware': False, 'Async Capable': False, 'Relation Name': 'patients', 'Alias': 'patients', 'Startup Cost': 0.0, 'Total Cost': 2083.0, 'Plan Rows': 24850, 'Plan Width': 32, 'Disabled': False, 'Filter': ""((city)::text = 'Lucknow'::text)""}}",23.483300115913153
Q255,5,"SELECT p.city, COUNT(a.appointment_id)
            FROM patients p
            JOIN appointments a
            ON p.patient_id = a.patient_id
            WHERE p.city = 'Lucknow'
            GROUP BY p.city;","{'Plan': {'Node Type': 'Aggregate', 'Strategy': 'Sorted', 'Partial Mode': 'Finalize', 'Parallel Aware': False, 'Async Capable': False, 'Startup Cost': 3393.62, 'Total Cost': 9830.51, 'Plan Rows': 1, 'Plan Width': 14, 'Disabled': False, 'Plans': [{'Node Type': 'Gather', 'Parent Relationship': 'Outer', 'Parallel Aware': False, 'Async Capable': False, 'Startup Cost': 3393.62, 'Total Cost': 9830.49, 'Plan Rows': 2, 'Plan Width': 14, 'Disabled': False, 'Workers Planned': 2, 'Single Copy': False, 'Plans': [{'Node Type': 'Aggregate', 'Strategy': 'Sorted', 'Partial Mode': 'Partial', 'Parent Relationship': 'Outer', 'Parallel Aware': False, 'Async Capable': False, 'Startup Cost': 2393.62, 'Total Cost': 8830.29, 'Plan Rows': 1, 'Plan Width': 14, 'Disabled': False, 'Plans': [{'Node Type': 'Hash Join', 'Parent Relationship': 'Outer', 'Parallel Aware': False, 'Async Capable': False, 'Join Type': 'Inner', 'Startup Cost': 2393.62, 'Total Cost': 8700.85, 'Plan Rows': 51771, 'Plan Width': 10, 'Disabled': False, 'Inner Unique': True, 'Hash Cond': '(a.patient_id = p.patient_id)', 'Plans': [{'Node Type': 'Seq Scan', 'Parent Relationship': 'Outer', 'Parallel Aware': True, 'Async Capable': False, 'Relation Name': 'appointments', 'Alias': 'a', 'Startup Cost': 0.0, 'Total Cost': 5760.33, 'Plan Rows': 208333, 'Plan Width': 8, 'Disabled': False}, {'Node Type': 'Hash', 'Parent Relationship': 'Inner', 'Parallel Aware': False, 'Async Capable': False, 'Startup Cost': 2083.0, 'Total Cost': 2083.0, 'Plan Rows': 24850, 'Plan Width': 10, 'Disabled': False, 'Plans': [{'Node Type': 'Seq Scan', 'Parent Relationship': 'Outer', 'Parallel Aware': False, 'Async Capable': False, 'Relation Name': 'patients', 'Alias': 'p', 'Startup Cost': 0.0, 'Total Cost': 2083.0, 'Plan Rows': 24850, 'Plan Width': 10, 'Disabled': False, 'Filter': ""((city)::text = 'Lucknow'::text)""}]}]}]}]}]}}",83.62319995649159
Q256,4,"SELECT p.name, a.appointment_date
            FROM patients p
            JOIN appointments a
            ON p.patient_id = a.patient_id;","{'Plan': {'Node Type': 'Hash Join', 'Parallel Aware': False, 'Async Capable': False, 'Join Type': 'Inner', 'Startup Cost': 3083.0, 'Total Cost': 13072.56, 'Plan Rows': 500000, 'Plan Width': 17, 'Disabled': False, 'Inner Unique': True, 'Hash Cond': '(a.patient_id = p.patient_id)', 'Plans': [{'Node Type': 'Seq Scan', 'Parent Relationship': 'Outer', 'Parallel Aware': False, 'Async Capable': False, 'Relation Name': 'appointments', 'Alias': 'a', 'Startup Cost': 0.0, 'Total Cost': 8677.0, 'Plan Rows': 500000, 'Plan Width': 8, 'Disabled': False}, {'Node Type': 'Hash', 'Parent Relationship': 'Inner', 'Parallel Aware': False, 'Async Capable': False, 'Startup Cost': 1833.0, 'Total Cost': 1833.0, 'Plan Rows': 100000, 'Plan Width': 17, 'Disabled': False, 'Plans': [{'Node Type': 'Seq Scan', 'Parent Relationship': 'Outer', 'Parallel Aware': False, 'Async Capable': False, 'Relation Name': 'patients', 'Alias': 'p', 'Startup Cost': 0.0, 'Total Cost': 1833.0, 'Plan Rows': 100000, 'Plan Width': 17, 'Disabled': False}]}]}}",654.8933000303805
Q257,4,"SELECT p.name, a.appointment_date
            FROM patients p
            JOIN appointments a
            ON p.patient_id = a.patient_id;","{'Plan': {'Node Type': 'Hash Join', 'Parallel Aware': False, 'Async Capable': False, 'Join Type': 'Inner', 'Startup Cost': 3083.0, 'Total Cost': 13072.56, 'Plan Rows': 500000, 'Plan Width': 17, 'Disabled': False, 'Inner Unique': True, 'Hash Cond': '(a.patient_id = p.patient_id)', 'Plans': [{'Node Type': 'Seq Scan', 'Parent Relationship': 'Outer', 'Parallel Aware': False, 'Async Capable': False, 'Relation Name': 'appointments', 'Alias': 'a', 'Startup Cost': 0.0, 'Total Cost': 8677.0, 'Plan Rows': 500000, 'Plan Width': 8, 'Disabled': False}, {'Node Type': 'Hash', 'Parent Relationship': 'Inner', 'Parallel Aware': False, 'Async Capable': False, 'Startup Cost': 1833.0, 'Total Cost': 1833.0, 'Plan Rows': 100000, 'Plan Width': 17, 'Disabled': False, 'Plans': [{'Node Type': 'Seq Scan', 'Parent Relationship': 'Outer', 'Parallel Aware': False, 'Async Capable': False, 'Relation Name': 'patients', 'Alias': 'p', 'Startup Cost': 0.0, 'Total Cost': 1833.0, 'Plan Rows': 100000, 'Plan Width': 17, 'Disabled': False}]}]}}",629.713999805972
Q258,2,"SELECT *
            FROM patients
            WHERE city = 'Delhi';","{'Plan': {'Node Type': 'Seq Scan', 'Parallel Aware': False, 'Async Capable': False, 'Relation Name': 'patients', 'Alias': 'patients', 'Startup Cost': 0.0, 'Total Cost': 2083.0, 'Plan Rows': 24947, 'Plan Width': 32, 'Disabled': False, 'Filter': ""((city)::text = 'Delhi'::text)""}}",33.01849984563887
Q259,5,"SELECT p.city, COUNT(a.appointment_id)
            FROM patients p
            JOIN appointments a
            ON p.patient_id = a.patient_id
            WHERE p.city = 'Kanpur'
            GROUP BY p.city;","{'Plan': {'Node Type': 'Aggregate', 'Strategy': 'Sorted', 'Partial Mode': 'Finalize', 'Parallel Aware': False, 'Async Capable': False, 'Startup Cost': 3397.96, 'Total Cost': 9836.65, 'Plan Rows': 1, 'Plan Width': 14, 'Disabled': False, 'Plans': [{'Node Type': 'Gather', 'Parent Relationship': 'Outer', 'Parallel Aware': False, 'Async Capable': False, 'Startup Cost': 3397.96, 'Total Cost': 9836.64, 'Plan Rows': 2, 'Plan Width': 14, 'Disabled': False, 'Workers Planned': 2, 'Single Copy': False, 'Plans': [{'Node Type': 'Aggregate', 'Strategy': 'Sorted', 'Partial Mode': 'Partial', 'Parent Relationship': 'Outer', 'Parallel Aware': False, 'Async Capable': False, 'Startup Cost': 2397.96, 'Total Cost': 8836.44, 'Plan Rows': 1, 'Plan Width': 14, 'Disabled': False, 'Plans': [{'Node Type': 'Hash Join', 'Parent Relationship': 'Outer', 'Parallel Aware': False, 'Async Capable': False, 'Join Type': 'Inner', 'Startup Cost': 2397.96, 'Total Cost': 8705.19, 'Plan Rows': 52494, 'Plan Width': 10, 'Disabled': False, 'Inner Unique': True, 'Hash Cond': '(a.patient_id = p.patient_id)', 'Plans': [{'Node Type': 'Seq Scan', 'Parent Relationship': 'Outer', 'Parallel Aware': True, 'Async Capable': False, 'Relation Name': 'appointments', 'Alias': 'a', 'Startup Cost': 0.0, 'Total Cost': 5760.33, 'Plan Rows': 208333, 'Plan Width': 8, 'Disabled': False}, {'Node Type': 'Hash', 'Parent Relationship': 'Inner', 'Parallel Aware': False, 'Async Capable': False, 'Startup Cost': 2083.0, 'Total Cost': 2083.0, 'Plan Rows': 25197, 'Plan Width': 10, 'Disabled': False, 'Plans': [{'Node Type': 'Seq Scan', 'Parent Relationship': 'Outer', 'Parallel Aware': False, 'Async Capable': False, 'Relation Name': 'patients', 'Alias': 'p', 'Startup Cost': 0.0, 'Total Cost': 2083.0, 'Plan Rows': 25197, 'Plan Width': 10, 'Disabled': False, 'Filter': ""((city)::text = 'Kanpur'::text)""}]}]}]}]}]}}",86.72759984619915
Q260,1,"SELECT *
            FROM patients
            WHERE age > 25;","{'Plan': {'Node Type': 'Seq Scan', 'Parallel Aware': False, 'Async Capable': False, 'Relation Name': 'patients', 'Alias': 'patients', 'Startup Cost': 0.0, 'Total Cost': 2083.0, 'Plan Rows': 87343, 'Plan Width': 32, 'Disabled': False, 'Filter': '(age > 25)'}}",89.84000002965331
Q261,2,"SELECT *
            FROM patients
            WHERE city = 'Delhi';","{'Plan': {'Node Type': 'Seq Scan', 'Parallel Aware': False, 'Async Capable': False, 'Relation Name': 'patients', 'Alias': 'patients', 'Startup Cost': 0.0, 'Total Cost': 2083.0, 'Plan Rows': 24947, 'Plan Width': 32, 'Disabled': False, 'Filter': ""((city)::text = 'Delhi'::text)""}}",27.205699821934104
Q262,5,"SELECT p.city, COUNT(a.appointment_id)
            FROM patients p
            JOIN appointments a
            ON p.patient_id = a.patient_id
            WHERE p.city = 'Lucknow'
            GROUP BY p.city;","{'Plan': {'Node Type': 'Aggregate', 'Strategy': 'Sorted', 'Partial Mode': 'Finalize', 'Parallel Aware': False, 'Async Capable': False, 'Startup Cost': 3393.62, 'Total Cost': 9830.51, 'Plan Rows': 1, 'Plan Width': 14, 'Disabled': False, 'Plans': [{'Node Type': 'Gather', 'Parent Relationship': 'Outer', 'Parallel Aware': False, 'Async Capable': False, 'Startup Cost': 3393.62, 'Total Cost': 9830.49, 'Plan Rows': 2, 'Plan Width': 14, 'Disabled': False, 'Workers Planned': 2, 'Single Copy': False, 'Plans': [{'Node Type': 'Aggregate', 'Strategy': 'Sorted', 'Partial Mode': 'Partial', 'Parent Relationship': 'Outer', 'Parallel Aware': False, 'Async Capable': False, 'Startup Cost': 2393.62, 'Total Cost': 8830.29, 'Plan Rows': 1, 'Plan Width': 14, 'Disabled': False, 'Plans': [{'Node Type': 'Hash Join', 'Parent Relationship': 'Outer', 'Parallel Aware': False, 'Async Capable': False, 'Join Type': 'Inner', 'Startup Cost': 2393.62, 'Total Cost': 8700.85, 'Plan Rows': 51771, 'Plan Width': 10, 'Disabled': False, 'Inner Unique': True, 'Hash Cond': '(a.patient_id = p.patient_id)', 'Plans': [{'Node Type': 'Seq Scan', 'Parent Relationship': 'Outer', 'Parallel Aware': True, 'Async Capable': False, 'Relation Name': 'appointments', 'Alias': 'a', 'Startup Cost': 0.0, 'Total Cost': 5760.33, 'Plan Rows': 208333, 'Plan Width': 8, 'Disabled': False}, {'Node Type': 'Hash', 'Parent Relationship': 'Inner', 'Parallel Aware': False, 'Async Capable': False, 'Startup Cost': 2083.0, 'Total Cost': 2083.0, 'Plan Rows': 24850, 'Plan Width': 10, 'Disabled': False, 'Plans': [{'Node Type': 'Seq Scan', 'Parent Relationship': 'Outer', 'Parallel Aware': False, 'Async Capable': False, 'Relation Name': 'patients', 'Alias': 'p', 'Startup Cost': 0.0, 'Total Cost': 2083.0, 'Plan Rows': 24850, 'Plan Width': 10, 'Disabled': False, 'Filter': ""((city)::text = 'Lucknow'::text)""}]}]}]}]}]}}",87.92800013907254
Q263,5,"SELECT p.city, COUNT(a.appointment_id)
            FROM patients p
            JOIN appointments a
            ON p.patient_id = a.patient_id
            WHERE p.city = 'Mumbai'
            GROUP BY p.city;","{'Plan': {'Node Type': 'Aggregate', 'Strategy': 'Sorted', 'Partial Mode': 'Finalize', 'Parallel Aware': False, 'Async Capable': False, 'Startup Cost': 3395.59, 'Total Cost': 9833.29, 'Plan Rows': 1, 'Plan Width': 14, 'Disabled': False, 'Plans': [{'Node Type': 'Gather', 'Parent Relationship': 'Outer', 'Parallel Aware': False, 'Async Capable': False, 'Startup Cost': 3395.59, 'Total Cost': 9833.27, 'Plan Rows': 2, 'Plan Width': 14, 'Disabled': False, 'Workers Planned': 2, 'Single Copy': False, 'Plans': [{'Node Type': 'Aggregate', 'Strategy': 'Sorted', 'Partial Mode': 'Partial', 'Parent Relationship': 'Outer', 'Parallel Aware': False, 'Async Capable': False, 'Startup Cost': 2395.59, 'Total Cost': 8833.07, 'Plan Rows': 1, 'Plan Width': 14, 'Disabled': False, 'Plans': [{'Node Type': 'Hash Join', 'Parent Relationship': 'Outer', 'Parallel Aware': False, 'Async Capable': False, 'Join Type': 'Inner', 'Startup Cost': 2395.59, 'Total Cost': 8702.82, 'Plan Rows': 52098, 'Plan Width': 10, 'Disabled': False, 'Inner Unique': True, 'Hash Cond': '(a.patient_id = p.patient_id)', 'Plans': [{'Node Type': 'Seq Scan', 'Parent Relationship': 'Outer', 'Parallel Aware': True, 'Async Capable': False, 'Relation Name': 'appointments', 'Alias': 'a', 'Startup Cost': 0.0, 'Total Cost': 5760.33, 'Plan Rows': 208333, 'Plan Width': 8, 'Disabled': False}, {'Node Type': 'Hash', 'Parent Relationship': 'Inner', 'Parallel Aware': False, 'Async Capable': False, 'Startup Cost': 2083.0, 'Total Cost': 2083.0, 'Plan Rows': 25007, 'Plan Width': 10, 'Disabled': False, 'Plans': [{'Node Type': 'Seq Scan', 'Parent Relationship': 'Outer', 'Parallel Aware': False, 'Async Capable': False, 'Relation Name': 'patients', 'Alias': 'p', 'Startup Cost': 0.0, 'Total Cost': 2083.0, 'Plan Rows': 25007, 'Plan Width': 10, 'Disabled': False, 'Filter': ""((city)::text = 'Mumbai'::text)""}]}]}]}]}]}}",88.36109982803464
Q264,2,"SELECT *
            FROM patients
            WHERE city = 'Kanpur';","{'Plan': {'Node Type': 'Seq Scan', 'Parallel Aware': False, 'Async Capable': False, 'Relation Name': 'patients', 'Alias': 'patients', 'Startup Cost': 0.0, 'Total Cost': 2083.0, 'Plan Rows': 25197, 'Plan Width': 32, 'Disabled': False, 'Filter': ""((city)::text = 'Kanpur'::text)""}}",38.06230006739497
Q265,4,"SELECT p.name, a.appointment_date
            FROM patients p
            JOIN appointments a
            ON p.patient_id = a.patient_id;","{'Plan': {'Node Type': 'Hash Join', 'Parallel Aware': False, 'Async Capable': False, 'Join Type': 'Inner', 'Startup Cost': 3083.0, 'Total Cost': 13072.56, 'Plan Rows': 500000, 'Plan Width': 17, 'Disabled': False, 'Inner Unique': True, 'Hash Cond': '(a.patient_id = p.patient_id)', 'Plans': [{'Node Type': 'Seq Scan', 'Parent Relationship': 'Outer', 'Parallel Aware': False, 'Async Capable': False, 'Relation Name': 'appointments', 'Alias': 'a', 'Startup Cost': 0.0, 'Total Cost': 8677.0, 'Plan Rows': 500000, 'Plan Width': 8, 'Disabled': False}, {'Node Type': 'Hash', 'Parent Relationship': 'Inner', 'Parallel Aware': False, 'Async Capable': False, 'Startup Cost': 1833.0, 'Total Cost': 1833.0, 'Plan Rows': 100000, 'Plan Width': 17, 'Disabled': False, 'Plans': [{'Node Type': 'Seq Scan', 'Parent Relationship': 'Outer', 'Parallel Aware': False, 'Async Capable': False, 'Relation Name': 'patients', 'Alias': 'p', 'Startup Cost': 0.0, 'Total Cost': 1833.0, 'Plan Rows': 100000, 'Plan Width': 17, 'Disabled': False}]}]}}",635.8020999468863
Q266,1,"SELECT *
            FROM patients
            WHERE age > 50;","{'Plan': {'Node Type': 'Seq Scan', 'Parallel Aware': False, 'Async Capable': False, 'Relation Name': 'patients', 'Alias': 'patients', 'Startup Cost': 0.0, 'Total Cost': 2083.0, 'Plan Rows': 47137, 'Plan Width': 32, 'Disabled': False, 'Filter': '(age > 50)'}}",41.6745999827981
Q267,3,"SELECT city, COUNT(*)
            FROM patients
            GROUP BY city;","{'Plan': {'Node Type': 'Aggregate', 'Strategy': 'Hashed', 'Partial Mode': 'Simple', 'Parallel Aware': False, 'Async Capable': False, 'Startup Cost': 2333.0, 'Total Cost': 2333.04, 'Plan Rows': 4, 'Plan Width': 14, 'Disabled': False, 'Group Key': ['city'], 'Planned Partitions': 0, 'Plans': [{'Node Type': 'Seq Scan', 'Parent Relationship': 'Outer', 'Parallel Aware': False, 'Async Capable': False, 'Relation Name': 'patients', 'Alias': 'patients', 'Startup Cost': 0.0, 'Total Cost': 1833.0, 'Plan Rows': 100000, 'Plan Width': 6, 'Disabled': False}]}}",13.92709999345243
Q268,4,"SELECT p.name, a.appointment_date
            FROM patients p
            JOIN appointments a
            ON p.patient_id = a.patient_id;","{'Plan': {'Node Type': 'Hash Join', 'Parallel Aware': False, 'Async Capable': False, 'Join Type': 'Inner', 'Startup Cost': 3083.0, 'Total Cost': 13072.56, 'Plan Rows': 500000, 'Plan Width': 17, 'Disabled': False, 'Inner Unique': True, 'Hash Cond': '(a.patient_id = p.patient_id)', 'Plans': [{'Node Type': 'Seq Scan', 'Parent Relationship': 'Outer', 'Parallel Aware': False, 'Async Capable': False, 'Relation Name': 'appointments', 'Alias': 'a', 'Startup Cost': 0.0, 'Total Cost': 8677.0, 'Plan Rows': 500000, 'Plan Width': 8, 'Disabled': False}, {'Node Type': 'Hash', 'Parent Relationship': 'Inner', 'Parallel Aware': False, 'Async Capable': False, 'Startup Cost': 1833.0, 'Total Cost': 1833.0, 'Plan Rows': 100000, 'Plan Width': 17, 'Disabled': False, 'Plans': [{'Node Type': 'Seq Scan', 'Parent Relationship': 'Outer', 'Parallel Aware': False, 'Async Capable': False, 'Relation Name': 'patients', 'Alias': 'p', 'Startup Cost': 0.0, 'Total Cost': 1833.0, 'Plan Rows': 100000, 'Plan Width': 17, 'Disabled': False}]}]}}",674.3403999134898
Q269,1,"SELECT *
            FROM patients
            WHERE age > 39;","{'Plan': {'Node Type': 'Seq Scan', 'Parallel Aware': False, 'Async Capable': False, 'Relation Name': 'patients', 'Alias': 'patients', 'Startup Cost': 0.0, 'Total Cost': 2083.0, 'Plan Rows': 65227, 'Plan Width': 32, 'Disabled': False, 'Filter': '(age > 39)'}}",57.0162998046726
Q270,1,"SELECT *
            FROM patients
            WHERE age > 18;","{'Plan': {'Node Type': 'Seq Scan', 'Parallel Aware': False, 'Async Capable': False, 'Relation Name': 'patients', 'Alias': 'patients', 'Startup Cost': 0.0, 'Total Cost': 2083.0, 'Plan Rows': 98410, 'Plan Width': 32, 'Disabled': False, 'Filter': '(age > 18)'}}",70.06760011427104
Q271,1,"SELECT *
            FROM patients
            WHERE age > 46;","{'Plan': {'Node Type': 'Seq Scan', 'Parallel Aware': False, 'Async Capable': False, 'Relation Name': 'patients', 'Alias': 'patients', 'Startup Cost': 0.0, 'Total Cost': 2083.0, 'Plan Rows': 53563, 'Plan Width': 32, 'Disabled': False, 'Filter': '(age > 46)'}}",47.335200011730194
Q272,3,"SELECT city, COUNT(*)
            FROM patients
            GROUP BY city;","{'Plan': {'Node Type': 'Aggregate', 'Strategy': 'Hashed', 'Partial Mode': 'Simple', 'Parallel Aware': False, 'Async Capable': False, 'Startup Cost': 2333.0, 'Total Cost': 2333.04, 'Plan Rows': 4, 'Plan Width': 14, 'Disabled': False, 'Group Key': ['city'], 'Planned Partitions': 0, 'Plans': [{'Node Type': 'Seq Scan', 'Parent Relationship': 'Outer', 'Parallel Aware': False, 'Async Capable': False, 'Relation Name': 'patients', 'Alias': 'patients', 'Startup Cost': 0.0, 'Total Cost': 1833.0, 'Plan Rows': 100000, 'Plan Width': 6, 'Disabled': False}]}}",13.52280005812645
Q273,5,"SELECT p.city, COUNT(a.appointment_id)
            FROM patients p
            JOIN appointments a
            ON p.patient_id = a.patient_id
            WHERE p.city = 'Delhi'
            GROUP BY p.city;","{'Plan': {'Node Type': 'Aggregate', 'Strategy': 'Sorted', 'Partial Mode': 'Finalize', 'Parallel Aware': False, 'Async Capable': False, 'Startup Cost': 3394.84, 'Total Cost': 9832.22, 'Plan Rows': 1, 'Plan Width': 14, 'Disabled': False, 'Plans': [{'Node Type': 'Gather', 'Parent Relationship': 'Outer', 'Parallel Aware': False, 'Async Capable': False, 'Startup Cost': 3394.84, 'Total Cost': 9832.21, 'Plan Rows': 2, 'Plan Width': 14, 'Disabled': False, 'Workers Planned': 2, 'Single Copy': False, 'Plans': [{'Node Type': 'Aggregate', 'Strategy': 'Sorted', 'Partial Mode': 'Partial', 'Parent Relationship': 'Outer', 'Parallel Aware': False, 'Async Capable': False, 'Startup Cost': 2394.84, 'Total Cost': 8832.01, 'Plan Rows': 1, 'Plan Width': 14, 'Disabled': False, 'Plans': [{'Node Type': 'Hash Join', 'Parent Relationship': 'Outer', 'Parallel Aware': False, 'Async Capable': False, 'Join Type': 'Inner', 'Startup Cost': 2394.84, 'Total Cost': 8702.07, 'Plan Rows': 51973, 'Plan Width': 10, 'Disabled': False, 'Inner Unique': True, 'Hash Cond': '(a.patient_id = p.patient_id)', 'Plans': [{'Node Type': 'Seq Scan', 'Parent Relationship': 'Outer', 'Parallel Aware': True, 'Async Capable': False, 'Relation Name': 'appointments', 'Alias': 'a', 'Startup Cost': 0.0, 'Total Cost': 5760.33, 'Plan Rows': 208333, 'Plan Width': 8, 'Disabled': False}, {'Node Type': 'Hash', 'Parent Relationship': 'Inner', 'Parallel Aware': False, 'Async Capable': False, 'Startup Cost': 2083.0, 'Total Cost': 2083.0, 'Plan Rows': 24947, 'Plan Width': 10, 'Disabled': False, 'Plans': [{'Node Type': 'Seq Scan', 'Parent Relationship': 'Outer', 'Parallel Aware': False, 'Async Capable': False, 'Relation Name': 'patients', 'Alias': 'p', 'Startup Cost': 0.0, 'Total Cost': 2083.0, 'Plan Rows': 24947, 'Plan Width': 10, 'Disabled': False, 'Filter': ""((city)::text = 'Delhi'::text)""}]}]}]}]}]}}",92.43250009603798
Q274,5,"SELECT p.city, COUNT(a.appointment_id)
            FROM patients p
            JOIN appointments a
            ON p.patient_id = a.patient_id
            WHERE p.city = 'Delhi'
            GROUP BY p.city;","{'Plan': {'Node Type': 'Aggregate', 'Strategy': 'Sorted', 'Partial Mode': 'Finalize', 'Parallel Aware': False, 'Async Capable': False, 'Startup Cost': 3394.84, 'Total Cost': 9832.22, 'Plan Rows': 1, 'Plan Width': 14, 'Disabled': False, 'Plans': [{'Node Type': 'Gather', 'Parent Relationship': 'Outer', 'Parallel Aware': False, 'Async Capable': False, 'Startup Cost': 3394.84, 'Total Cost': 9832.21, 'Plan Rows': 2, 'Plan Width': 14, 'Disabled': False, 'Workers Planned': 2, 'Single Copy': False, 'Plans': [{'Node Type': 'Aggregate', 'Strategy': 'Sorted', 'Partial Mode': 'Partial', 'Parent Relationship': 'Outer', 'Parallel Aware': False, 'Async Capable': False, 'Startup Cost': 2394.84, 'Total Cost': 8832.01, 'Plan Rows': 1, 'Plan Width': 14, 'Disabled': False, 'Plans': [{'Node Type': 'Hash Join', 'Parent Relationship': 'Outer', 'Parallel Aware': False, 'Async Capable': False, 'Join Type': 'Inner', 'Startup Cost': 2394.84, 'Total Cost': 8702.07, 'Plan Rows': 51973, 'Plan Width': 10, 'Disabled': False, 'Inner Unique': True, 'Hash Cond': '(a.patient_id = p.patient_id)', 'Plans': [{'Node Type': 'Seq Scan', 'Parent Relationship': 'Outer', 'Parallel Aware': True, 'Async Capable': False, 'Relation Name': 'appointments', 'Alias': 'a', 'Startup Cost': 0.0, 'Total Cost': 5760.33, 'Plan Rows': 208333, 'Plan Width': 8, 'Disabled': False}, {'Node Type': 'Hash', 'Parent Relationship': 'Inner', 'Parallel Aware': False, 'Async Capable': False, 'Startup Cost': 2083.0, 'Total Cost': 2083.0, 'Plan Rows': 24947, 'Plan Width': 10, 'Disabled': False, 'Plans': [{'Node Type': 'Seq Scan', 'Parent Relationship': 'Outer', 'Parallel Aware': False, 'Async Capable': False, 'Relation Name': 'patients', 'Alias': 'p', 'Startup Cost': 0.0, 'Total Cost': 2083.0, 'Plan Rows': 24947, 'Plan Width': 10, 'Disabled': False, 'Filter': ""((city)::text = 'Delhi'::text)""}]}]}]}]}]}}",86.72420005314052
Q275,5,"SELECT p.city, COUNT(a.appointment_id)
            FROM patients p
            JOIN appointments a
            ON p.patient_id = a.patient_id
            WHERE p.city = 'Delhi'
            GROUP BY p.city;","{'Plan': {'Node Type': 'Aggregate', 'Strategy': 'Sorted', 'Partial Mode': 'Finalize', 'Parallel Aware': False, 'Async Capable': False, 'Startup Cost': 3394.84, 'Total Cost': 9832.22, 'Plan Rows': 1, 'Plan Width': 14, 'Disabled': False, 'Plans': [{'Node Type': 'Gather', 'Parent Relationship': 'Outer', 'Parallel Aware': False, 'Async Capable': False, 'Startup Cost': 3394.84, 'Total Cost': 9832.21, 'Plan Rows': 2, 'Plan Width': 14, 'Disabled': False, 'Workers Planned': 2, 'Single Copy': False, 'Plans': [{'Node Type': 'Aggregate', 'Strategy': 'Sorted', 'Partial Mode': 'Partial', 'Parent Relationship': 'Outer', 'Parallel Aware': False, 'Async Capable': False, 'Startup Cost': 2394.84, 'Total Cost': 8832.01, 'Plan Rows': 1, 'Plan Width': 14, 'Disabled': False, 'Plans': [{'Node Type': 'Hash Join', 'Parent Relationship': 'Outer', 'Parallel Aware': False, 'Async Capable': False, 'Join Type': 'Inner', 'Startup Cost': 2394.84, 'Total Cost': 8702.07, 'Plan Rows': 51973, 'Plan Width': 10, 'Disabled': False, 'Inner Unique': True, 'Hash Cond': '(a.patient_id = p.patient_id)', 'Plans': [{'Node Type': 'Seq Scan', 'Parent Relationship': 'Outer', 'Parallel Aware': True, 'Async Capable': False, 'Relation Name': 'appointments', 'Alias': 'a', 'Startup Cost': 0.0, 'Total Cost': 5760.33, 'Plan Rows': 208333, 'Plan Width': 8, 'Disabled': False}, {'Node Type': 'Hash', 'Parent Relationship': 'Inner', 'Parallel Aware': False, 'Async Capable': False, 'Startup Cost': 2083.0, 'Total Cost': 2083.0, 'Plan Rows': 24947, 'Plan Width': 10, 'Disabled': False, 'Plans': [{'Node Type': 'Seq Scan', 'Parent Relationship': 'Outer', 'Parallel Aware': False, 'Async Capable': False, 'Relation Name': 'patients', 'Alias': 'p', 'Startup Cost': 0.0, 'Total Cost': 2083.0, 'Plan Rows': 24947, 'Plan Width': 10, 'Disabled': False, 'Filter': ""((city)::text = 'Delhi'::text)""}]}]}]}]}]}}",86.08179981820285
Q276,1,"SELECT *
            FROM patients
            WHERE age > 41;","{'Plan': {'Node Type': 'Seq Scan', 'Parallel Aware': False, 'Async Capable': False, 'Relation Name': 'patients', 'Alias': 'patients', 'Startup Cost': 0.0, 'Total Cost': 2083.0, 'Plan Rows': 61913, 'Plan Width': 32, 'Disabled': False, 'Filter': '(age > 41)'}}",71.9443999696523
Q277,4,"SELECT p.name, a.appointment_date
            FROM patients p
            JOIN appointments a
            ON p.patient_id = a.patient_id;","{'Plan': {'Node Type': 'Hash Join', 'Parallel Aware': False, 'Async Capable': False, 'Join Type': 'Inner', 'Startup Cost': 3083.0, 'Total Cost': 13072.56, 'Plan Rows': 500000, 'Plan Width': 17, 'Disabled': False, 'Inner Unique': True, 'Hash Cond': '(a.patient_id = p.patient_id)', 'Plans': [{'Node Type': 'Seq Scan', 'Parent Relationship': 'Outer', 'Parallel Aware': False, 'Async Capable': False, 'Relation Name': 'appointments', 'Alias': 'a', 'Startup Cost': 0.0, 'Total Cost': 8677.0, 'Plan Rows': 500000, 'Plan Width': 8, 'Disabled': False}, {'Node Type': 'Hash', 'Parent Relationship': 'Inner', 'Parallel Aware': False, 'Async Capable': False, 'Startup Cost': 1833.0, 'Total Cost': 1833.0, 'Plan Rows': 100000, 'Plan Width': 17, 'Disabled': False, 'Plans': [{'Node Type': 'Seq Scan', 'Parent Relationship': 'Outer', 'Parallel Aware': False, 'Async Capable': False, 'Relation Name': 'patients', 'Alias': 'p', 'Startup Cost': 0.0, 'Total Cost': 1833.0, 'Plan Rows': 100000, 'Plan Width': 17, 'Disabled': False}]}]}}",612.3659999575466
Q278,2,"SELECT *
            FROM patients
            WHERE city = 'Mumbai';","{'Plan': {'Node Type': 'Seq Scan', 'Parallel Aware': False, 'Async Capable': False, 'Relation Name': 'patients', 'Alias': 'patients', 'Startup Cost': 0.0, 'Total Cost': 2083.0, 'Plan Rows': 25007, 'Plan Width': 32, 'Disabled': False, 'Filter': ""((city)::text = 'Mumbai'::text)""}}",28.303199913352728
Q279,2,"SELECT *
            FROM patients
            WHERE city = 'Kanpur';","{'Plan': {'Node Type': 'Seq Scan', 'Parallel Aware': False, 'Async Capable': False, 'Relation Name': 'patients', 'Alias': 'patients', 'Startup Cost': 0.0, 'Total Cost': 2083.0, 'Plan Rows': 25197, 'Plan Width': 32, 'Disabled': False, 'Filter': ""((city)::text = 'Kanpur'::text)""}}",20.134699996560812
Q280,2,"SELECT *
            FROM patients
            WHERE city = 'Kanpur';","{'Plan': {'Node Type': 'Seq Scan', 'Parallel Aware': False, 'Async Capable': False, 'Relation Name': 'patients', 'Alias': 'patients', 'Startup Cost': 0.0, 'Total Cost': 2083.0, 'Plan Rows': 25197, 'Plan Width': 32, 'Disabled': False, 'Filter': ""((city)::text = 'Kanpur'::text)""}}",28.844899963587523
Q281,4,"SELECT p.name, a.appointment_date
            FROM patients p
            JOIN appointments a
            ON p.patient_id = a.patient_id;","{'Plan': {'Node Type': 'Hash Join', 'Parallel Aware': False, 'Async Capable': False, 'Join Type': 'Inner', 'Startup Cost': 3083.0, 'Total Cost': 13072.56, 'Plan Rows': 500000, 'Plan Width': 17, 'Disabled': False, 'Inner Unique': True, 'Hash Cond': '(a.patient_id = p.patient_id)', 'Plans': [{'Node Type': 'Seq Scan', 'Parent Relationship': 'Outer', 'Parallel Aware': False, 'Async Capable': False, 'Relation Name': 'appointments', 'Alias': 'a', 'Startup Cost': 0.0, 'Total Cost': 8677.0, 'Plan Rows': 500000, 'Plan Width': 8, 'Disabled': False}, {'Node Type': 'Hash', 'Parent Relationship': 'Inner', 'Parallel Aware': False, 'Async Capable': False, 'Startup Cost': 1833.0, 'Total Cost': 1833.0, 'Plan Rows': 100000, 'Plan Width': 17, 'Disabled': False, 'Plans': [{'Node Type': 'Seq Scan', 'Parent Relationship': 'Outer', 'Parallel Aware': False, 'Async Capable': False, 'Relation Name': 'patients', 'Alias': 'p', 'Startup Cost': 0.0, 'Total Cost': 1833.0, 'Plan Rows': 100000, 'Plan Width': 17, 'Disabled': False}]}]}}",668.1776999030262
Q282,5,"SELECT p.city, COUNT(a.appointment_id)
            FROM patients p
            JOIN appointments a
            ON p.patient_id = a.patient_id
            WHERE p.city = 'Mumbai'
            GROUP BY p.city;","{'Plan': {'Node Type': 'Aggregate', 'Strategy': 'Sorted', 'Partial Mode': 'Finalize', 'Parallel Aware': False, 'Async Capable': False, 'Startup Cost': 3395.59, 'Total Cost': 9833.29, 'Plan Rows': 1, 'Plan Width': 14, 'Disabled': False, 'Plans': [{'Node Type': 'Gather', 'Parent Relationship': 'Outer', 'Parallel Aware': False, 'Async Capable': False, 'Startup Cost': 3395.59, 'Total Cost': 9833.27, 'Plan Rows': 2, 'Plan Width': 14, 'Disabled': False, 'Workers Planned': 2, 'Single Copy': False, 'Plans': [{'Node Type': 'Aggregate', 'Strategy': 'Sorted', 'Partial Mode': 'Partial', 'Parent Relationship': 'Outer', 'Parallel Aware': False, 'Async Capable': False, 'Startup Cost': 2395.59, 'Total Cost': 8833.07, 'Plan Rows': 1, 'Plan Width': 14, 'Disabled': False, 'Plans': [{'Node Type': 'Hash Join', 'Parent Relationship': 'Outer', 'Parallel Aware': False, 'Async Capable': False, 'Join Type': 'Inner', 'Startup Cost': 2395.59, 'Total Cost': 8702.82, 'Plan Rows': 52098, 'Plan Width': 10, 'Disabled': False, 'Inner Unique': True, 'Hash Cond': '(a.patient_id = p.patient_id)', 'Plans': [{'Node Type': 'Seq Scan', 'Parent Relationship': 'Outer', 'Parallel Aware': True, 'Async Capable': False, 'Relation Name': 'appointments', 'Alias': 'a', 'Startup Cost': 0.0, 'Total Cost': 5760.33, 'Plan Rows': 208333, 'Plan Width': 8, 'Disabled': False}, {'Node Type': 'Hash', 'Parent Relationship': 'Inner', 'Parallel Aware': False, 'Async Capable': False, 'Startup Cost': 2083.0, 'Total Cost': 2083.0, 'Plan Rows': 25007, 'Plan Width': 10, 'Disabled': False, 'Plans': [{'Node Type': 'Seq Scan', 'Parent Relationship': 'Outer', 'Parallel Aware': False, 'Async Capable': False, 'Relation Name': 'patients', 'Alias': 'p', 'Startup Cost': 0.0, 'Total Cost': 2083.0, 'Plan Rows': 25007, 'Plan Width': 10, 'Disabled': False, 'Filter': ""((city)::text = 'Mumbai'::text)""}]}]}]}]}]}}",182.1538999211043
Q283,1,"SELECT *
            FROM patients
            WHERE age > 51;","{'Plan': {'Node Type': 'Seq Scan', 'Parallel Aware': False, 'Async Capable': False, 'Relation Name': 'patients', 'Alias': 'patients', 'Startup Cost': 0.0, 'Total Cost': 2083.0, 'Plan Rows': 45617, 'Plan Width': 32, 'Disabled': False, 'Filter': '(age > 51)'}}",64.50330000370741
Q284,1,"SELECT *
            FROM patients
            WHERE age > 35;","{'Plan': {'Node Type': 'Seq Scan', 'Parallel Aware': False, 'Async Capable': False, 'Relation Name': 'patients', 'Alias': 'patients', 'Startup Cost': 0.0, 'Total Cost': 2083.0, 'Plan Rows': 71460, 'Plan Width': 32, 'Disabled': False, 'Filter': '(age > 35)'}}",79.02970002032816
Q285,1,"SELECT *
            FROM patients
            WHERE age > 29;","{'Plan': {'Node Type': 'Seq Scan', 'Parallel Aware': False, 'Async Capable': False, 'Relation Name': 'patients', 'Alias': 'patients', 'Startup Cost': 0.0, 'Total Cost': 2083.0, 'Plan Rows': 80983, 'Plan Width': 32, 'Disabled': False, 'Filter': '(age > 29)'}}",62.5087998341769
Q286,2,"SELECT *
            FROM patients
            WHERE city = 'Mumbai';","{'Plan': {'Node Type': 'Seq Scan', 'Parallel Aware': False, 'Async Capable': False, 'Relation Name': 'patients', 'Alias': 'patients', 'Startup Cost': 0.0, 'Total Cost': 2083.0, 'Plan Rows': 25007, 'Plan Width': 32, 'Disabled': False, 'Filter': ""((city)::text = 'Mumbai'::text)""}}",40.414399933069944
Q287,4,"SELECT p.name, a.appointment_date
            FROM patients p
            JOIN appointments a
            ON p.patient_id = a.patient_id;","{'Plan': {'Node Type': 'Hash Join', 'Parallel Aware': False, 'Async Capable': False, 'Join Type': 'Inner', 'Startup Cost': 3083.0, 'Total Cost': 13072.56, 'Plan Rows': 500000, 'Plan Width': 17, 'Disabled': False, 'Inner Unique': True, 'Hash Cond': '(a.patient_id = p.patient_id)', 'Plans': [{'Node Type': 'Seq Scan', 'Parent Relationship': 'Outer', 'Parallel Aware': False, 'Async Capable': False, 'Relation Name': 'appointments', 'Alias': 'a', 'Startup Cost': 0.0, 'Total Cost': 8677.0, 'Plan Rows': 500000, 'Plan Width': 8, 'Disabled': False}, {'Node Type': 'Hash', 'Parent Relationship': 'Inner', 'Parallel Aware': False, 'Async Capable': False, 'Startup Cost': 1833.0, 'Total Cost': 1833.0, 'Plan Rows': 100000, 'Plan Width': 17, 'Disabled': False, 'Plans': [{'Node Type': 'Seq Scan', 'Parent Relationship': 'Outer', 'Parallel Aware': False, 'Async Capable': False, 'Relation Name': 'patients', 'Alias': 'p', 'Startup Cost': 0.0, 'Total Cost': 1833.0, 'Plan Rows': 100000, 'Plan Width': 17, 'Disabled': False}]}]}}",717.1829999424517
Q288,5,"SELECT p.city, COUNT(a.appointment_id)
            FROM patients p
            JOIN appointments a
            ON p.patient_id = a.patient_id
            WHERE p.city = 'Delhi'
            GROUP BY p.city;","{'Plan': {'Node Type': 'Aggregate', 'Strategy': 'Sorted', 'Partial Mode': 'Finalize', 'Parallel Aware': False, 'Async Capable': False, 'Startup Cost': 3394.84, 'Total Cost': 9832.22, 'Plan Rows': 1, 'Plan Width': 14, 'Disabled': False, 'Plans': [{'Node Type': 'Gather', 'Parent Relationship': 'Outer', 'Parallel Aware': False, 'Async Capable': False, 'Startup Cost': 3394.84, 'Total Cost': 9832.21, 'Plan Rows': 2, 'Plan Width': 14, 'Disabled': False, 'Workers Planned': 2, 'Single Copy': False, 'Plans': [{'Node Type': 'Aggregate', 'Strategy': 'Sorted', 'Partial Mode': 'Partial', 'Parent Relationship': 'Outer', 'Parallel Aware': False, 'Async Capable': False, 'Startup Cost': 2394.84, 'Total Cost': 8832.01, 'Plan Rows': 1, 'Plan Width': 14, 'Disabled': False, 'Plans': [{'Node Type': 'Hash Join', 'Parent Relationship': 'Outer', 'Parallel Aware': False, 'Async Capable': False, 'Join Type': 'Inner', 'Startup Cost': 2394.84, 'Total Cost': 8702.07, 'Plan Rows': 51973, 'Plan Width': 10, 'Disabled': False, 'Inner Unique': True, 'Hash Cond': '(a.patient_id = p.patient_id)', 'Plans': [{'Node Type': 'Seq Scan', 'Parent Relationship': 'Outer', 'Parallel Aware': True, 'Async Capable': False, 'Relation Name': 'appointments', 'Alias': 'a', 'Startup Cost': 0.0, 'Total Cost': 5760.33, 'Plan Rows': 208333, 'Plan Width': 8, 'Disabled': False}, {'Node Type': 'Hash', 'Parent Relationship': 'Inner', 'Parallel Aware': False, 'Async Capable': False, 'Startup Cost': 2083.0, 'Total Cost': 2083.0, 'Plan Rows': 24947, 'Plan Width': 10, 'Disabled': False, 'Plans': [{'Node Type': 'Seq Scan', 'Parent Relationship': 'Outer', 'Parallel Aware': False, 'Async Capable': False, 'Relation Name': 'patients', 'Alias': 'p', 'Startup Cost': 0.0, 'Total Cost': 2083.0, 'Plan Rows': 24947, 'Plan Width': 10, 'Disabled': False, 'Filter': ""((city)::text = 'Delhi'::text)""}]}]}]}]}]}}",88.1241001188755
Q289,1,"SELECT *
            FROM patients
            WHERE age > 42;","{'Plan': {'Node Type': 'Seq Scan', 'Parallel Aware': False, 'Async Capable': False, 'Relation Name': 'patients', 'Alias': 'patients', 'Startup Cost': 0.0, 'Total Cost': 2083.0, 'Plan Rows': 60267, 'Plan Width': 32, 'Disabled': False, 'Filter': '(age > 42)'}}",76.06719993054867
Q290,4,"SELECT p.name, a.appointment_date
            FROM patients p
            JOIN appointments a
            ON p.patient_id = a.patient_id;","{'Plan': {'Node Type': 'Hash Join', 'Parallel Aware': False, 'Async Capable': False, 'Join Type': 'Inner', 'Startup Cost': 3083.0, 'Total Cost': 13072.56, 'Plan Rows': 500000, 'Plan Width': 17, 'Disabled': False, 'Inner Unique': True, 'Hash Cond': '(a.patient_id = p.patient_id)', 'Plans': [{'Node Type': 'Seq Scan', 'Parent Relationship': 'Outer', 'Parallel Aware': False, 'Async Capable': False, 'Relation Name': 'appointments', 'Alias': 'a', 'Startup Cost': 0.0, 'Total Cost': 8677.0, 'Plan Rows': 500000, 'Plan Width': 8, 'Disabled': False}, {'Node Type': 'Hash', 'Parent Relationship': 'Inner', 'Parallel Aware': False, 'Async Capable': False, 'Startup Cost': 1833.0, 'Total Cost': 1833.0, 'Plan Rows': 100000, 'Plan Width': 17, 'Disabled': False, 'Plans': [{'Node Type': 'Seq Scan', 'Parent Relationship': 'Outer', 'Parallel Aware': False, 'Async Capable': False, 'Relation Name': 'patients', 'Alias': 'p', 'Startup Cost': 0.0, 'Total Cost': 1833.0, 'Plan Rows': 100000, 'Plan Width': 17, 'Disabled': False}]}]}}",678.3104999922216
Q291,3,"SELECT city, COUNT(*)
            FROM patients
            GROUP BY city;","{'Plan': {'Node Type': 'Aggregate', 'Strategy': 'Hashed', 'Partial Mode': 'Simple', 'Parallel Aware': False, 'Async Capable': False, 'Startup Cost': 2333.0, 'Total Cost': 2333.04, 'Plan Rows': 4, 'Plan Width': 14, 'Disabled': False, 'Group Key': ['city'], 'Planned Partitions': 0, 'Plans': [{'Node Type': 'Seq Scan', 'Parent Relationship': 'Outer', 'Parallel Aware': False, 'Async Capable': False, 'Relation Name': 'patients', 'Alias': 'patients', 'Startup Cost': 0.0, 'Total Cost': 1833.0, 'Plan Rows': 100000, 'Plan Width': 6, 'Disabled': False}]}}",13.131699990481138
Q292,2,"SELECT *
            FROM patients
            WHERE city = 'Kanpur';","{'Plan': {'Node Type': 'Seq Scan', 'Parallel Aware': False, 'Async Capable': False, 'Relation Name': 'patients', 'Alias': 'patients', 'Startup Cost': 0.0, 'Total Cost': 2083.0, 'Plan Rows': 25197, 'Plan Width': 32, 'Disabled': False, 'Filter': ""((city)::text = 'Kanpur'::text)""}}",32.99219999462366
Q293,5,"SELECT p.city, COUNT(a.appointment_id)
            FROM patients p
            JOIN appointments a
            ON p.patient_id = a.patient_id
            WHERE p.city = 'Mumbai'
            GROUP BY p.city;","{'Plan': {'Node Type': 'Aggregate', 'Strategy': 'Sorted', 'Partial Mode': 'Finalize', 'Parallel Aware': False, 'Async Capable': False, 'Startup Cost': 3395.59, 'Total Cost': 9833.29, 'Plan Rows': 1, 'Plan Width': 14, 'Disabled': False, 'Plans': [{'Node Type': 'Gather', 'Parent Relationship': 'Outer', 'Parallel Aware': False, 'Async Capable': False, 'Startup Cost': 3395.59, 'Total Cost': 9833.27, 'Plan Rows': 2, 'Plan Width': 14, 'Disabled': False, 'Workers Planned': 2, 'Single Copy': False, 'Plans': [{'Node Type': 'Aggregate', 'Strategy': 'Sorted', 'Partial Mode': 'Partial', 'Parent Relationship': 'Outer', 'Parallel Aware': False, 'Async Capable': False, 'Startup Cost': 2395.59, 'Total Cost': 8833.07, 'Plan Rows': 1, 'Plan Width': 14, 'Disabled': False, 'Plans': [{'Node Type': 'Hash Join', 'Parent Relationship': 'Outer', 'Parallel Aware': False, 'Async Capable': False, 'Join Type': 'Inner', 'Startup Cost': 2395.59, 'Total Cost': 8702.82, 'Plan Rows': 52098, 'Plan Width': 10, 'Disabled': False, 'Inner Unique': True, 'Hash Cond': '(a.patient_id = p.patient_id)', 'Plans': [{'Node Type': 'Seq Scan', 'Parent Relationship': 'Outer', 'Parallel Aware': True, 'Async Capable': False, 'Relation Name': 'appointments', 'Alias': 'a', 'Startup Cost': 0.0, 'Total Cost': 5760.33, 'Plan Rows': 208333, 'Plan Width': 8, 'Disabled': False}, {'Node Type': 'Hash', 'Parent Relationship': 'Inner', 'Parallel Aware': False, 'Async Capable': False, 'Startup Cost': 2083.0, 'Total Cost': 2083.0, 'Plan Rows': 25007, 'Plan Width': 10, 'Disabled': False, 'Plans': [{'Node Type': 'Seq Scan', 'Parent Relationship': 'Outer', 'Parallel Aware': False, 'Async Capable': False, 'Relation Name': 'patients', 'Alias': 'p', 'Startup Cost': 0.0, 'Total Cost': 2083.0, 'Plan Rows': 25007, 'Plan Width': 10, 'Disabled': False, 'Filter': ""((city)::text = 'Mumbai'::text)""}]}]}]}]}]}}",101.82469990104437
Q294,1,"SELECT *
            FROM patients
            WHERE age > 21;","{'Plan': {'Node Type': 'Seq Scan', 'Parallel Aware': False, 'Async Capable': False, 'Relation Name': 'patients', 'Alias': 'patients', 'Startup Cost': 0.0, 'Total Cost': 2083.0, 'Plan Rows': 93623, 'Plan Width': 32, 'Disabled': False, 'Filter': '(age > 21)'}}",93.63900008611381
Q295,3,"SELECT city, COUNT(*)
            FROM patients
            GROUP BY city;","{'Plan': {'Node Type': 'Aggregate', 'Strategy': 'Hashed', 'Partial Mode': 'Simple', 'Parallel Aware': False, 'Async Capable': False, 'Startup Cost': 2333.0, 'Total Cost': 2333.04, 'Plan Rows': 4, 'Plan Width': 14, 'Disabled': False, 'Group Key': ['city'], 'Planned Partitions': 0, 'Plans': [{'Node Type': 'Seq Scan', 'Parent Relationship': 'Outer', 'Parallel Aware': False, 'Async Capable': False, 'Relation Name': 'patients', 'Alias': 'patients', 'Startup Cost': 0.0, 'Total Cost': 1833.0, 'Plan Rows': 100000, 'Plan Width': 6, 'Disabled': False}]}}",14.317200053483248
Q296,3,"SELECT city, COUNT(*)
            FROM patients
            GROUP BY city;","{'Plan': {'Node Type': 'Aggregate', 'Strategy': 'Hashed', 'Partial Mode': 'Simple', 'Parallel Aware': False, 'Async Capable': False, 'Startup Cost': 2333.0, 'Total Cost': 2333.04, 'Plan Rows': 4, 'Plan Width': 14, 'Disabled': False, 'Group Key': ['city'], 'Planned Partitions': 0, 'Plans': [{'Node Type': 'Seq Scan', 'Parent Relationship': 'Outer', 'Parallel Aware': False, 'Async Capable': False, 'Relation Name': 'patients', 'Alias': 'patients', 'Startup Cost': 0.0, 'Total Cost': 1833.0, 'Plan Rows': 100000, 'Plan Width': 6, 'Disabled': False}]}}",13.157599838450551
Q297,1,"SELECT *
            FROM patients
            WHERE age > 48;","{'Plan': {'Node Type': 'Seq Scan', 'Parallel Aware': False, 'Async Capable': False, 'Relation Name': 'patients', 'Alias': 'patients', 'Startup Cost': 0.0, 'Total Cost': 2083.0, 'Plan Rows': 50297, 'Plan Width': 32, 'Disabled': False, 'Filter': '(age > 48)'}}",58.99029993452132
Q298,3,"SELECT city, COUNT(*)
            FROM patients
            GROUP BY city;","{'Plan': {'Node Type': 'Aggregate', 'Strategy': 'Hashed', 'Partial Mode': 'Simple', 'Parallel Aware': False, 'Async Capable': False, 'Startup Cost': 2333.0, 'Total Cost': 2333.04, 'Plan Rows': 4, 'Plan Width': 14, 'Disabled': False, 'Group Key': ['city'], 'Planned Partitions': 0, 'Plans': [{'Node Type': 'Seq Scan', 'Parent Relationship': 'Outer', 'Parallel Aware': False, 'Async Capable': False, 'Relation Name': 'patients', 'Alias': 'patients', 'Startup Cost': 0.0, 'Total Cost': 1833.0, 'Plan Rows': 100000, 'Plan Width': 6, 'Disabled': False}]}}",27.681099949404597
Q299,1,"SELECT *
            FROM patients
            WHERE age > 26;","{'Plan': {'Node Type': 'Seq Scan', 'Parallel Aware': False, 'Async Capable': False, 'Relation Name': 'patients', 'Alias': 'patients', 'Startup Cost': 0.0, 'Total Cost': 2083.0, 'Plan Rows': 85630, 'Plan Width': 32, 'Disabled': False, 'Filter': '(age > 26)'}}",107.8457001131028
Q300,2,"SELECT *
            FROM patients
            WHERE city = 'Kanpur';","{'Plan': {'Node Type': 'Seq Scan', 'Parallel Aware': False, 'Async Capable': False, 'Relation Name': 'patients', 'Alias': 'patients', 'Startup Cost': 0.0, 'Total Cost': 2083.0, 'Plan Rows': 25197, 'Plan Width': 32, 'Disabled': False, 'Filter': ""((city)::text = 'Kanpur'::text)""}}",24.11889983341098
Q301,2,"SELECT *
            FROM patients
            WHERE city = 'Mumbai';","{'Plan': {'Node Type': 'Seq Scan', 'Parallel Aware': False, 'Async Capable': False, 'Relation Name': 'patients', 'Alias': 'patients', 'Startup Cost': 0.0, 'Total Cost': 2083.0, 'Plan Rows': 25007, 'Plan Width': 32, 'Disabled': False, 'Filter': ""((city)::text = 'Mumbai'::text)""}}",24.756599916145205
Q302,3,"SELECT city, COUNT(*)
            FROM patients
            GROUP BY city;","{'Plan': {'Node Type': 'Aggregate', 'Strategy': 'Hashed', 'Partial Mode': 'Simple', 'Parallel Aware': False, 'Async Capable': False, 'Startup Cost': 2333.0, 'Total Cost': 2333.04, 'Plan Rows': 4, 'Plan Width': 14, 'Disabled': False, 'Group Key': ['city'], 'Planned Partitions': 0, 'Plans': [{'Node Type': 'Seq Scan', 'Parent Relationship': 'Outer', 'Parallel Aware': False, 'Async Capable': False, 'Relation Name': 'patients', 'Alias': 'patients', 'Startup Cost': 0.0, 'Total Cost': 1833.0, 'Plan Rows': 100000, 'Plan Width': 6, 'Disabled': False}]}}",24.6437001042068
Q303,3,"SELECT city, COUNT(*)
            FROM patients
            GROUP BY city;","{'Plan': {'Node Type': 'Aggregate', 'Strategy': 'Hashed', 'Partial Mode': 'Simple', 'Parallel Aware': False, 'Async Capable': False, 'Startup Cost': 2333.0, 'Total Cost': 2333.04, 'Plan Rows': 4, 'Plan Width': 14, 'Disabled': False, 'Group Key': ['city'], 'Planned Partitions': 0, 'Plans': [{'Node Type': 'Seq Scan', 'Parent Relationship': 'Outer', 'Parallel Aware': False, 'Async Capable': False, 'Relation Name': 'patients', 'Alias': 'patients', 'Startup Cost': 0.0, 'Total Cost': 1833.0, 'Plan Rows': 100000, 'Plan Width': 6, 'Disabled': False}]}}",21.01169992238283
Q304,5,"SELECT p.city, COUNT(a.appointment_id)
            FROM patients p
            JOIN appointments a
            ON p.patient_id = a.patient_id
            WHERE p.city = 'Kanpur'
            GROUP BY p.city;","{'Plan': {'Node Type': 'Aggregate', 'Strategy': 'Sorted', 'Partial Mode': 'Finalize', 'Parallel Aware': False, 'Async Capable': False, 'Startup Cost': 3397.96, 'Total Cost': 9836.65, 'Plan Rows': 1, 'Plan Width': 14, 'Disabled': False, 'Plans': [{'Node Type': 'Gather', 'Parent Relationship': 'Outer', 'Parallel Aware': False, 'Async Capable': False, 'Startup Cost': 3397.96, 'Total Cost': 9836.64, 'Plan Rows': 2, 'Plan Width': 14, 'Disabled': False, 'Workers Planned': 2, 'Single Copy': False, 'Plans': [{'Node Type': 'Aggregate', 'Strategy': 'Sorted', 'Partial Mode': 'Partial', 'Parent Relationship': 'Outer', 'Parallel Aware': False, 'Async Capable': False, 'Startup Cost': 2397.96, 'Total Cost': 8836.44, 'Plan Rows': 1, 'Plan Width': 14, 'Disabled': False, 'Plans': [{'Node Type': 'Hash Join', 'Parent Relationship': 'Outer', 'Parallel Aware': False, 'Async Capable': False, 'Join Type': 'Inner', 'Startup Cost': 2397.96, 'Total Cost': 8705.19, 'Plan Rows': 52494, 'Plan Width': 10, 'Disabled': False, 'Inner Unique': True, 'Hash Cond': '(a.patient_id = p.patient_id)', 'Plans': [{'Node Type': 'Seq Scan', 'Parent Relationship': 'Outer', 'Parallel Aware': True, 'Async Capable': False, 'Relation Name': 'appointments', 'Alias': 'a', 'Startup Cost': 0.0, 'Total Cost': 5760.33, 'Plan Rows': 208333, 'Plan Width': 8, 'Disabled': False}, {'Node Type': 'Hash', 'Parent Relationship': 'Inner', 'Parallel Aware': False, 'Async Capable': False, 'Startup Cost': 2083.0, 'Total Cost': 2083.0, 'Plan Rows': 25197, 'Plan Width': 10, 'Disabled': False, 'Plans': [{'Node Type': 'Seq Scan', 'Parent Relationship': 'Outer', 'Parallel Aware': False, 'Async Capable': False, 'Relation Name': 'patients', 'Alias': 'p', 'Startup Cost': 0.0, 'Total Cost': 2083.0, 'Plan Rows': 25197, 'Plan Width': 10, 'Disabled': False, 'Filter': ""((city)::text = 'Kanpur'::text)""}]}]}]}]}]}}",164.21620012260973
Q305,5,"SELECT p.city, COUNT(a.appointment_id)
            FROM patients p
            JOIN appointments a
            ON p.patient_id = a.patient_id
            WHERE p.city = 'Mumbai'
            GROUP BY p.city;","{'Plan': {'Node Type': 'Aggregate', 'Strategy': 'Sorted', 'Partial Mode': 'Finalize', 'Parallel Aware': False, 'Async Capable': False, 'Startup Cost': 3395.59, 'Total Cost': 9833.29, 'Plan Rows': 1, 'Plan Width': 14, 'Disabled': False, 'Plans': [{'Node Type': 'Gather', 'Parent Relationship': 'Outer', 'Parallel Aware': False, 'Async Capable': False, 'Startup Cost': 3395.59, 'Total Cost': 9833.27, 'Plan Rows': 2, 'Plan Width': 14, 'Disabled': False, 'Workers Planned': 2, 'Single Copy': False, 'Plans': [{'Node Type': 'Aggregate', 'Strategy': 'Sorted', 'Partial Mode': 'Partial', 'Parent Relationship': 'Outer', 'Parallel Aware': False, 'Async Capable': False, 'Startup Cost': 2395.59, 'Total Cost': 8833.07, 'Plan Rows': 1, 'Plan Width': 14, 'Disabled': False, 'Plans': [{'Node Type': 'Hash Join', 'Parent Relationship': 'Outer', 'Parallel Aware': False, 'Async Capable': False, 'Join Type': 'Inner', 'Startup Cost': 2395.59, 'Total Cost': 8702.82, 'Plan Rows': 52098, 'Plan Width': 10, 'Disabled': False, 'Inner Unique': True, 'Hash Cond': '(a.patient_id = p.patient_id)', 'Plans': [{'Node Type': 'Seq Scan', 'Parent Relationship': 'Outer', 'Parallel Aware': True, 'Async Capable': False, 'Relation Name': 'appointments', 'Alias': 'a', 'Startup Cost': 0.0, 'Total Cost': 5760.33, 'Plan Rows': 208333, 'Plan Width': 8, 'Disabled': False}, {'Node Type': 'Hash', 'Parent Relationship': 'Inner', 'Parallel Aware': False, 'Async Capable': False, 'Startup Cost': 2083.0, 'Total Cost': 2083.0, 'Plan Rows': 25007, 'Plan Width': 10, 'Disabled': False, 'Plans': [{'Node Type': 'Seq Scan', 'Parent Relationship': 'Outer', 'Parallel Aware': False, 'Async Capable': False, 'Relation Name': 'patients', 'Alias': 'p', 'Startup Cost': 0.0, 'Total Cost': 2083.0, 'Plan Rows': 25007, 'Plan Width': 10, 'Disabled': False, 'Filter': ""((city)::text = 'Mumbai'::text)""}]}]}]}]}]}}",99.82450003735721
Q306,4,"SELECT p.name, a.appointment_date
            FROM patients p
            JOIN appointments a
            ON p.patient_id = a.patient_id;","{'Plan': {'Node Type': 'Hash Join', 'Parallel Aware': False, 'Async Capable': False, 'Join Type': 'Inner', 'Startup Cost': 3083.0, 'Total Cost': 13072.56, 'Plan Rows': 500000, 'Plan Width': 17, 'Disabled': False, 'Inner Unique': True, 'Hash Cond': '(a.patient_id = p.patient_id)', 'Plans': [{'Node Type': 'Seq Scan', 'Parent Relationship': 'Outer', 'Parallel Aware': False, 'Async Capable': False, 'Relation Name': 'appointments', 'Alias': 'a', 'Startup Cost': 0.0, 'Total Cost': 8677.0, 'Plan Rows': 500000, 'Plan Width': 8, 'Disabled': False}, {'Node Type': 'Hash', 'Parent Relationship': 'Inner', 'Parallel Aware': False, 'Async Capable': False, 'Startup Cost': 1833.0, 'Total Cost': 1833.0, 'Plan Rows': 100000, 'Plan Width': 17, 'Disabled': False, 'Plans': [{'Node Type': 'Seq Scan', 'Parent Relationship': 'Outer', 'Parallel Aware': False, 'Async Capable': False, 'Relation Name': 'patients', 'Alias': 'p', 'Startup Cost': 0.0, 'Total Cost': 1833.0, 'Plan Rows': 100000, 'Plan Width': 17, 'Disabled': False}]}]}}",633.6307998280972
Q307,4,"SELECT p.name, a.appointment_date
            FROM patients p
            JOIN appointments a
            ON p.patient_id = a.patient_id;","{'Plan': {'Node Type': 'Hash Join', 'Parallel Aware': False, 'Async Capable': False, 'Join Type': 'Inner', 'Startup Cost': 3083.0, 'Total Cost': 13072.56, 'Plan Rows': 500000, 'Plan Width': 17, 'Disabled': False, 'Inner Unique': True, 'Hash Cond': '(a.patient_id = p.patient_id)', 'Plans': [{'Node Type': 'Seq Scan', 'Parent Relationship': 'Outer', 'Parallel Aware': False, 'Async Capable': False, 'Relation Name': 'appointments', 'Alias': 'a', 'Startup Cost': 0.0, 'Total Cost': 8677.0, 'Plan Rows': 500000, 'Plan Width': 8, 'Disabled': False}, {'Node Type': 'Hash', 'Parent Relationship': 'Inner', 'Parallel Aware': False, 'Async Capable': False, 'Startup Cost': 1833.0, 'Total Cost': 1833.0, 'Plan Rows': 100000, 'Plan Width': 17, 'Disabled': False, 'Plans': [{'Node Type': 'Seq Scan', 'Parent Relationship': 'Outer', 'Parallel Aware': False, 'Async Capable': False, 'Relation Name': 'patients', 'Alias': 'p', 'Startup Cost': 0.0, 'Total Cost': 1833.0, 'Plan Rows': 100000, 'Plan Width': 17, 'Disabled': False}]}]}}",608.3917999640107
Q308,5,"SELECT p.city, COUNT(a.appointment_id)
            FROM patients p
            JOIN appointments a
            ON p.patient_id = a.patient_id
            WHERE p.city = 'Mumbai'
            GROUP BY p.city;","{'Plan': {'Node Type': 'Aggregate', 'Strategy': 'Sorted', 'Partial Mode': 'Finalize', 'Parallel Aware': False, 'Async Capable': False, 'Startup Cost': 3395.59, 'Total Cost': 9833.29, 'Plan Rows': 1, 'Plan Width': 14, 'Disabled': False, 'Plans': [{'Node Type': 'Gather', 'Parent Relationship': 'Outer', 'Parallel Aware': False, 'Async Capable': False, 'Startup Cost': 3395.59, 'Total Cost': 9833.27, 'Plan Rows': 2, 'Plan Width': 14, 'Disabled': False, 'Workers Planned': 2, 'Single Copy': False, 'Plans': [{'Node Type': 'Aggregate', 'Strategy': 'Sorted', 'Partial Mode': 'Partial', 'Parent Relationship': 'Outer', 'Parallel Aware': False, 'Async Capable': False, 'Startup Cost': 2395.59, 'Total Cost': 8833.07, 'Plan Rows': 1, 'Plan Width': 14, 'Disabled': False, 'Plans': [{'Node Type': 'Hash Join', 'Parent Relationship': 'Outer', 'Parallel Aware': False, 'Async Capable': False, 'Join Type': 'Inner', 'Startup Cost': 2395.59, 'Total Cost': 8702.82, 'Plan Rows': 52098, 'Plan Width': 10, 'Disabled': False, 'Inner Unique': True, 'Hash Cond': '(a.patient_id = p.patient_id)', 'Plans': [{'Node Type': 'Seq Scan', 'Parent Relationship': 'Outer', 'Parallel Aware': True, 'Async Capable': False, 'Relation Name': 'appointments', 'Alias': 'a', 'Startup Cost': 0.0, 'Total Cost': 5760.33, 'Plan Rows': 208333, 'Plan Width': 8, 'Disabled': False}, {'Node Type': 'Hash', 'Parent Relationship': 'Inner', 'Parallel Aware': False, 'Async Capable': False, 'Startup Cost': 2083.0, 'Total Cost': 2083.0, 'Plan Rows': 25007, 'Plan Width': 10, 'Disabled': False, 'Plans': [{'Node Type': 'Seq Scan', 'Parent Relationship': 'Outer', 'Parallel Aware': False, 'Async Capable': False, 'Relation Name': 'patients', 'Alias': 'p', 'Startup Cost': 0.0, 'Total Cost': 2083.0, 'Plan Rows': 25007, 'Plan Width': 10, 'Disabled': False, 'Filter': ""((city)::text = 'Mumbai'::text)""}]}]}]}]}]}}",89.46489985100925
Q309,3,"SELECT city, COUNT(*)
            FROM patients
            GROUP BY city;","{'Plan': {'Node Type': 'Aggregate', 'Strategy': 'Hashed', 'Partial Mode': 'Simple', 'Parallel Aware': False, 'Async Capable': False, 'Startup Cost': 2333.0, 'Total Cost': 2333.04, 'Plan Rows': 4, 'Plan Width': 14, 'Disabled': False, 'Group Key': ['city'], 'Planned Partitions': 0, 'Plans': [{'Node Type': 'Seq Scan', 'Parent Relationship': 'Outer', 'Parallel Aware': False, 'Async Capable': False, 'Relation Name': 'patients', 'Alias': 'patients', 'Startup Cost': 0.0, 'Total Cost': 1833.0, 'Plan Rows': 100000, 'Plan Width': 6, 'Disabled': False}]}}",20.446399925276637
Q310,3,"SELECT city, COUNT(*)
            FROM patients
            GROUP BY city;","{'Plan': {'Node Type': 'Aggregate', 'Strategy': 'Hashed', 'Partial Mode': 'Simple', 'Parallel Aware': False, 'Async Capable': False, 'Startup Cost': 2333.0, 'Total Cost': 2333.04, 'Plan Rows': 4, 'Plan Width': 14, 'Disabled': False, 'Group Key': ['city'], 'Planned Partitions': 0, 'Plans': [{'Node Type': 'Seq Scan', 'Parent Relationship': 'Outer', 'Parallel Aware': False, 'Async Capable': False, 'Relation Name': 'patients', 'Alias': 'patients', 'Startup Cost': 0.0, 'Total Cost': 1833.0, 'Plan Rows': 100000, 'Plan Width': 6, 'Disabled': False}]}}",20.91610012575984
Q311,4,"SELECT p.name, a.appointment_date
            FROM patients p
            JOIN appointments a
            ON p.patient_id = a.patient_id;","{'Plan': {'Node Type': 'Hash Join', 'Parallel Aware': False, 'Async Capable': False, 'Join Type': 'Inner', 'Startup Cost': 3083.0, 'Total Cost': 13072.56, 'Plan Rows': 500000, 'Plan Width': 17, 'Disabled': False, 'Inner Unique': True, 'Hash Cond': '(a.patient_id = p.patient_id)', 'Plans': [{'Node Type': 'Seq Scan', 'Parent Relationship': 'Outer', 'Parallel Aware': False, 'Async Capable': False, 'Relation Name': 'appointments', 'Alias': 'a', 'Startup Cost': 0.0, 'Total Cost': 8677.0, 'Plan Rows': 500000, 'Plan Width': 8, 'Disabled': False}, {'Node Type': 'Hash', 'Parent Relationship': 'Inner', 'Parallel Aware': False, 'Async Capable': False, 'Startup Cost': 1833.0, 'Total Cost': 1833.0, 'Plan Rows': 100000, 'Plan Width': 17, 'Disabled': False, 'Plans': [{'Node Type': 'Seq Scan', 'Parent Relationship': 'Outer', 'Parallel Aware': False, 'Async Capable': False, 'Relation Name': 'patients', 'Alias': 'p', 'Startup Cost': 0.0, 'Total Cost': 1833.0, 'Plan Rows': 100000, 'Plan Width': 17, 'Disabled': False}]}]}}",609.4831998925656
Q312,2,"SELECT *
            FROM patients
            WHERE city = 'Delhi';","{'Plan': {'Node Type': 'Seq Scan', 'Parallel Aware': False, 'Async Capable': False, 'Relation Name': 'patients', 'Alias': 'patients', 'Startup Cost': 0.0, 'Total Cost': 2083.0, 'Plan Rows': 24947, 'Plan Width': 32, 'Disabled': False, 'Filter': ""((city)::text = 'Delhi'::text)""}}",23.16770004108548
Q313,5,"SELECT p.city, COUNT(a.appointment_id)
            FROM patients p
            JOIN appointments a
            ON p.patient_id = a.patient_id
            WHERE p.city = 'Kanpur'
            GROUP BY p.city;","{'Plan': {'Node Type': 'Aggregate', 'Strategy': 'Sorted', 'Partial Mode': 'Finalize', 'Parallel Aware': False, 'Async Capable': False, 'Startup Cost': 3397.96, 'Total Cost': 9836.65, 'Plan Rows': 1, 'Plan Width': 14, 'Disabled': False, 'Plans': [{'Node Type': 'Gather', 'Parent Relationship': 'Outer', 'Parallel Aware': False, 'Async Capable': False, 'Startup Cost': 3397.96, 'Total Cost': 9836.64, 'Plan Rows': 2, 'Plan Width': 14, 'Disabled': False, 'Workers Planned': 2, 'Single Copy': False, 'Plans': [{'Node Type': 'Aggregate', 'Strategy': 'Sorted', 'Partial Mode': 'Partial', 'Parent Relationship': 'Outer', 'Parallel Aware': False, 'Async Capable': False, 'Startup Cost': 2397.96, 'Total Cost': 8836.44, 'Plan Rows': 1, 'Plan Width': 14, 'Disabled': False, 'Plans': [{'Node Type': 'Hash Join', 'Parent Relationship': 'Outer', 'Parallel Aware': False, 'Async Capable': False, 'Join Type': 'Inner', 'Startup Cost': 2397.96, 'Total Cost': 8705.19, 'Plan Rows': 52494, 'Plan Width': 10, 'Disabled': False, 'Inner Unique': True, 'Hash Cond': '(a.patient_id = p.patient_id)', 'Plans': [{'Node Type': 'Seq Scan', 'Parent Relationship': 'Outer', 'Parallel Aware': True, 'Async Capable': False, 'Relation Name': 'appointments', 'Alias': 'a', 'Startup Cost': 0.0, 'Total Cost': 5760.33, 'Plan Rows': 208333, 'Plan Width': 8, 'Disabled': False}, {'Node Type': 'Hash', 'Parent Relationship': 'Inner', 'Parallel Aware': False, 'Async Capable': False, 'Startup Cost': 2083.0, 'Total Cost': 2083.0, 'Plan Rows': 25197, 'Plan Width': 10, 'Disabled': False, 'Plans': [{'Node Type': 'Seq Scan', 'Parent Relationship': 'Outer', 'Parallel Aware': False, 'Async Capable': False, 'Relation Name': 'patients', 'Alias': 'p', 'Startup Cost': 0.0, 'Total Cost': 2083.0, 'Plan Rows': 25197, 'Plan Width': 10, 'Disabled': False, 'Filter': ""((city)::text = 'Kanpur'::text)""}]}]}]}]}]}}",90.96629987470806
Q314,5,"SELECT p.city, COUNT(a.appointment_id)
            FROM patients p
            JOIN appointments a
            ON p.patient_id = a.patient_id
            WHERE p.city = 'Mumbai'
            GROUP BY p.city;","{'Plan': {'Node Type': 'Aggregate', 'Strategy': 'Sorted', 'Partial Mode': 'Finalize', 'Parallel Aware': False, 'Async Capable': False, 'Startup Cost': 3395.59, 'Total Cost': 9833.29, 'Plan Rows': 1, 'Plan Width': 14, 'Disabled': False, 'Plans': [{'Node Type': 'Gather', 'Parent Relationship': 'Outer', 'Parallel Aware': False, 'Async Capable': False, 'Startup Cost': 3395.59, 'Total Cost': 9833.27, 'Plan Rows': 2, 'Plan Width': 14, 'Disabled': False, 'Workers Planned': 2, 'Single Copy': False, 'Plans': [{'Node Type': 'Aggregate', 'Strategy': 'Sorted', 'Partial Mode': 'Partial', 'Parent Relationship': 'Outer', 'Parallel Aware': False, 'Async Capable': False, 'Startup Cost': 2395.59, 'Total Cost': 8833.07, 'Plan Rows': 1, 'Plan Width': 14, 'Disabled': False, 'Plans': [{'Node Type': 'Hash Join', 'Parent Relationship': 'Outer', 'Parallel Aware': False, 'Async Capable': False, 'Join Type': 'Inner', 'Startup Cost': 2395.59, 'Total Cost': 8702.82, 'Plan Rows': 52098, 'Plan Width': 10, 'Disabled': False, 'Inner Unique': True, 'Hash Cond': '(a.patient_id = p.patient_id)', 'Plans': [{'Node Type': 'Seq Scan', 'Parent Relationship': 'Outer', 'Parallel Aware': True, 'Async Capable': False, 'Relation Name': 'appointments', 'Alias': 'a', 'Startup Cost': 0.0, 'Total Cost': 5760.33, 'Plan Rows': 208333, 'Plan Width': 8, 'Disabled': False}, {'Node Type': 'Hash', 'Parent Relationship': 'Inner', 'Parallel Aware': False, 'Async Capable': False, 'Startup Cost': 2083.0, 'Total Cost': 2083.0, 'Plan Rows': 25007, 'Plan Width': 10, 'Disabled': False, 'Plans': [{'Node Type': 'Seq Scan', 'Parent Relationship': 'Outer', 'Parallel Aware': False, 'Async Capable': False, 'Relation Name': 'patients', 'Alias': 'p', 'Startup Cost': 0.0, 'Total Cost': 2083.0, 'Plan Rows': 25007, 'Plan Width': 10, 'Disabled': False, 'Filter': ""((city)::text = 'Mumbai'::text)""}]}]}]}]}]}}",86.85339987277985
Q315,2,"SELECT *
            FROM patients
            WHERE city = 'Kanpur';","{'Plan': {'Node Type': 'Seq Scan', 'Parallel Aware': False, 'Async Capable': False, 'Relation Name': 'patients', 'Alias': 'patients', 'Startup Cost': 0.0, 'Total Cost': 2083.0, 'Plan Rows': 25197, 'Plan Width': 32, 'Disabled': False, 'Filter': ""((city)::text = 'Kanpur'::text)""}}",40.51620000973344
Q316,1,"SELECT *
            FROM patients
            WHERE age > 28;","{'Plan': {'Node Type': 'Seq Scan', 'Parallel Aware': False, 'Async Capable': False, 'Relation Name': 'patients', 'Alias': 'patients', 'Startup Cost': 0.0, 'Total Cost': 2083.0, 'Plan Rows': 82527, 'Plan Width': 32, 'Disabled': False, 'Filter': '(age > 28)'}}",85.47110017389059
Q317,3,"SELECT city, COUNT(*)
            FROM patients
            GROUP BY city;","{'Plan': {'Node Type': 'Aggregate', 'Strategy': 'Hashed', 'Partial Mode': 'Simple', 'Parallel Aware': False, 'Async Capable': False, 'Startup Cost': 2333.0, 'Total Cost': 2333.04, 'Plan Rows': 4, 'Plan Width': 14, 'Disabled': False, 'Group Key': ['city'], 'Planned Partitions': 0, 'Plans': [{'Node Type': 'Seq Scan', 'Parent Relationship': 'Outer', 'Parallel Aware': False, 'Async Capable': False, 'Relation Name': 'patients', 'Alias': 'patients', 'Startup Cost': 0.0, 'Total Cost': 1833.0, 'Plan Rows': 100000, 'Plan Width': 6, 'Disabled': False}]}}",13.111700071021914
Q318,1,"SELECT *
            FROM patients
            WHERE age > 38;","{'Plan': {'Node Type': 'Seq Scan', 'Parallel Aware': False, 'Async Capable': False, 'Relation Name': 'patients', 'Alias': 'patients', 'Startup Cost': 0.0, 'Total Cost': 2083.0, 'Plan Rows': 66793, 'Plan Width': 32, 'Disabled': False, 'Filter': '(age > 38)'}}",49.95799995958805
Q319,4,"SELECT p.name, a.appointment_date
            FROM patients p
            JOIN appointments a
            ON p.patient_id = a.patient_id;","{'Plan': {'Node Type': 'Hash Join', 'Parallel Aware': False, 'Async Capable': False, 'Join Type': 'Inner', 'Startup Cost': 3083.0, 'Total Cost': 13072.56, 'Plan Rows': 500000, 'Plan Width': 17, 'Disabled': False, 'Inner Unique': True, 'Hash Cond': '(a.patient_id = p.patient_id)', 'Plans': [{'Node Type': 'Seq Scan', 'Parent Relationship': 'Outer', 'Parallel Aware': False, 'Async Capable': False, 'Relation Name': 'appointments', 'Alias': 'a', 'Startup Cost': 0.0, 'Total Cost': 8677.0, 'Plan Rows': 500000, 'Plan Width': 8, 'Disabled': False}, {'Node Type': 'Hash', 'Parent Relationship': 'Inner', 'Parallel Aware': False, 'Async Capable': False, 'Startup Cost': 1833.0, 'Total Cost': 1833.0, 'Plan Rows': 100000, 'Plan Width': 17, 'Disabled': False, 'Plans': [{'Node Type': 'Seq Scan', 'Parent Relationship': 'Outer', 'Parallel Aware': False, 'Async Capable': False, 'Relation Name': 'patients', 'Alias': 'p', 'Startup Cost': 0.0, 'Total Cost': 1833.0, 'Plan Rows': 100000, 'Plan Width': 17, 'Disabled': False}]}]}}",594.6343000978231
Q320,5,"SELECT p.city, COUNT(a.appointment_id)
            FROM patients p
            JOIN appointments a
            ON p.patient_id = a.patient_id
            WHERE p.city = 'Kanpur'
            GROUP BY p.city;","{'Plan': {'Node Type': 'Aggregate', 'Strategy': 'Sorted', 'Partial Mode': 'Finalize', 'Parallel Aware': False, 'Async Capable': False, 'Startup Cost': 3397.96, 'Total Cost': 9836.65, 'Plan Rows': 1, 'Plan Width': 14, 'Disabled': False, 'Plans': [{'Node Type': 'Gather', 'Parent Relationship': 'Outer', 'Parallel Aware': False, 'Async Capable': False, 'Startup Cost': 3397.96, 'Total Cost': 9836.64, 'Plan Rows': 2, 'Plan Width': 14, 'Disabled': False, 'Workers Planned': 2, 'Single Copy': False, 'Plans': [{'Node Type': 'Aggregate', 'Strategy': 'Sorted', 'Partial Mode': 'Partial', 'Parent Relationship': 'Outer', 'Parallel Aware': False, 'Async Capable': False, 'Startup Cost': 2397.96, 'Total Cost': 8836.44, 'Plan Rows': 1, 'Plan Width': 14, 'Disabled': False, 'Plans': [{'Node Type': 'Hash Join', 'Parent Relationship': 'Outer', 'Parallel Aware': False, 'Async Capable': False, 'Join Type': 'Inner', 'Startup Cost': 2397.96, 'Total Cost': 8705.19, 'Plan Rows': 52494, 'Plan Width': 10, 'Disabled': False, 'Inner Unique': True, 'Hash Cond': '(a.patient_id = p.patient_id)', 'Plans': [{'Node Type': 'Seq Scan', 'Parent Relationship': 'Outer', 'Parallel Aware': True, 'Async Capable': False, 'Relation Name': 'appointments', 'Alias': 'a', 'Startup Cost': 0.0, 'Total Cost': 5760.33, 'Plan Rows': 208333, 'Plan Width': 8, 'Disabled': False}, {'Node Type': 'Hash', 'Parent Relationship': 'Inner', 'Parallel Aware': False, 'Async Capable': False, 'Startup Cost': 2083.0, 'Total Cost': 2083.0, 'Plan Rows': 25197, 'Plan Width': 10, 'Disabled': False, 'Plans': [{'Node Type': 'Seq Scan', 'Parent Relationship': 'Outer', 'Parallel Aware': False, 'Async Capable': False, 'Relation Name': 'patients', 'Alias': 'p', 'Startup Cost': 0.0, 'Total Cost': 2083.0, 'Plan Rows': 25197, 'Plan Width': 10, 'Disabled': False, 'Filter': ""((city)::text = 'Kanpur'::text)""}]}]}]}]}]}}",80.56370005942881
Q321,3,"SELECT city, COUNT(*)
            FROM patients
            GROUP BY city;","{'Plan': {'Node Type': 'Aggregate', 'Strategy': 'Hashed', 'Partial Mode': 'Simple', 'Parallel Aware': False, 'Async Capable': False, 'Startup Cost': 2333.0, 'Total Cost': 2333.04, 'Plan Rows': 4, 'Plan Width': 14, 'Disabled': False, 'Group Key': ['city'], 'Planned Partitions': 0, 'Plans': [{'Node Type': 'Seq Scan', 'Parent Relationship': 'Outer', 'Parallel Aware': False, 'Async Capable': False, 'Relation Name': 'patients', 'Alias': 'patients', 'Startup Cost': 0.0, 'Total Cost': 1833.0, 'Plan Rows': 100000, 'Plan Width': 6, 'Disabled': False}]}}",19.26359999924898
Q322,3,"SELECT city, COUNT(*)
            FROM patients
            GROUP BY city;","{'Plan': {'Node Type': 'Aggregate', 'Strategy': 'Hashed', 'Partial Mode': 'Simple', 'Parallel Aware': False, 'Async Capable': False, 'Startup Cost': 2333.0, 'Total Cost': 2333.04, 'Plan Rows': 4, 'Plan Width': 14, 'Disabled': False, 'Group Key': ['city'], 'Planned Partitions': 0, 'Plans': [{'Node Type': 'Seq Scan', 'Parent Relationship': 'Outer', 'Parallel Aware': False, 'Async Capable': False, 'Relation Name': 'patients', 'Alias': 'patients', 'Startup Cost': 0.0, 'Total Cost': 1833.0, 'Plan Rows': 100000, 'Plan Width': 6, 'Disabled': False}]}}",20.705200033262372
Q323,5,"SELECT p.city, COUNT(a.appointment_id)
            FROM patients p
            JOIN appointments a
            ON p.patient_id = a.patient_id
            WHERE p.city = 'Lucknow'
            GROUP BY p.city;","{'Plan': {'Node Type': 'Aggregate', 'Strategy': 'Sorted', 'Partial Mode': 'Finalize', 'Parallel Aware': False, 'Async Capable': False, 'Startup Cost': 3393.62, 'Total Cost': 9830.51, 'Plan Rows': 1, 'Plan Width': 14, 'Disabled': False, 'Plans': [{'Node Type': 'Gather', 'Parent Relationship': 'Outer', 'Parallel Aware': False, 'Async Capable': False, 'Startup Cost': 3393.62, 'Total Cost': 9830.49, 'Plan Rows': 2, 'Plan Width': 14, 'Disabled': False, 'Workers Planned': 2, 'Single Copy': False, 'Plans': [{'Node Type': 'Aggregate', 'Strategy': 'Sorted', 'Partial Mode': 'Partial', 'Parent Relationship': 'Outer', 'Parallel Aware': False, 'Async Capable': False, 'Startup Cost': 2393.62, 'Total Cost': 8830.29, 'Plan Rows': 1, 'Plan Width': 14, 'Disabled': False, 'Plans': [{'Node Type': 'Hash Join', 'Parent Relationship': 'Outer', 'Parallel Aware': False, 'Async Capable': False, 'Join Type': 'Inner', 'Startup Cost': 2393.62, 'Total Cost': 8700.85, 'Plan Rows': 51771, 'Plan Width': 10, 'Disabled': False, 'Inner Unique': True, 'Hash Cond': '(a.patient_id = p.patient_id)', 'Plans': [{'Node Type': 'Seq Scan', 'Parent Relationship': 'Outer', 'Parallel Aware': True, 'Async Capable': False, 'Relation Name': 'appointments', 'Alias': 'a', 'Startup Cost': 0.0, 'Total Cost': 5760.33, 'Plan Rows': 208333, 'Plan Width': 8, 'Disabled': False}, {'Node Type': 'Hash', 'Parent Relationship': 'Inner', 'Parallel Aware': False, 'Async Capable': False, 'Startup Cost': 2083.0, 'Total Cost': 2083.0, 'Plan Rows': 24850, 'Plan Width': 10, 'Disabled': False, 'Plans': [{'Node Type': 'Seq Scan', 'Parent Relationship': 'Outer', 'Parallel Aware': False, 'Async Capable': False, 'Relation Name': 'patients', 'Alias': 'p', 'Startup Cost': 0.0, 'Total Cost': 2083.0, 'Plan Rows': 24850, 'Plan Width': 10, 'Disabled': False, 'Filter': ""((city)::text = 'Lucknow'::text)""}]}]}]}]}]}}",85.74020001105964
Q324,3,"SELECT city, COUNT(*)
            FROM patients
            GROUP BY city;","{'Plan': {'Node Type': 'Aggregate', 'Strategy': 'Hashed', 'Partial Mode': 'Simple', 'Parallel Aware': False, 'Async Capable': False, 'Startup Cost': 2333.0, 'Total Cost': 2333.04, 'Plan Rows': 4, 'Plan Width': 14, 'Disabled': False, 'Group Key': ['city'], 'Planned Partitions': 0, 'Plans': [{'Node Type': 'Seq Scan', 'Parent Relationship': 'Outer', 'Parallel Aware': False, 'Async Capable': False, 'Relation Name': 'patients', 'Alias': 'patients', 'Startup Cost': 0.0, 'Total Cost': 1833.0, 'Plan Rows': 100000, 'Plan Width': 6, 'Disabled': False}]}}",19.428499974310398
Q325,5,"SELECT p.city, COUNT(a.appointment_id)
            FROM patients p
            JOIN appointments a
            ON p.patient_id = a.patient_id
            WHERE p.city = 'Delhi'
            GROUP BY p.city;","{'Plan': {'Node Type': 'Aggregate', 'Strategy': 'Sorted', 'Partial Mode': 'Finalize', 'Parallel Aware': False, 'Async Capable': False, 'Startup Cost': 3394.84, 'Total Cost': 9832.22, 'Plan Rows': 1, 'Plan Width': 14, 'Disabled': False, 'Plans': [{'Node Type': 'Gather', 'Parent Relationship': 'Outer', 'Parallel Aware': False, 'Async Capable': False, 'Startup Cost': 3394.84, 'Total Cost': 9832.21, 'Plan Rows': 2, 'Plan Width': 14, 'Disabled': False, 'Workers Planned': 2, 'Single Copy': False, 'Plans': [{'Node Type': 'Aggregate', 'Strategy': 'Sorted', 'Partial Mode': 'Partial', 'Parent Relationship': 'Outer', 'Parallel Aware': False, 'Async Capable': False, 'Startup Cost': 2394.84, 'Total Cost': 8832.01, 'Plan Rows': 1, 'Plan Width': 14, 'Disabled': False, 'Plans': [{'Node Type': 'Hash Join', 'Parent Relationship': 'Outer', 'Parallel Aware': False, 'Async Capable': False, 'Join Type': 'Inner', 'Startup Cost': 2394.84, 'Total Cost': 8702.07, 'Plan Rows': 51973, 'Plan Width': 10, 'Disabled': False, 'Inner Unique': True, 'Hash Cond': '(a.patient_id = p.patient_id)', 'Plans': [{'Node Type': 'Seq Scan', 'Parent Relationship': 'Outer', 'Parallel Aware': True, 'Async Capable': False, 'Relation Name': 'appointments', 'Alias': 'a', 'Startup Cost': 0.0, 'Total Cost': 5760.33, 'Plan Rows': 208333, 'Plan Width': 8, 'Disabled': False}, {'Node Type': 'Hash', 'Parent Relationship': 'Inner', 'Parallel Aware': False, 'Async Capable': False, 'Startup Cost': 2083.0, 'Total Cost': 2083.0, 'Plan Rows': 24947, 'Plan Width': 10, 'Disabled': False, 'Plans': [{'Node Type': 'Seq Scan', 'Parent Relationship': 'Outer', 'Parallel Aware': False, 'Async Capable': False, 'Relation Name': 'patients', 'Alias': 'p', 'Startup Cost': 0.0, 'Total Cost': 2083.0, 'Plan Rows': 24947, 'Plan Width': 10, 'Disabled': False, 'Filter': ""((city)::text = 'Delhi'::text)""}]}]}]}]}]}}",89.66060006059706
Q326,5,"SELECT p.city, COUNT(a.appointment_id)
            FROM patients p
            JOIN appointments a
            ON p.patient_id = a.patient_id
            WHERE p.city = 'Mumbai'
            GROUP BY p.city;","{'Plan': {'Node Type': 'Aggregate', 'Strategy': 'Sorted', 'Partial Mode': 'Finalize', 'Parallel Aware': False, 'Async Capable': False, 'Startup Cost': 3395.59, 'Total Cost': 9833.29, 'Plan Rows': 1, 'Plan Width': 14, 'Disabled': False, 'Plans': [{'Node Type': 'Gather', 'Parent Relationship': 'Outer', 'Parallel Aware': False, 'Async Capable': False, 'Startup Cost': 3395.59, 'Total Cost': 9833.27, 'Plan Rows': 2, 'Plan Width': 14, 'Disabled': False, 'Workers Planned': 2, 'Single Copy': False, 'Plans': [{'Node Type': 'Aggregate', 'Strategy': 'Sorted', 'Partial Mode': 'Partial', 'Parent Relationship': 'Outer', 'Parallel Aware': False, 'Async Capable': False, 'Startup Cost': 2395.59, 'Total Cost': 8833.07, 'Plan Rows': 1, 'Plan Width': 14, 'Disabled': False, 'Plans': [{'Node Type': 'Hash Join', 'Parent Relationship': 'Outer', 'Parallel Aware': False, 'Async Capable': False, 'Join Type': 'Inner', 'Startup Cost': 2395.59, 'Total Cost': 8702.82, 'Plan Rows': 52098, 'Plan Width': 10, 'Disabled': False, 'Inner Unique': True, 'Hash Cond': '(a.patient_id = p.patient_id)', 'Plans': [{'Node Type': 'Seq Scan', 'Parent Relationship': 'Outer', 'Parallel Aware': True, 'Async Capable': False, 'Relation Name': 'appointments', 'Alias': 'a', 'Startup Cost': 0.0, 'Total Cost': 5760.33, 'Plan Rows': 208333, 'Plan Width': 8, 'Disabled': False}, {'Node Type': 'Hash', 'Parent Relationship': 'Inner', 'Parallel Aware': False, 'Async Capable': False, 'Startup Cost': 2083.0, 'Total Cost': 2083.0, 'Plan Rows': 25007, 'Plan Width': 10, 'Disabled': False, 'Plans': [{'Node Type': 'Seq Scan', 'Parent Relationship': 'Outer', 'Parallel Aware': False, 'Async Capable': False, 'Relation Name': 'patients', 'Alias': 'p', 'Startup Cost': 0.0, 'Total Cost': 2083.0, 'Plan Rows': 25007, 'Plan Width': 10, 'Disabled': False, 'Filter': ""((city)::text = 'Mumbai'::text)""}]}]}]}]}]}}",89.43510008975863
Q327,1,"SELECT *
            FROM patients
            WHERE age > 18;","{'Plan': {'Node Type': 'Seq Scan', 'Parallel Aware': False, 'Async Capable': False, 'Relation Name': 'patients', 'Alias': 'patients', 'Startup Cost': 0.0, 'Total Cost': 2083.0, 'Plan Rows': 98410, 'Plan Width': 32, 'Disabled': False, 'Filter': '(age > 18)'}}",103.89379994012415
Q328,2,"SELECT *
            FROM patients
            WHERE city = 'Lucknow';","{'Plan': {'Node Type': 'Seq Scan', 'Parallel Aware': False, 'Async Capable': False, 'Relation Name': 'patients', 'Alias': 'patients', 'Startup Cost': 0.0, 'Total Cost': 2083.0, 'Plan Rows': 24850, 'Plan Width': 32, 'Disabled': False, 'Filter': ""((city)::text = 'Lucknow'::text)""}}",28.475600061938167
Q329,3,"SELECT city, COUNT(*)
            FROM patients
            GROUP BY city;","{'Plan': {'Node Type': 'Aggregate', 'Strategy': 'Hashed', 'Partial Mode': 'Simple', 'Parallel Aware': False, 'Async Capable': False, 'Startup Cost': 2333.0, 'Total Cost': 2333.04, 'Plan Rows': 4, 'Plan Width': 14, 'Disabled': False, 'Group Key': ['city'], 'Planned Partitions': 0, 'Plans': [{'Node Type': 'Seq Scan', 'Parent Relationship': 'Outer', 'Parallel Aware': False, 'Async Capable': False, 'Relation Name': 'patients', 'Alias': 'patients', 'Startup Cost': 0.0, 'Total Cost': 1833.0, 'Plan Rows': 100000, 'Plan Width': 6, 'Disabled': False}]}}",12.844600016251206
Q330,3,"SELECT city, COUNT(*)
            FROM patients
            GROUP BY city;","{'Plan': {'Node Type': 'Aggregate', 'Strategy': 'Hashed', 'Partial Mode': 'Simple', 'Parallel Aware': False, 'Async Capable': False, 'Startup Cost': 2333.0, 'Total Cost': 2333.04, 'Plan Rows': 4, 'Plan Width': 14, 'Disabled': False, 'Group Key': ['city'], 'Planned Partitions': 0, 'Plans': [{'Node Type': 'Seq Scan', 'Parent Relationship': 'Outer', 'Parallel Aware': False, 'Async Capable': False, 'Relation Name': 'patients', 'Alias': 'patients', 'Startup Cost': 0.0, 'Total Cost': 1833.0, 'Plan Rows': 100000, 'Plan Width': 6, 'Disabled': False}]}}",20.185000030323863
Q331,2,"SELECT *
            FROM patients
            WHERE city = 'Mumbai';","{'Plan': {'Node Type': 'Seq Scan', 'Parallel Aware': False, 'Async Capable': False, 'Relation Name': 'patients', 'Alias': 'patients', 'Startup Cost': 0.0, 'Total Cost': 2083.0, 'Plan Rows': 25007, 'Plan Width': 32, 'Disabled': False, 'Filter': ""((city)::text = 'Mumbai'::text)""}}",32.24760014563799
Q332,3,"SELECT city, COUNT(*)
            FROM patients
            GROUP BY city;","{'Plan': {'Node Type': 'Aggregate', 'Strategy': 'Hashed', 'Partial Mode': 'Simple', 'Parallel Aware': False, 'Async Capable': False, 'Startup Cost': 2333.0, 'Total Cost': 2333.04, 'Plan Rows': 4, 'Plan Width': 14, 'Disabled': False, 'Group Key': ['city'], 'Planned Partitions': 0, 'Plans': [{'Node Type': 'Seq Scan', 'Parent Relationship': 'Outer', 'Parallel Aware': False, 'Async Capable': False, 'Relation Name': 'patients', 'Alias': 'patients', 'Startup Cost': 0.0, 'Total Cost': 1833.0, 'Plan Rows': 100000, 'Plan Width': 6, 'Disabled': False}]}}",22.290099877864122
Q333,1,"SELECT *
            FROM patients
            WHERE age > 47;","{'Plan': {'Node Type': 'Seq Scan', 'Parallel Aware': False, 'Async Capable': False, 'Relation Name': 'patients', 'Alias': 'patients', 'Startup Cost': 0.0, 'Total Cost': 2083.0, 'Plan Rows': 51953, 'Plan Width': 32, 'Disabled': False, 'Filter': '(age > 47)'}}",61.620199820026755
Q334,5,"SELECT p.city, COUNT(a.appointment_id)
            FROM patients p
            JOIN appointments a
            ON p.patient_id = a.patient_id
            WHERE p.city = 'Lucknow'
            GROUP BY p.city;","{'Plan': {'Node Type': 'Aggregate', 'Strategy': 'Sorted', 'Partial Mode': 'Finalize', 'Parallel Aware': False, 'Async Capable': False, 'Startup Cost': 3393.62, 'Total Cost': 9830.51, 'Plan Rows': 1, 'Plan Width': 14, 'Disabled': False, 'Plans': [{'Node Type': 'Gather', 'Parent Relationship': 'Outer', 'Parallel Aware': False, 'Async Capable': False, 'Startup Cost': 3393.62, 'Total Cost': 9830.49, 'Plan Rows': 2, 'Plan Width': 14, 'Disabled': False, 'Workers Planned': 2, 'Single Copy': False, 'Plans': [{'Node Type': 'Aggregate', 'Strategy': 'Sorted', 'Partial Mode': 'Partial', 'Parent Relationship': 'Outer', 'Parallel Aware': False, 'Async Capable': False, 'Startup Cost': 2393.62, 'Total Cost': 8830.29, 'Plan Rows': 1, 'Plan Width': 14, 'Disabled': False, 'Plans': [{'Node Type': 'Hash Join', 'Parent Relationship': 'Outer', 'Parallel Aware': False, 'Async Capable': False, 'Join Type': 'Inner', 'Startup Cost': 2393.62, 'Total Cost': 8700.85, 'Plan Rows': 51771, 'Plan Width': 10, 'Disabled': False, 'Inner Unique': True, 'Hash Cond': '(a.patient_id = p.patient_id)', 'Plans': [{'Node Type': 'Seq Scan', 'Parent Relationship': 'Outer', 'Parallel Aware': True, 'Async Capable': False, 'Relation Name': 'appointments', 'Alias': 'a', 'Startup Cost': 0.0, 'Total Cost': 5760.33, 'Plan Rows': 208333, 'Plan Width': 8, 'Disabled': False}, {'Node Type': 'Hash', 'Parent Relationship': 'Inner', 'Parallel Aware': False, 'Async Capable': False, 'Startup Cost': 2083.0, 'Total Cost': 2083.0, 'Plan Rows': 24850, 'Plan Width': 10, 'Disabled': False, 'Plans': [{'Node Type': 'Seq Scan', 'Parent Relationship': 'Outer', 'Parallel Aware': False, 'Async Capable': False, 'Relation Name': 'patients', 'Alias': 'p', 'Startup Cost': 0.0, 'Total Cost': 2083.0, 'Plan Rows': 24850, 'Plan Width': 10, 'Disabled': False, 'Filter': ""((city)::text = 'Lucknow'::text)""}]}]}]}]}]}}",159.64449988678098
Q335,5,"SELECT p.city, COUNT(a.appointment_id)
            FROM patients p
            JOIN appointments a
            ON p.patient_id = a.patient_id
            WHERE p.city = 'Delhi'
            GROUP BY p.city;","{'Plan': {'Node Type': 'Aggregate', 'Strategy': 'Sorted', 'Partial Mode': 'Finalize', 'Parallel Aware': False, 'Async Capable': False, 'Startup Cost': 3394.84, 'Total Cost': 9832.22, 'Plan Rows': 1, 'Plan Width': 14, 'Disabled': False, 'Plans': [{'Node Type': 'Gather', 'Parent Relationship': 'Outer', 'Parallel Aware': False, 'Async Capable': False, 'Startup Cost': 3394.84, 'Total Cost': 9832.21, 'Plan Rows': 2, 'Plan Width': 14, 'Disabled': False, 'Workers Planned': 2, 'Single Copy': False, 'Plans': [{'Node Type': 'Aggregate', 'Strategy': 'Sorted', 'Partial Mode': 'Partial', 'Parent Relationship': 'Outer', 'Parallel Aware': False, 'Async Capable': False, 'Startup Cost': 2394.84, 'Total Cost': 8832.01, 'Plan Rows': 1, 'Plan Width': 14, 'Disabled': False, 'Plans': [{'Node Type': 'Hash Join', 'Parent Relationship': 'Outer', 'Parallel Aware': False, 'Async Capable': False, 'Join Type': 'Inner', 'Startup Cost': 2394.84, 'Total Cost': 8702.07, 'Plan Rows': 51973, 'Plan Width': 10, 'Disabled': False, 'Inner Unique': True, 'Hash Cond': '(a.patient_id = p.patient_id)', 'Plans': [{'Node Type': 'Seq Scan', 'Parent Relationship': 'Outer', 'Parallel Aware': True, 'Async Capable': False, 'Relation Name': 'appointments', 'Alias': 'a', 'Startup Cost': 0.0, 'Total Cost': 5760.33, 'Plan Rows': 208333, 'Plan Width': 8, 'Disabled': False}, {'Node Type': 'Hash', 'Parent Relationship': 'Inner', 'Parallel Aware': False, 'Async Capable': False, 'Startup Cost': 2083.0, 'Total Cost': 2083.0, 'Plan Rows': 24947, 'Plan Width': 10, 'Disabled': False, 'Plans': [{'Node Type': 'Seq Scan', 'Parent Relationship': 'Outer', 'Parallel Aware': False, 'Async Capable': False, 'Relation Name': 'patients', 'Alias': 'p', 'Startup Cost': 0.0, 'Total Cost': 2083.0, 'Plan Rows': 24947, 'Plan Width': 10, 'Disabled': False, 'Filter': ""((city)::text = 'Delhi'::text)""}]}]}]}]}]}}",161.24290018342435
Q336,3,"SELECT city, COUNT(*)
            FROM patients
            GROUP BY city;","{'Plan': {'Node Type': 'Aggregate', 'Strategy': 'Hashed', 'Partial Mode': 'Simple', 'Parallel Aware': False, 'Async Capable': False, 'Startup Cost': 2333.0, 'Total Cost': 2333.04, 'Plan Rows': 4, 'Plan Width': 14, 'Disabled': False, 'Group Key': ['city'], 'Planned Partitions': 0, 'Plans': [{'Node Type': 'Seq Scan', 'Parent Relationship': 'Outer', 'Parallel Aware': False, 'Async Capable': False, 'Relation Name': 'patients', 'Alias': 'patients', 'Startup Cost': 0.0, 'Total Cost': 1833.0, 'Plan Rows': 100000, 'Plan Width': 6, 'Disabled': False}]}}",20.73059999383986
Q337,4,"SELECT p.name, a.appointment_date
            FROM patients p
            JOIN appointments a
            ON p.patient_id = a.patient_id;","{'Plan': {'Node Type': 'Hash Join', 'Parallel Aware': False, 'Async Capable': False, 'Join Type': 'Inner', 'Startup Cost': 3083.0, 'Total Cost': 13072.56, 'Plan Rows': 500000, 'Plan Width': 17, 'Disabled': False, 'Inner Unique': True, 'Hash Cond': '(a.patient_id = p.patient_id)', 'Plans': [{'Node Type': 'Seq Scan', 'Parent Relationship': 'Outer', 'Parallel Aware': False, 'Async Capable': False, 'Relation Name': 'appointments', 'Alias': 'a', 'Startup Cost': 0.0, 'Total Cost': 8677.0, 'Plan Rows': 500000, 'Plan Width': 8, 'Disabled': False}, {'Node Type': 'Hash', 'Parent Relationship': 'Inner', 'Parallel Aware': False, 'Async Capable': False, 'Startup Cost': 1833.0, 'Total Cost': 1833.0, 'Plan Rows': 100000, 'Plan Width': 17, 'Disabled': False, 'Plans': [{'Node Type': 'Seq Scan', 'Parent Relationship': 'Outer', 'Parallel Aware': False, 'Async Capable': False, 'Relation Name': 'patients', 'Alias': 'p', 'Startup Cost': 0.0, 'Total Cost': 1833.0, 'Plan Rows': 100000, 'Plan Width': 17, 'Disabled': False}]}]}}",662.10119985044
Q338,1,"SELECT *
            FROM patients
            WHERE age > 69;","{'Plan': {'Node Type': 'Seq Scan', 'Parallel Aware': False, 'Async Capable': False, 'Relation Name': 'patients', 'Alias': 'patients', 'Startup Cost': 0.0, 'Total Cost': 2083.0, 'Plan Rows': 17320, 'Plan Width': 32, 'Disabled': False, 'Filter': '(age > 69)'}}",36.06469999067485
Q339,3,"SELECT city, COUNT(*)
            FROM patients
            GROUP BY city;","{'Plan': {'Node Type': 'Aggregate', 'Strategy': 'Hashed', 'Partial Mode': 'Simple', 'Parallel Aware': False, 'Async Capable': False, 'Startup Cost': 2333.0, 'Total Cost': 2333.04, 'Plan Rows': 4, 'Plan Width': 14, 'Disabled': False, 'Group Key': ['city'], 'Planned Partitions': 0, 'Plans': [{'Node Type': 'Seq Scan', 'Parent Relationship': 'Outer', 'Parallel Aware': False, 'Async Capable': False, 'Relation Name': 'patients', 'Alias': 'patients', 'Startup Cost': 0.0, 'Total Cost': 1833.0, 'Plan Rows': 100000, 'Plan Width': 6, 'Disabled': False}]}}",14.876000117510557
Q340,4,"SELECT p.name, a.appointment_date
            FROM patients p
            JOIN appointments a
            ON p.patient_id = a.patient_id;","{'Plan': {'Node Type': 'Hash Join', 'Parallel Aware': False, 'Async Capable': False, 'Join Type': 'Inner', 'Startup Cost': 3083.0, 'Total Cost': 13072.56, 'Plan Rows': 500000, 'Plan Width': 17, 'Disabled': False, 'Inner Unique': True, 'Hash Cond': '(a.patient_id = p.patient_id)', 'Plans': [{'Node Type': 'Seq Scan', 'Parent Relationship': 'Outer', 'Parallel Aware': False, 'Async Capable': False, 'Relation Name': 'appointments', 'Alias': 'a', 'Startup Cost': 0.0, 'Total Cost': 8677.0, 'Plan Rows': 500000, 'Plan Width': 8, 'Disabled': False}, {'Node Type': 'Hash', 'Parent Relationship': 'Inner', 'Parallel Aware': False, 'Async Capable': False, 'Startup Cost': 1833.0, 'Total Cost': 1833.0, 'Plan Rows': 100000, 'Plan Width': 17, 'Disabled': False, 'Plans': [{'Node Type': 'Seq Scan', 'Parent Relationship': 'Outer', 'Parallel Aware': False, 'Async Capable': False, 'Relation Name': 'patients', 'Alias': 'p', 'Startup Cost': 0.0, 'Total Cost': 1833.0, 'Plan Rows': 100000, 'Plan Width': 17, 'Disabled': False}]}]}}",645.4749000258744
Q341,3,"SELECT city, COUNT(*)
            FROM patients
            GROUP BY city;","{'Plan': {'Node Type': 'Aggregate', 'Strategy': 'Hashed', 'Partial Mode': 'Simple', 'Parallel Aware': False, 'Async Capable': False, 'Startup Cost': 2333.0, 'Total Cost': 2333.04, 'Plan Rows': 4, 'Plan Width': 14, 'Disabled': False, 'Group Key': ['city'], 'Planned Partitions': 0, 'Plans': [{'Node Type': 'Seq Scan', 'Parent Relationship': 'Outer', 'Parallel Aware': False, 'Async Capable': False, 'Relation Name': 'patients', 'Alias': 'patients', 'Startup Cost': 0.0, 'Total Cost': 1833.0, 'Plan Rows': 100000, 'Plan Width': 6, 'Disabled': False}]}}",14.012700179591775
Q342,5,"SELECT p.city, COUNT(a.appointment_id)
            FROM patients p
            JOIN appointments a
            ON p.patient_id = a.patient_id
            WHERE p.city = 'Lucknow'
            GROUP BY p.city;","{'Plan': {'Node Type': 'Aggregate', 'Strategy': 'Sorted', 'Partial Mode': 'Finalize', 'Parallel Aware': False, 'Async Capable': False, 'Startup Cost': 3393.62, 'Total Cost': 9830.51, 'Plan Rows': 1, 'Plan Width': 14, 'Disabled': False, 'Plans': [{'Node Type': 'Gather', 'Parent Relationship': 'Outer', 'Parallel Aware': False, 'Async Capable': False, 'Startup Cost': 3393.62, 'Total Cost': 9830.49, 'Plan Rows': 2, 'Plan Width': 14, 'Disabled': False, 'Workers Planned': 2, 'Single Copy': False, 'Plans': [{'Node Type': 'Aggregate', 'Strategy': 'Sorted', 'Partial Mode': 'Partial', 'Parent Relationship': 'Outer', 'Parallel Aware': False, 'Async Capable': False, 'Startup Cost': 2393.62, 'Total Cost': 8830.29, 'Plan Rows': 1, 'Plan Width': 14, 'Disabled': False, 'Plans': [{'Node Type': 'Hash Join', 'Parent Relationship': 'Outer', 'Parallel Aware': False, 'Async Capable': False, 'Join Type': 'Inner', 'Startup Cost': 2393.62, 'Total Cost': 8700.85, 'Plan Rows': 51771, 'Plan Width': 10, 'Disabled': False, 'Inner Unique': True, 'Hash Cond': '(a.patient_id = p.patient_id)', 'Plans': [{'Node Type': 'Seq Scan', 'Parent Relationship': 'Outer', 'Parallel Aware': True, 'Async Capable': False, 'Relation Name': 'appointments', 'Alias': 'a', 'Startup Cost': 0.0, 'Total Cost': 5760.33, 'Plan Rows': 208333, 'Plan Width': 8, 'Disabled': False}, {'Node Type': 'Hash', 'Parent Relationship': 'Inner', 'Parallel Aware': False, 'Async Capable': False, 'Startup Cost': 2083.0, 'Total Cost': 2083.0, 'Plan Rows': 24850, 'Plan Width': 10, 'Disabled': False, 'Plans': [{'Node Type': 'Seq Scan', 'Parent Relationship': 'Outer', 'Parallel Aware': False, 'Async Capable': False, 'Relation Name': 'patients', 'Alias': 'p', 'Startup Cost': 0.0, 'Total Cost': 2083.0, 'Plan Rows': 24850, 'Plan Width': 10, 'Disabled': False, 'Filter': ""((city)::text = 'Lucknow'::text)""}]}]}]}]}]}}",97.13199990801513
Q343,3,"SELECT city, COUNT(*)
            FROM patients
            GROUP BY city;","{'Plan': {'Node Type': 'Aggregate', 'Strategy': 'Hashed', 'Partial Mode': 'Simple', 'Parallel Aware': False, 'Async Capable': False, 'Startup Cost': 2333.0, 'Total Cost': 2333.04, 'Plan Rows': 4, 'Plan Width': 14, 'Disabled': False, 'Group Key': ['city'], 'Planned Partitions': 0, 'Plans': [{'Node Type': 'Seq Scan', 'Parent Relationship': 'Outer', 'Parallel Aware': False, 'Async Capable': False, 'Relation Name': 'patients', 'Alias': 'patients', 'Startup Cost': 0.0, 'Total Cost': 1833.0, 'Plan Rows': 100000, 'Plan Width': 6, 'Disabled': False}]}}",19.18240007944405
Q344,5,"SELECT p.city, COUNT(a.appointment_id)
            FROM patients p
            JOIN appointments a
            ON p.patient_id = a.patient_id
            WHERE p.city = 'Mumbai'
            GROUP BY p.city;","{'Plan': {'Node Type': 'Aggregate', 'Strategy': 'Sorted', 'Partial Mode': 'Finalize', 'Parallel Aware': False, 'Async Capable': False, 'Startup Cost': 3395.59, 'Total Cost': 9833.29, 'Plan Rows': 1, 'Plan Width': 14, 'Disabled': False, 'Plans': [{'Node Type': 'Gather', 'Parent Relationship': 'Outer', 'Parallel Aware': False, 'Async Capable': False, 'Startup Cost': 3395.59, 'Total Cost': 9833.27, 'Plan Rows': 2, 'Plan Width': 14, 'Disabled': False, 'Workers Planned': 2, 'Single Copy': False, 'Plans': [{'Node Type': 'Aggregate', 'Strategy': 'Sorted', 'Partial Mode': 'Partial', 'Parent Relationship': 'Outer', 'Parallel Aware': False, 'Async Capable': False, 'Startup Cost': 2395.59, 'Total Cost': 8833.07, 'Plan Rows': 1, 'Plan Width': 14, 'Disabled': False, 'Plans': [{'Node Type': 'Hash Join', 'Parent Relationship': 'Outer', 'Parallel Aware': False, 'Async Capable': False, 'Join Type': 'Inner', 'Startup Cost': 2395.59, 'Total Cost': 8702.82, 'Plan Rows': 52098, 'Plan Width': 10, 'Disabled': False, 'Inner Unique': True, 'Hash Cond': '(a.patient_id = p.patient_id)', 'Plans': [{'Node Type': 'Seq Scan', 'Parent Relationship': 'Outer', 'Parallel Aware': True, 'Async Capable': False, 'Relation Name': 'appointments', 'Alias': 'a', 'Startup Cost': 0.0, 'Total Cost': 5760.33, 'Plan Rows': 208333, 'Plan Width': 8, 'Disabled': False}, {'Node Type': 'Hash', 'Parent Relationship': 'Inner', 'Parallel Aware': False, 'Async Capable': False, 'Startup Cost': 2083.0, 'Total Cost': 2083.0, 'Plan Rows': 25007, 'Plan Width': 10, 'Disabled': False, 'Plans': [{'Node Type': 'Seq Scan', 'Parent Relationship': 'Outer', 'Parallel Aware': False, 'Async Capable': False, 'Relation Name': 'patients', 'Alias': 'p', 'Startup Cost': 0.0, 'Total Cost': 2083.0, 'Plan Rows': 25007, 'Plan Width': 10, 'Disabled': False, 'Filter': ""((city)::text = 'Mumbai'::text)""}]}]}]}]}]}}",84.30840005166829
Q345,4,"SELECT p.name, a.appointment_date
            FROM patients p
            JOIN appointments a
            ON p.patient_id = a.patient_id;","{'Plan': {'Node Type': 'Hash Join', 'Parallel Aware': False, 'Async Capable': False, 'Join Type': 'Inner', 'Startup Cost': 3083.0, 'Total Cost': 13072.56, 'Plan Rows': 500000, 'Plan Width': 17, 'Disabled': False, 'Inner Unique': True, 'Hash Cond': '(a.patient_id = p.patient_id)', 'Plans': [{'Node Type': 'Seq Scan', 'Parent Relationship': 'Outer', 'Parallel Aware': False, 'Async Capable': False, 'Relation Name': 'appointments', 'Alias': 'a', 'Startup Cost': 0.0, 'Total Cost': 8677.0, 'Plan Rows': 500000, 'Plan Width': 8, 'Disabled': False}, {'Node Type': 'Hash', 'Parent Relationship': 'Inner', 'Parallel Aware': False, 'Async Capable': False, 'Startup Cost': 1833.0, 'Total Cost': 1833.0, 'Plan Rows': 100000, 'Plan Width': 17, 'Disabled': False, 'Plans': [{'Node Type': 'Seq Scan', 'Parent Relationship': 'Outer', 'Parallel Aware': False, 'Async Capable': False, 'Relation Name': 'patients', 'Alias': 'p', 'Startup Cost': 0.0, 'Total Cost': 1833.0, 'Plan Rows': 100000, 'Plan Width': 17, 'Disabled': False}]}]}}",663.5682000778615
Q346,4,"SELECT p.name, a.appointment_date
            FROM patients p
            JOIN appointments a
            ON p.patient_id = a.patient_id;","{'Plan': {'Node Type': 'Hash Join', 'Parallel Aware': False, 'Async Capable': False, 'Join Type': 'Inner', 'Startup Cost': 3083.0, 'Total Cost': 13072.56, 'Plan Rows': 500000, 'Plan Width': 17, 'Disabled': False, 'Inner Unique': True, 'Hash Cond': '(a.patient_id = p.patient_id)', 'Plans': [{'Node Type': 'Seq Scan', 'Parent Relationship': 'Outer', 'Parallel Aware': False, 'Async Capable': False, 'Relation Name': 'appointments', 'Alias': 'a', 'Startup Cost': 0.0, 'Total Cost': 8677.0, 'Plan Rows': 500000, 'Plan Width': 8, 'Disabled': False}, {'Node Type': 'Hash', 'Parent Relationship': 'Inner', 'Parallel Aware': False, 'Async Capable': False, 'Startup Cost': 1833.0, 'Total Cost': 1833.0, 'Plan Rows': 100000, 'Plan Width': 17, 'Disabled': False, 'Plans': [{'Node Type': 'Seq Scan', 'Parent Relationship': 'Outer', 'Parallel Aware': False, 'Async Capable': False, 'Relation Name': 'patients', 'Alias': 'p', 'Startup Cost': 0.0, 'Total Cost': 1833.0, 'Plan Rows': 100000, 'Plan Width': 17, 'Disabled': False}]}]}}",633.4001999348402
Q347,5,"SELECT p.city, COUNT(a.appointment_id)
            FROM patients p
            JOIN appointments a
            ON p.patient_id = a.patient_id
            WHERE p.city = 'Lucknow'
            GROUP BY p.city;","{'Plan': {'Node Type': 'Aggregate', 'Strategy': 'Sorted', 'Partial Mode': 'Finalize', 'Parallel Aware': False, 'Async Capable': False, 'Startup Cost': 3393.62, 'Total Cost': 9830.51, 'Plan Rows': 1, 'Plan Width': 14, 'Disabled': False, 'Plans': [{'Node Type': 'Gather', 'Parent Relationship': 'Outer', 'Parallel Aware': False, 'Async Capable': False, 'Startup Cost': 3393.62, 'Total Cost': 9830.49, 'Plan Rows': 2, 'Plan Width': 14, 'Disabled': False, 'Workers Planned': 2, 'Single Copy': False, 'Plans': [{'Node Type': 'Aggregate', 'Strategy': 'Sorted', 'Partial Mode': 'Partial', 'Parent Relationship': 'Outer', 'Parallel Aware': False, 'Async Capable': False, 'Startup Cost': 2393.62, 'Total Cost': 8830.29, 'Plan Rows': 1, 'Plan Width': 14, 'Disabled': False, 'Plans': [{'Node Type': 'Hash Join', 'Parent Relationship': 'Outer', 'Parallel Aware': False, 'Async Capable': False, 'Join Type': 'Inner', 'Startup Cost': 2393.62, 'Total Cost': 8700.85, 'Plan Rows': 51771, 'Plan Width': 10, 'Disabled': False, 'Inner Unique': True, 'Hash Cond': '(a.patient_id = p.patient_id)', 'Plans': [{'Node Type': 'Seq Scan', 'Parent Relationship': 'Outer', 'Parallel Aware': True, 'Async Capable': False, 'Relation Name': 'appointments', 'Alias': 'a', 'Startup Cost': 0.0, 'Total Cost': 5760.33, 'Plan Rows': 208333, 'Plan Width': 8, 'Disabled': False}, {'Node Type': 'Hash', 'Parent Relationship': 'Inner', 'Parallel Aware': False, 'Async Capable': False, 'Startup Cost': 2083.0, 'Total Cost': 2083.0, 'Plan Rows': 24850, 'Plan Width': 10, 'Disabled': False, 'Plans': [{'Node Type': 'Seq Scan', 'Parent Relationship': 'Outer', 'Parallel Aware': False, 'Async Capable': False, 'Relation Name': 'patients', 'Alias': 'p', 'Startup Cost': 0.0, 'Total Cost': 2083.0, 'Plan Rows': 24850, 'Plan Width': 10, 'Disabled': False, 'Filter': ""((city)::text = 'Lucknow'::text)""}]}]}]}]}]}}",171.53330007568002
Q348,2,"SELECT *
            FROM patients
            WHERE city = 'Kanpur';","{'Plan': {'Node Type': 'Seq Scan', 'Parallel Aware': False, 'Async Capable': False, 'Relation Name': 'patients', 'Alias': 'patients', 'Startup Cost': 0.0, 'Total Cost': 2083.0, 'Plan Rows': 25197, 'Plan Width': 32, 'Disabled': False, 'Filter': ""((city)::text = 'Kanpur'::text)""}}",47.352700028568506
Q349,2,"SELECT *
            FROM patients
            WHERE city = 'Kanpur';","{'Plan': {'Node Type': 'Seq Scan', 'Parallel Aware': False, 'Async Capable': False, 'Relation Name': 'patients', 'Alias': 'patients', 'Startup Cost': 0.0, 'Total Cost': 2083.0, 'Plan Rows': 25197, 'Plan Width': 32, 'Disabled': False, 'Filter': ""((city)::text = 'Kanpur'::text)""}}",20.86939988657832
Q350,1,"SELECT *
            FROM patients
            WHERE age > 19;","{'Plan': {'Node Type': 'Seq Scan', 'Parallel Aware': False, 'Async Capable': False, 'Relation Name': 'patients', 'Alias': 'patients', 'Startup Cost': 0.0, 'Total Cost': 2083.0, 'Plan Rows': 96910, 'Plan Width': 32, 'Disabled': False, 'Filter': '(age > 19)'}}",92.21719997003675
Q351,4,"SELECT p.name, a.appointment_date
            FROM patients p
            JOIN appointments a
            ON p.patient_id = a.patient_id;","{'Plan': {'Node Type': 'Hash Join', 'Parallel Aware': False, 'Async Capable': False, 'Join Type': 'Inner', 'Startup Cost': 3083.0, 'Total Cost': 13072.56, 'Plan Rows': 500000, 'Plan Width': 17, 'Disabled': False, 'Inner Unique': True, 'Hash Cond': '(a.patient_id = p.patient_id)', 'Plans': [{'Node Type': 'Seq Scan', 'Parent Relationship': 'Outer', 'Parallel Aware': False, 'Async Capable': False, 'Relation Name': 'appointments', 'Alias': 'a', 'Startup Cost': 0.0, 'Total Cost': 8677.0, 'Plan Rows': 500000, 'Plan Width': 8, 'Disabled': False}, {'Node Type': 'Hash', 'Parent Relationship': 'Inner', 'Parallel Aware': False, 'Async Capable': False, 'Startup Cost': 1833.0, 'Total Cost': 1833.0, 'Plan Rows': 100000, 'Plan Width': 17, 'Disabled': False, 'Plans': [{'Node Type': 'Seq Scan', 'Parent Relationship': 'Outer', 'Parallel Aware': False, 'Async Capable': False, 'Relation Name': 'patients', 'Alias': 'p', 'Startup Cost': 0.0, 'Total Cost': 1833.0, 'Plan Rows': 100000, 'Plan Width': 17, 'Disabled': False}]}]}}",648.7388999667019
Q352,3,"SELECT city, COUNT(*)
            FROM patients
            GROUP BY city;","{'Plan': {'Node Type': 'Aggregate', 'Strategy': 'Hashed', 'Partial Mode': 'Simple', 'Parallel Aware': False, 'Async Capable': False, 'Startup Cost': 2333.0, 'Total Cost': 2333.04, 'Plan Rows': 4, 'Plan Width': 14, 'Disabled': False, 'Group Key': ['city'], 'Planned Partitions': 0, 'Plans': [{'Node Type': 'Seq Scan', 'Parent Relationship': 'Outer', 'Parallel Aware': False, 'Async Capable': False, 'Relation Name': 'patients', 'Alias': 'patients', 'Startup Cost': 0.0, 'Total Cost': 1833.0, 'Plan Rows': 100000, 'Plan Width': 6, 'Disabled': False}]}}",13.12519982457161
Q353,2,"SELECT *
            FROM patients
            WHERE city = 'Delhi';","{'Plan': {'Node Type': 'Seq Scan', 'Parallel Aware': False, 'Async Capable': False, 'Relation Name': 'patients', 'Alias': 'patients', 'Startup Cost': 0.0, 'Total Cost': 2083.0, 'Plan Rows': 24947, 'Plan Width': 32, 'Disabled': False, 'Filter': ""((city)::text = 'Delhi'::text)""}}",25.65840003080666
Q354,5,"SELECT p.city, COUNT(a.appointment_id)
            FROM patients p
            JOIN appointments a
            ON p.patient_id = a.patient_id
            WHERE p.city = 'Kanpur'
            GROUP BY p.city;","{'Plan': {'Node Type': 'Aggregate', 'Strategy': 'Sorted', 'Partial Mode': 'Finalize', 'Parallel Aware': False, 'Async Capable': False, 'Startup Cost': 3397.96, 'Total Cost': 9836.65, 'Plan Rows': 1, 'Plan Width': 14, 'Disabled': False, 'Plans': [{'Node Type': 'Gather', 'Parent Relationship': 'Outer', 'Parallel Aware': False, 'Async Capable': False, 'Startup Cost': 3397.96, 'Total Cost': 9836.64, 'Plan Rows': 2, 'Plan Width': 14, 'Disabled': False, 'Workers Planned': 2, 'Single Copy': False, 'Plans': [{'Node Type': 'Aggregate', 'Strategy': 'Sorted', 'Partial Mode': 'Partial', 'Parent Relationship': 'Outer', 'Parallel Aware': False, 'Async Capable': False, 'Startup Cost': 2397.96, 'Total Cost': 8836.44, 'Plan Rows': 1, 'Plan Width': 14, 'Disabled': False, 'Plans': [{'Node Type': 'Hash Join', 'Parent Relationship': 'Outer', 'Parallel Aware': False, 'Async Capable': False, 'Join Type': 'Inner', 'Startup Cost': 2397.96, 'Total Cost': 8705.19, 'Plan Rows': 52494, 'Plan Width': 10, 'Disabled': False, 'Inner Unique': True, 'Hash Cond': '(a.patient_id = p.patient_id)', 'Plans': [{'Node Type': 'Seq Scan', 'Parent Relationship': 'Outer', 'Parallel Aware': True, 'Async Capable': False, 'Relation Name': 'appointments', 'Alias': 'a', 'Startup Cost': 0.0, 'Total Cost': 5760.33, 'Plan Rows': 208333, 'Plan Width': 8, 'Disabled': False}, {'Node Type': 'Hash', 'Parent Relationship': 'Inner', 'Parallel Aware': False, 'Async Capable': False, 'Startup Cost': 2083.0, 'Total Cost': 2083.0, 'Plan Rows': 25197, 'Plan Width': 10, 'Disabled': False, 'Plans': [{'Node Type': 'Seq Scan', 'Parent Relationship': 'Outer', 'Parallel Aware': False, 'Async Capable': False, 'Relation Name': 'patients', 'Alias': 'p', 'Startup Cost': 0.0, 'Total Cost': 2083.0, 'Plan Rows': 25197, 'Plan Width': 10, 'Disabled': False, 'Filter': ""((city)::text = 'Kanpur'::text)""}]}]}]}]}]}}",99.95290008373559
Q355,2,"SELECT *
            FROM patients
            WHERE city = 'Mumbai';","{'Plan': {'Node Type': 'Seq Scan', 'Parallel Aware': False, 'Async Capable': False, 'Relation Name': 'patients', 'Alias': 'patients', 'Startup Cost': 0.0, 'Total Cost': 2083.0, 'Plan Rows': 25007, 'Plan Width': 32, 'Disabled': False, 'Filter': ""((city)::text = 'Mumbai'::text)""}}",43.658999959006906
Q356,5,"SELECT p.city, COUNT(a.appointment_id)
            FROM patients p
            JOIN appointments a
            ON p.patient_id = a.patient_id
            WHERE p.city = 'Kanpur'
            GROUP BY p.city;","{'Plan': {'Node Type': 'Aggregate', 'Strategy': 'Sorted', 'Partial Mode': 'Finalize', 'Parallel Aware': False, 'Async Capable': False, 'Startup Cost': 3397.96, 'Total Cost': 9836.65, 'Plan Rows': 1, 'Plan Width': 14, 'Disabled': False, 'Plans': [{'Node Type': 'Gather', 'Parent Relationship': 'Outer', 'Parallel Aware': False, 'Async Capable': False, 'Startup Cost': 3397.96, 'Total Cost': 9836.64, 'Plan Rows': 2, 'Plan Width': 14, 'Disabled': False, 'Workers Planned': 2, 'Single Copy': False, 'Plans': [{'Node Type': 'Aggregate', 'Strategy': 'Sorted', 'Partial Mode': 'Partial', 'Parent Relationship': 'Outer', 'Parallel Aware': False, 'Async Capable': False, 'Startup Cost': 2397.96, 'Total Cost': 8836.44, 'Plan Rows': 1, 'Plan Width': 14, 'Disabled': False, 'Plans': [{'Node Type': 'Hash Join', 'Parent Relationship': 'Outer', 'Parallel Aware': False, 'Async Capable': False, 'Join Type': 'Inner', 'Startup Cost': 2397.96, 'Total Cost': 8705.19, 'Plan Rows': 52494, 'Plan Width': 10, 'Disabled': False, 'Inner Unique': True, 'Hash Cond': '(a.patient_id = p.patient_id)', 'Plans': [{'Node Type': 'Seq Scan', 'Parent Relationship': 'Outer', 'Parallel Aware': True, 'Async Capable': False, 'Relation Name': 'appointments', 'Alias': 'a', 'Startup Cost': 0.0, 'Total Cost': 5760.33, 'Plan Rows': 208333, 'Plan Width': 8, 'Disabled': False}, {'Node Type': 'Hash', 'Parent Relationship': 'Inner', 'Parallel Aware': False, 'Async Capable': False, 'Startup Cost': 2083.0, 'Total Cost': 2083.0, 'Plan Rows': 25197, 'Plan Width': 10, 'Disabled': False, 'Plans': [{'Node Type': 'Seq Scan', 'Parent Relationship': 'Outer', 'Parallel Aware': False, 'Async Capable': False, 'Relation Name': 'patients', 'Alias': 'p', 'Startup Cost': 0.0, 'Total Cost': 2083.0, 'Plan Rows': 25197, 'Plan Width': 10, 'Disabled': False, 'Filter': ""((city)::text = 'Kanpur'::text)""}]}]}]}]}]}}",82.07969996146858
Q357,3,"SELECT city, COUNT(*)
            FROM patients
            GROUP BY city;","{'Plan': {'Node Type': 'Aggregate', 'Strategy': 'Hashed', 'Partial Mode': 'Simple', 'Parallel Aware': False, 'Async Capable': False, 'Startup Cost': 2333.0, 'Total Cost': 2333.04, 'Plan Rows': 4, 'Plan Width': 14, 'Disabled': False, 'Group Key': ['city'], 'Planned Partitions': 0, 'Plans': [{'Node Type': 'Seq Scan', 'Parent Relationship': 'Outer', 'Parallel Aware': False, 'Async Capable': False, 'Relation Name': 'patients', 'Alias': 'patients', 'Startup Cost': 0.0, 'Total Cost': 1833.0, 'Plan Rows': 100000, 'Plan Width': 6, 'Disabled': False}]}}",19.360399805009365
Q358,1,"SELECT *
            FROM patients
            WHERE age > 41;","{'Plan': {'Node Type': 'Seq Scan', 'Parallel Aware': False, 'Async Capable': False, 'Relation Name': 'patients', 'Alias': 'patients', 'Startup Cost': 0.0, 'Total Cost': 2083.0, 'Plan Rows': 61913, 'Plan Width': 32, 'Disabled': False, 'Filter': '(age > 41)'}}",65.7613999210298
Q359,5,"SELECT p.city, COUNT(a.appointment_id)
            FROM patients p
            JOIN appointments a
            ON p.patient_id = a.patient_id
            WHERE p.city = 'Delhi'
            GROUP BY p.city;","{'Plan': {'Node Type': 'Aggregate', 'Strategy': 'Sorted', 'Partial Mode': 'Finalize', 'Parallel Aware': False, 'Async Capable': False, 'Startup Cost': 3394.84, 'Total Cost': 9832.22, 'Plan Rows': 1, 'Plan Width': 14, 'Disabled': False, 'Plans': [{'Node Type': 'Gather', 'Parent Relationship': 'Outer', 'Parallel Aware': False, 'Async Capable': False, 'Startup Cost': 3394.84, 'Total Cost': 9832.21, 'Plan Rows': 2, 'Plan Width': 14, 'Disabled': False, 'Workers Planned': 2, 'Single Copy': False, 'Plans': [{'Node Type': 'Aggregate', 'Strategy': 'Sorted', 'Partial Mode': 'Partial', 'Parent Relationship': 'Outer', 'Parallel Aware': False, 'Async Capable': False, 'Startup Cost': 2394.84, 'Total Cost': 8832.01, 'Plan Rows': 1, 'Plan Width': 14, 'Disabled': False, 'Plans': [{'Node Type': 'Hash Join', 'Parent Relationship': 'Outer', 'Parallel Aware': False, 'Async Capable': False, 'Join Type': 'Inner', 'Startup Cost': 2394.84, 'Total Cost': 8702.07, 'Plan Rows': 51973, 'Plan Width': 10, 'Disabled': False, 'Inner Unique': True, 'Hash Cond': '(a.patient_id = p.patient_id)', 'Plans': [{'Node Type': 'Seq Scan', 'Parent Relationship': 'Outer', 'Parallel Aware': True, 'Async Capable': False, 'Relation Name': 'appointments', 'Alias': 'a', 'Startup Cost': 0.0, 'Total Cost': 5760.33, 'Plan Rows': 208333, 'Plan Width': 8, 'Disabled': False}, {'Node Type': 'Hash', 'Parent Relationship': 'Inner', 'Parallel Aware': False, 'Async Capable': False, 'Startup Cost': 2083.0, 'Total Cost': 2083.0, 'Plan Rows': 24947, 'Plan Width': 10, 'Disabled': False, 'Plans': [{'Node Type': 'Seq Scan', 'Parent Relationship': 'Outer', 'Parallel Aware': False, 'Async Capable': False, 'Relation Name': 'patients', 'Alias': 'p', 'Startup Cost': 0.0, 'Total Cost': 2083.0, 'Plan Rows': 24947, 'Plan Width': 10, 'Disabled': False, 'Filter': ""((city)::text = 'Delhi'::text)""}]}]}]}]}]}}",165.97310011275113
Q360,2,"SELECT *
            FROM patients
            WHERE city = 'Delhi';","{'Plan': {'Node Type': 'Seq Scan', 'Parallel Aware': False, 'Async Capable': False, 'Relation Name': 'patients', 'Alias': 'patients', 'Startup Cost': 0.0, 'Total Cost': 2083.0, 'Plan Rows': 24947, 'Plan Width': 32, 'Disabled': False, 'Filter': ""((city)::text = 'Delhi'::text)""}}",30.892900191247463
Q361,4,"SELECT p.name, a.appointment_date
            FROM patients p
            JOIN appointments a
            ON p.patient_id = a.patient_id;","{'Plan': {'Node Type': 'Hash Join', 'Parallel Aware': False, 'Async Capable': False, 'Join Type': 'Inner', 'Startup Cost': 3083.0, 'Total Cost': 13072.56, 'Plan Rows': 500000, 'Plan Width': 17, 'Disabled': False, 'Inner Unique': True, 'Hash Cond': '(a.patient_id = p.patient_id)', 'Plans': [{'Node Type': 'Seq Scan', 'Parent Relationship': 'Outer', 'Parallel Aware': False, 'Async Capable': False, 'Relation Name': 'appointments', 'Alias': 'a', 'Startup Cost': 0.0, 'Total Cost': 8677.0, 'Plan Rows': 500000, 'Plan Width': 8, 'Disabled': False}, {'Node Type': 'Hash', 'Parent Relationship': 'Inner', 'Parallel Aware': False, 'Async Capable': False, 'Startup Cost': 1833.0, 'Total Cost': 1833.0, 'Plan Rows': 100000, 'Plan Width': 17, 'Disabled': False, 'Plans': [{'Node Type': 'Seq Scan', 'Parent Relationship': 'Outer', 'Parallel Aware': False, 'Async Capable': False, 'Relation Name': 'patients', 'Alias': 'p', 'Startup Cost': 0.0, 'Total Cost': 1833.0, 'Plan Rows': 100000, 'Plan Width': 17, 'Disabled': False}]}]}}",667.3183999955654
Q362,2,"SELECT *
            FROM patients
            WHERE city = 'Lucknow';","{'Plan': {'Node Type': 'Seq Scan', 'Parallel Aware': False, 'Async Capable': False, 'Relation Name': 'patients', 'Alias': 'patients', 'Startup Cost': 0.0, 'Total Cost': 2083.0, 'Plan Rows': 24850, 'Plan Width': 32, 'Disabled': False, 'Filter': ""((city)::text = 'Lucknow'::text)""}}",36.021400010213256
Q363,2,"SELECT *
            FROM patients
            WHERE city = 'Delhi';","{'Plan': {'Node Type': 'Seq Scan', 'Parallel Aware': False, 'Async Capable': False, 'Relation Name': 'patients', 'Alias': 'patients', 'Startup Cost': 0.0, 'Total Cost': 2083.0, 'Plan Rows': 24947, 'Plan Width': 32, 'Disabled': False, 'Filter': ""((city)::text = 'Delhi'::text)""}}",21.09980001114309
Q364,4,"SELECT p.name, a.appointment_date
            FROM patients p
            JOIN appointments a
            ON p.patient_id = a.patient_id;","{'Plan': {'Node Type': 'Hash Join', 'Parallel Aware': False, 'Async Capable': False, 'Join Type': 'Inner', 'Startup Cost': 3083.0, 'Total Cost': 13072.56, 'Plan Rows': 500000, 'Plan Width': 17, 'Disabled': False, 'Inner Unique': True, 'Hash Cond': '(a.patient_id = p.patient_id)', 'Plans': [{'Node Type': 'Seq Scan', 'Parent Relationship': 'Outer', 'Parallel Aware': False, 'Async Capable': False, 'Relation Name': 'appointments', 'Alias': 'a', 'Startup Cost': 0.0, 'Total Cost': 8677.0, 'Plan Rows': 500000, 'Plan Width': 8, 'Disabled': False}, {'Node Type': 'Hash', 'Parent Relationship': 'Inner', 'Parallel Aware': False, 'Async Capable': False, 'Startup Cost': 1833.0, 'Total Cost': 1833.0, 'Plan Rows': 100000, 'Plan Width': 17, 'Disabled': False, 'Plans': [{'Node Type': 'Seq Scan', 'Parent Relationship': 'Outer', 'Parallel Aware': False, 'Async Capable': False, 'Relation Name': 'patients', 'Alias': 'p', 'Startup Cost': 0.0, 'Total Cost': 1833.0, 'Plan Rows': 100000, 'Plan Width': 17, 'Disabled': False}]}]}}",659.0304998680949
Q365,5,"SELECT p.city, COUNT(a.appointment_id)
            FROM patients p
            JOIN appointments a
            ON p.patient_id = a.patient_id
            WHERE p.city = 'Delhi'
            GROUP BY p.city;","{'Plan': {'Node Type': 'Aggregate', 'Strategy': 'Sorted', 'Partial Mode': 'Finalize', 'Parallel Aware': False, 'Async Capable': False, 'Startup Cost': 3394.84, 'Total Cost': 9832.22, 'Plan Rows': 1, 'Plan Width': 14, 'Disabled': False, 'Plans': [{'Node Type': 'Gather', 'Parent Relationship': 'Outer', 'Parallel Aware': False, 'Async Capable': False, 'Startup Cost': 3394.84, 'Total Cost': 9832.21, 'Plan Rows': 2, 'Plan Width': 14, 'Disabled': False, 'Workers Planned': 2, 'Single Copy': False, 'Plans': [{'Node Type': 'Aggregate', 'Strategy': 'Sorted', 'Partial Mode': 'Partial', 'Parent Relationship': 'Outer', 'Parallel Aware': False, 'Async Capable': False, 'Startup Cost': 2394.84, 'Total Cost': 8832.01, 'Plan Rows': 1, 'Plan Width': 14, 'Disabled': False, 'Plans': [{'Node Type': 'Hash Join', 'Parent Relationship': 'Outer', 'Parallel Aware': False, 'Async Capable': False, 'Join Type': 'Inner', 'Startup Cost': 2394.84, 'Total Cost': 8702.07, 'Plan Rows': 51973, 'Plan Width': 10, 'Disabled': False, 'Inner Unique': True, 'Hash Cond': '(a.patient_id = p.patient_id)', 'Plans': [{'Node Type': 'Seq Scan', 'Parent Relationship': 'Outer', 'Parallel Aware': True, 'Async Capable': False, 'Relation Name': 'appointments', 'Alias': 'a', 'Startup Cost': 0.0, 'Total Cost': 5760.33, 'Plan Rows': 208333, 'Plan Width': 8, 'Disabled': False}, {'Node Type': 'Hash', 'Parent Relationship': 'Inner', 'Parallel Aware': False, 'Async Capable': False, 'Startup Cost': 2083.0, 'Total Cost': 2083.0, 'Plan Rows': 24947, 'Plan Width': 10, 'Disabled': False, 'Plans': [{'Node Type': 'Seq Scan', 'Parent Relationship': 'Outer', 'Parallel Aware': False, 'Async Capable': False, 'Relation Name': 'patients', 'Alias': 'p', 'Startup Cost': 0.0, 'Total Cost': 2083.0, 'Plan Rows': 24947, 'Plan Width': 10, 'Disabled': False, 'Filter': ""((city)::text = 'Delhi'::text)""}]}]}]}]}]}}",90.39629995822906
Q366,5,"SELECT p.city, COUNT(a.appointment_id)
            FROM patients p
            JOIN appointments a
            ON p.patient_id = a.patient_id
            WHERE p.city = 'Mumbai'
            GROUP BY p.city;","{'Plan': {'Node Type': 'Aggregate', 'Strategy': 'Sorted', 'Partial Mode': 'Finalize', 'Parallel Aware': False, 'Async Capable': False, 'Startup Cost': 3395.59, 'Total Cost': 9833.29, 'Plan Rows': 1, 'Plan Width': 14, 'Disabled': False, 'Plans': [{'Node Type': 'Gather', 'Parent Relationship': 'Outer', 'Parallel Aware': False, 'Async Capable': False, 'Startup Cost': 3395.59, 'Total Cost': 9833.27, 'Plan Rows': 2, 'Plan Width': 14, 'Disabled': False, 'Workers Planned': 2, 'Single Copy': False, 'Plans': [{'Node Type': 'Aggregate', 'Strategy': 'Sorted', 'Partial Mode': 'Partial', 'Parent Relationship': 'Outer', 'Parallel Aware': False, 'Async Capable': False, 'Startup Cost': 2395.59, 'Total Cost': 8833.07, 'Plan Rows': 1, 'Plan Width': 14, 'Disabled': False, 'Plans': [{'Node Type': 'Hash Join', 'Parent Relationship': 'Outer', 'Parallel Aware': False, 'Async Capable': False, 'Join Type': 'Inner', 'Startup Cost': 2395.59, 'Total Cost': 8702.82, 'Plan Rows': 52098, 'Plan Width': 10, 'Disabled': False, 'Inner Unique': True, 'Hash Cond': '(a.patient_id = p.patient_id)', 'Plans': [{'Node Type': 'Seq Scan', 'Parent Relationship': 'Outer', 'Parallel Aware': True, 'Async Capable': False, 'Relation Name': 'appointments', 'Alias': 'a', 'Startup Cost': 0.0, 'Total Cost': 5760.33, 'Plan Rows': 208333, 'Plan Width': 8, 'Disabled': False}, {'Node Type': 'Hash', 'Parent Relationship': 'Inner', 'Parallel Aware': False, 'Async Capable': False, 'Startup Cost': 2083.0, 'Total Cost': 2083.0, 'Plan Rows': 25007, 'Plan Width': 10, 'Disabled': False, 'Plans': [{'Node Type': 'Seq Scan', 'Parent Relationship': 'Outer', 'Parallel Aware': False, 'Async Capable': False, 'Relation Name': 'patients', 'Alias': 'p', 'Startup Cost': 0.0, 'Total Cost': 2083.0, 'Plan Rows': 25007, 'Plan Width': 10, 'Disabled': False, 'Filter': ""((city)::text = 'Mumbai'::text)""}]}]}]}]}]}}",109.97639992274344
Q367,4,"SELECT p.name, a.appointment_date
            FROM patients p
            JOIN appointments a
            ON p.patient_id = a.patient_id;","{'Plan': {'Node Type': 'Hash Join', 'Parallel Aware': False, 'Async Capable': False, 'Join Type': 'Inner', 'Startup Cost': 3083.0, 'Total Cost': 13072.56, 'Plan Rows': 500000, 'Plan Width': 17, 'Disabled': False, 'Inner Unique': True, 'Hash Cond': '(a.patient_id = p.patient_id)', 'Plans': [{'Node Type': 'Seq Scan', 'Parent Relationship': 'Outer', 'Parallel Aware': False, 'Async Capable': False, 'Relation Name': 'appointments', 'Alias': 'a', 'Startup Cost': 0.0, 'Total Cost': 8677.0, 'Plan Rows': 500000, 'Plan Width': 8, 'Disabled': False}, {'Node Type': 'Hash', 'Parent Relationship': 'Inner', 'Parallel Aware': False, 'Async Capable': False, 'Startup Cost': 1833.0, 'Total Cost': 1833.0, 'Plan Rows': 100000, 'Plan Width': 17, 'Disabled': False, 'Plans': [{'Node Type': 'Seq Scan', 'Parent Relationship': 'Outer', 'Parallel Aware': False, 'Async Capable': False, 'Relation Name': 'patients', 'Alias': 'p', 'Startup Cost': 0.0, 'Total Cost': 1833.0, 'Plan Rows': 100000, 'Plan Width': 17, 'Disabled': False}]}]}}",665.6633000820875
Q368,3,"SELECT city, COUNT(*)
            FROM patients
            GROUP BY city;","{'Plan': {'Node Type': 'Aggregate', 'Strategy': 'Hashed', 'Partial Mode': 'Simple', 'Parallel Aware': False, 'Async Capable': False, 'Startup Cost': 2333.0, 'Total Cost': 2333.04, 'Plan Rows': 4, 'Plan Width': 14, 'Disabled': False, 'Group Key': ['city'], 'Planned Partitions': 0, 'Plans': [{'Node Type': 'Seq Scan', 'Parent Relationship': 'Outer', 'Parallel Aware': False, 'Async Capable': False, 'Relation Name': 'patients', 'Alias': 'patients', 'Startup Cost': 0.0, 'Total Cost': 1833.0, 'Plan Rows': 100000, 'Plan Width': 6, 'Disabled': False}]}}",13.611899921670556
Q369,3,"SELECT city, COUNT(*)
            FROM patients
            GROUP BY city;","{'Plan': {'Node Type': 'Aggregate', 'Strategy': 'Hashed', 'Partial Mode': 'Simple', 'Parallel Aware': False, 'Async Capable': False, 'Startup Cost': 2333.0, 'Total Cost': 2333.04, 'Plan Rows': 4, 'Plan Width': 14, 'Disabled': False, 'Group Key': ['city'], 'Planned Partitions': 0, 'Plans': [{'Node Type': 'Seq Scan', 'Parent Relationship': 'Outer', 'Parallel Aware': False, 'Async Capable': False, 'Relation Name': 'patients', 'Alias': 'patients', 'Startup Cost': 0.0, 'Total Cost': 1833.0, 'Plan Rows': 100000, 'Plan Width': 6, 'Disabled': False}]}}",13.45869991928339
Q370,3,"SELECT city, COUNT(*)
            FROM patients
            GROUP BY city;","{'Plan': {'Node Type': 'Aggregate', 'Strategy': 'Hashed', 'Partial Mode': 'Simple', 'Parallel Aware': False, 'Async Capable': False, 'Startup Cost': 2333.0, 'Total Cost': 2333.04, 'Plan Rows': 4, 'Plan Width': 14, 'Disabled': False, 'Group Key': ['city'], 'Planned Partitions': 0, 'Plans': [{'Node Type': 'Seq Scan', 'Parent Relationship': 'Outer', 'Parallel Aware': False, 'Async Capable': False, 'Relation Name': 'patients', 'Alias': 'patients', 'Startup Cost': 0.0, 'Total Cost': 1833.0, 'Plan Rows': 100000, 'Plan Width': 6, 'Disabled': False}]}}",17.32770004309714
Q371,5,"SELECT p.city, COUNT(a.appointment_id)
            FROM patients p
            JOIN appointments a
            ON p.patient_id = a.patient_id
            WHERE p.city = 'Mumbai'
            GROUP BY p.city;","{'Plan': {'Node Type': 'Aggregate', 'Strategy': 'Sorted', 'Partial Mode': 'Finalize', 'Parallel Aware': False, 'Async Capable': False, 'Startup Cost': 3395.59, 'Total Cost': 9833.29, 'Plan Rows': 1, 'Plan Width': 14, 'Disabled': False, 'Plans': [{'Node Type': 'Gather', 'Parent Relationship': 'Outer', 'Parallel Aware': False, 'Async Capable': False, 'Startup Cost': 3395.59, 'Total Cost': 9833.27, 'Plan Rows': 2, 'Plan Width': 14, 'Disabled': False, 'Workers Planned': 2, 'Single Copy': False, 'Plans': [{'Node Type': 'Aggregate', 'Strategy': 'Sorted', 'Partial Mode': 'Partial', 'Parent Relationship': 'Outer', 'Parallel Aware': False, 'Async Capable': False, 'Startup Cost': 2395.59, 'Total Cost': 8833.07, 'Plan Rows': 1, 'Plan Width': 14, 'Disabled': False, 'Plans': [{'Node Type': 'Hash Join', 'Parent Relationship': 'Outer', 'Parallel Aware': False, 'Async Capable': False, 'Join Type': 'Inner', 'Startup Cost': 2395.59, 'Total Cost': 8702.82, 'Plan Rows': 52098, 'Plan Width': 10, 'Disabled': False, 'Inner Unique': True, 'Hash Cond': '(a.patient_id = p.patient_id)', 'Plans': [{'Node Type': 'Seq Scan', 'Parent Relationship': 'Outer', 'Parallel Aware': True, 'Async Capable': False, 'Relation Name': 'appointments', 'Alias': 'a', 'Startup Cost': 0.0, 'Total Cost': 5760.33, 'Plan Rows': 208333, 'Plan Width': 8, 'Disabled': False}, {'Node Type': 'Hash', 'Parent Relationship': 'Inner', 'Parallel Aware': False, 'Async Capable': False, 'Startup Cost': 2083.0, 'Total Cost': 2083.0, 'Plan Rows': 25007, 'Plan Width': 10, 'Disabled': False, 'Plans': [{'Node Type': 'Seq Scan', 'Parent Relationship': 'Outer', 'Parallel Aware': False, 'Async Capable': False, 'Relation Name': 'patients', 'Alias': 'p', 'Startup Cost': 0.0, 'Total Cost': 2083.0, 'Plan Rows': 25007, 'Plan Width': 10, 'Disabled': False, 'Filter': ""((city)::text = 'Mumbai'::text)""}]}]}]}]}]}}",89.75449996069074
Q372,5,"SELECT p.city, COUNT(a.appointment_id)
            FROM patients p
            JOIN appointments a
            ON p.patient_id = a.patient_id
            WHERE p.city = 'Delhi'
            GROUP BY p.city;","{'Plan': {'Node Type': 'Aggregate', 'Strategy': 'Sorted', 'Partial Mode': 'Finalize', 'Parallel Aware': False, 'Async Capable': False, 'Startup Cost': 3394.84, 'Total Cost': 9832.22, 'Plan Rows': 1, 'Plan Width': 14, 'Disabled': False, 'Plans': [{'Node Type': 'Gather', 'Parent Relationship': 'Outer', 'Parallel Aware': False, 'Async Capable': False, 'Startup Cost': 3394.84, 'Total Cost': 9832.21, 'Plan Rows': 2, 'Plan Width': 14, 'Disabled': False, 'Workers Planned': 2, 'Single Copy': False, 'Plans': [{'Node Type': 'Aggregate', 'Strategy': 'Sorted', 'Partial Mode': 'Partial', 'Parent Relationship': 'Outer', 'Parallel Aware': False, 'Async Capable': False, 'Startup Cost': 2394.84, 'Total Cost': 8832.01, 'Plan Rows': 1, 'Plan Width': 14, 'Disabled': False, 'Plans': [{'Node Type': 'Hash Join', 'Parent Relationship': 'Outer', 'Parallel Aware': False, 'Async Capable': False, 'Join Type': 'Inner', 'Startup Cost': 2394.84, 'Total Cost': 8702.07, 'Plan Rows': 51973, 'Plan Width': 10, 'Disabled': False, 'Inner Unique': True, 'Hash Cond': '(a.patient_id = p.patient_id)', 'Plans': [{'Node Type': 'Seq Scan', 'Parent Relationship': 'Outer', 'Parallel Aware': True, 'Async Capable': False, 'Relation Name': 'appointments', 'Alias': 'a', 'Startup Cost': 0.0, 'Total Cost': 5760.33, 'Plan Rows': 208333, 'Plan Width': 8, 'Disabled': False}, {'Node Type': 'Hash', 'Parent Relationship': 'Inner', 'Parallel Aware': False, 'Async Capable': False, 'Startup Cost': 2083.0, 'Total Cost': 2083.0, 'Plan Rows': 24947, 'Plan Width': 10, 'Disabled': False, 'Plans': [{'Node Type': 'Seq Scan', 'Parent Relationship': 'Outer', 'Parallel Aware': False, 'Async Capable': False, 'Relation Name': 'patients', 'Alias': 'p', 'Startup Cost': 0.0, 'Total Cost': 2083.0, 'Plan Rows': 24947, 'Plan Width': 10, 'Disabled': False, 'Filter': ""((city)::text = 'Delhi'::text)""}]}]}]}]}]}}",82.52279995940626
Q373,1,"SELECT *
            FROM patients
            WHERE age > 18;","{'Plan': {'Node Type': 'Seq Scan', 'Parallel Aware': False, 'Async Capable': False, 'Relation Name': 'patients', 'Alias': 'patients', 'Startup Cost': 0.0, 'Total Cost': 2083.0, 'Plan Rows': 98410, 'Plan Width': 32, 'Disabled': False, 'Filter': '(age > 18)'}}",105.06039997562766
Q374,1,"SELECT *
            FROM patients
            WHERE age > 42;","{'Plan': {'Node Type': 'Seq Scan', 'Parallel Aware': False, 'Async Capable': False, 'Relation Name': 'patients', 'Alias': 'patients', 'Startup Cost': 0.0, 'Total Cost': 2083.0, 'Plan Rows': 60267, 'Plan Width': 32, 'Disabled': False, 'Filter': '(age > 42)'}}",58.1712001003325
Q375,4,"SELECT p.name, a.appointment_date
            FROM patients p
            JOIN appointments a
            ON p.patient_id = a.patient_id;","{'Plan': {'Node Type': 'Hash Join', 'Parallel Aware': False, 'Async Capable': False, 'Join Type': 'Inner', 'Startup Cost': 3083.0, 'Total Cost': 13072.56, 'Plan Rows': 500000, 'Plan Width': 17, 'Disabled': False, 'Inner Unique': True, 'Hash Cond': '(a.patient_id = p.patient_id)', 'Plans': [{'Node Type': 'Seq Scan', 'Parent Relationship': 'Outer', 'Parallel Aware': False, 'Async Capable': False, 'Relation Name': 'appointments', 'Alias': 'a', 'Startup Cost': 0.0, 'Total Cost': 8677.0, 'Plan Rows': 500000, 'Plan Width': 8, 'Disabled': False}, {'Node Type': 'Hash', 'Parent Relationship': 'Inner', 'Parallel Aware': False, 'Async Capable': False, 'Startup Cost': 1833.0, 'Total Cost': 1833.0, 'Plan Rows': 100000, 'Plan Width': 17, 'Disabled': False, 'Plans': [{'Node Type': 'Seq Scan', 'Parent Relationship': 'Outer', 'Parallel Aware': False, 'Async Capable': False, 'Relation Name': 'patients', 'Alias': 'p', 'Startup Cost': 0.0, 'Total Cost': 1833.0, 'Plan Rows': 100000, 'Plan Width': 17, 'Disabled': False}]}]}}",616.4726000279188
Q376,3,"SELECT city, COUNT(*)
            FROM patients
            GROUP BY city;","{'Plan': {'Node Type': 'Aggregate', 'Strategy': 'Hashed', 'Partial Mode': 'Simple', 'Parallel Aware': False, 'Async Capable': False, 'Startup Cost': 2333.0, 'Total Cost': 2333.04, 'Plan Rows': 4, 'Plan Width': 14, 'Disabled': False, 'Group Key': ['city'], 'Planned Partitions': 0, 'Plans': [{'Node Type': 'Seq Scan', 'Parent Relationship': 'Outer', 'Parallel Aware': False, 'Async Capable': False, 'Relation Name': 'patients', 'Alias': 'patients', 'Startup Cost': 0.0, 'Total Cost': 1833.0, 'Plan Rows': 100000, 'Plan Width': 6, 'Disabled': False}]}}",13.589699985459447
Q377,2,"SELECT *
            FROM patients
            WHERE city = 'Kanpur';","{'Plan': {'Node Type': 'Seq Scan', 'Parallel Aware': False, 'Async Capable': False, 'Relation Name': 'patients', 'Alias': 'patients', 'Startup Cost': 0.0, 'Total Cost': 2083.0, 'Plan Rows': 25197, 'Plan Width': 32, 'Disabled': False, 'Filter': ""((city)::text = 'Kanpur'::text)""}}",36.78850014694035
Q378,2,"SELECT *
            FROM patients
            WHERE city = 'Mumbai';","{'Plan': {'Node Type': 'Seq Scan', 'Parallel Aware': False, 'Async Capable': False, 'Relation Name': 'patients', 'Alias': 'patients', 'Startup Cost': 0.0, 'Total Cost': 2083.0, 'Plan Rows': 25007, 'Plan Width': 32, 'Disabled': False, 'Filter': ""((city)::text = 'Mumbai'::text)""}}",24.277100106701255
Q379,1,"SELECT *
            FROM patients
            WHERE age > 65;","{'Plan': {'Node Type': 'Seq Scan', 'Parallel Aware': False, 'Async Capable': False, 'Relation Name': 'patients', 'Alias': 'patients', 'Startup Cost': 0.0, 'Total Cost': 2083.0, 'Plan Rows': 23723, 'Plan Width': 32, 'Disabled': False, 'Filter': '(age > 65)'}}",23.470000131055713
Q380,5,"SELECT p.city, COUNT(a.appointment_id)
            FROM patients p
            JOIN appointments a
            ON p.patient_id = a.patient_id
            WHERE p.city = 'Lucknow'
            GROUP BY p.city;","{'Plan': {'Node Type': 'Aggregate', 'Strategy': 'Sorted', 'Partial Mode': 'Finalize', 'Parallel Aware': False, 'Async Capable': False, 'Startup Cost': 3393.62, 'Total Cost': 9830.51, 'Plan Rows': 1, 'Plan Width': 14, 'Disabled': False, 'Plans': [{'Node Type': 'Gather', 'Parent Relationship': 'Outer', 'Parallel Aware': False, 'Async Capable': False, 'Startup Cost': 3393.62, 'Total Cost': 9830.49, 'Plan Rows': 2, 'Plan Width': 14, 'Disabled': False, 'Workers Planned': 2, 'Single Copy': False, 'Plans': [{'Node Type': 'Aggregate', 'Strategy': 'Sorted', 'Partial Mode': 'Partial', 'Parent Relationship': 'Outer', 'Parallel Aware': False, 'Async Capable': False, 'Startup Cost': 2393.62, 'Total Cost': 8830.29, 'Plan Rows': 1, 'Plan Width': 14, 'Disabled': False, 'Plans': [{'Node Type': 'Hash Join', 'Parent Relationship': 'Outer', 'Parallel Aware': False, 'Async Capable': False, 'Join Type': 'Inner', 'Startup Cost': 2393.62, 'Total Cost': 8700.85, 'Plan Rows': 51771, 'Plan Width': 10, 'Disabled': False, 'Inner Unique': True, 'Hash Cond': '(a.patient_id = p.patient_id)', 'Plans': [{'Node Type': 'Seq Scan', 'Parent Relationship': 'Outer', 'Parallel Aware': True, 'Async Capable': False, 'Relation Name': 'appointments', 'Alias': 'a', 'Startup Cost': 0.0, 'Total Cost': 5760.33, 'Plan Rows': 208333, 'Plan Width': 8, 'Disabled': False}, {'Node Type': 'Hash', 'Parent Relationship': 'Inner', 'Parallel Aware': False, 'Async Capable': False, 'Startup Cost': 2083.0, 'Total Cost': 2083.0, 'Plan Rows': 24850, 'Plan Width': 10, 'Disabled': False, 'Plans': [{'Node Type': 'Seq Scan', 'Parent Relationship': 'Outer', 'Parallel Aware': False, 'Async Capable': False, 'Relation Name': 'patients', 'Alias': 'p', 'Startup Cost': 0.0, 'Total Cost': 2083.0, 'Plan Rows': 24850, 'Plan Width': 10, 'Disabled': False, 'Filter': ""((city)::text = 'Lucknow'::text)""}]}]}]}]}]}}",106.90560005605221
Q381,1,"SELECT *
            FROM patients
            WHERE age > 43;","{'Plan': {'Node Type': 'Seq Scan', 'Parallel Aware': False, 'Async Capable': False, 'Relation Name': 'patients', 'Alias': 'patients', 'Startup Cost': 0.0, 'Total Cost': 2083.0, 'Plan Rows': 58600, 'Plan Width': 32, 'Disabled': False, 'Filter': '(age > 43)'}}",71.80160004645586
Q382,2,"SELECT *
            FROM patients
            WHERE city = 'Lucknow';","{'Plan': {'Node Type': 'Seq Scan', 'Parallel Aware': False, 'Async Capable': False, 'Relation Name': 'patients', 'Alias': 'patients', 'Startup Cost': 0.0, 'Total Cost': 2083.0, 'Plan Rows': 24850, 'Plan Width': 32, 'Disabled': False, 'Filter': ""((city)::text = 'Lucknow'::text)""}}",36.03550000116229
Q383,4,"SELECT p.name, a.appointment_date
            FROM patients p
            JOIN appointments a
            ON p.patient_id = a.patient_id;","{'Plan': {'Node Type': 'Hash Join', 'Parallel Aware': False, 'Async Capable': False, 'Join Type': 'Inner', 'Startup Cost': 3083.0, 'Total Cost': 13072.56, 'Plan Rows': 500000, 'Plan Width': 17, 'Disabled': False, 'Inner Unique': True, 'Hash Cond': '(a.patient_id = p.patient_id)', 'Plans': [{'Node Type': 'Seq Scan', 'Parent Relationship': 'Outer', 'Parallel Aware': False, 'Async Capable': False, 'Relation Name': 'appointments', 'Alias': 'a', 'Startup Cost': 0.0, 'Total Cost': 8677.0, 'Plan Rows': 500000, 'Plan Width': 8, 'Disabled': False}, {'Node Type': 'Hash', 'Parent Relationship': 'Inner', 'Parallel Aware': False, 'Async Capable': False, 'Startup Cost': 1833.0, 'Total Cost': 1833.0, 'Plan Rows': 100000, 'Plan Width': 17, 'Disabled': False, 'Plans': [{'Node Type': 'Seq Scan', 'Parent Relationship': 'Outer', 'Parallel Aware': False, 'Async Capable': False, 'Relation Name': 'patients', 'Alias': 'p', 'Startup Cost': 0.0, 'Total Cost': 1833.0, 'Plan Rows': 100000, 'Plan Width': 17, 'Disabled': False}]}]}}",660.5782001279294
Q384,3,"SELECT city, COUNT(*)
            FROM patients
            GROUP BY city;","{'Plan': {'Node Type': 'Aggregate', 'Strategy': 'Hashed', 'Partial Mode': 'Simple', 'Parallel Aware': False, 'Async Capable': False, 'Startup Cost': 2333.0, 'Total Cost': 2333.04, 'Plan Rows': 4, 'Plan Width': 14, 'Disabled': False, 'Group Key': ['city'], 'Planned Partitions': 0, 'Plans': [{'Node Type': 'Seq Scan', 'Parent Relationship': 'Outer', 'Parallel Aware': False, 'Async Capable': False, 'Relation Name': 'patients', 'Alias': 'patients', 'Startup Cost': 0.0, 'Total Cost': 1833.0, 'Plan Rows': 100000, 'Plan Width': 6, 'Disabled': False}]}}",13.403400080278516
Q385,4,"SELECT p.name, a.appointment_date
            FROM patients p
            JOIN appointments a
            ON p.patient_id = a.patient_id;","{'Plan': {'Node Type': 'Hash Join', 'Parallel Aware': False, 'Async Capable': False, 'Join Type': 'Inner', 'Startup Cost': 3083.0, 'Total Cost': 13072.56, 'Plan Rows': 500000, 'Plan Width': 17, 'Disabled': False, 'Inner Unique': True, 'Hash Cond': '(a.patient_id = p.patient_id)', 'Plans': [{'Node Type': 'Seq Scan', 'Parent Relationship': 'Outer', 'Parallel Aware': False, 'Async Capable': False, 'Relation Name': 'appointments', 'Alias': 'a', 'Startup Cost': 0.0, 'Total Cost': 8677.0, 'Plan Rows': 500000, 'Plan Width': 8, 'Disabled': False}, {'Node Type': 'Hash', 'Parent Relationship': 'Inner', 'Parallel Aware': False, 'Async Capable': False, 'Startup Cost': 1833.0, 'Total Cost': 1833.0, 'Plan Rows': 100000, 'Plan Width': 17, 'Disabled': False, 'Plans': [{'Node Type': 'Seq Scan', 'Parent Relationship': 'Outer', 'Parallel Aware': False, 'Async Capable': False, 'Relation Name': 'patients', 'Alias': 'p', 'Startup Cost': 0.0, 'Total Cost': 1833.0, 'Plan Rows': 100000, 'Plan Width': 17, 'Disabled': False}]}]}}",688.8199998065829
Q386,1,"SELECT *
            FROM patients
            WHERE age > 69;","{'Plan': {'Node Type': 'Seq Scan', 'Parallel Aware': False, 'Async Capable': False, 'Relation Name': 'patients', 'Alias': 'patients', 'Startup Cost': 0.0, 'Total Cost': 2083.0, 'Plan Rows': 17320, 'Plan Width': 32, 'Disabled': False, 'Filter': '(age > 69)'}}",30.595700023695827
Q387,4,"SELECT p.name, a.appointment_date
            FROM patients p
            JOIN appointments a
            ON p.patient_id = a.patient_id;","{'Plan': {'Node Type': 'Hash Join', 'Parallel Aware': False, 'Async Capable': False, 'Join Type': 'Inner', 'Startup Cost': 3083.0, 'Total Cost': 13072.56, 'Plan Rows': 500000, 'Plan Width': 17, 'Disabled': False, 'Inner Unique': True, 'Hash Cond': '(a.patient_id = p.patient_id)', 'Plans': [{'Node Type': 'Seq Scan', 'Parent Relationship': 'Outer', 'Parallel Aware': False, 'Async Capable': False, 'Relation Name': 'appointments', 'Alias': 'a', 'Startup Cost': 0.0, 'Total Cost': 8677.0, 'Plan Rows': 500000, 'Plan Width': 8, 'Disabled': False}, {'Node Type': 'Hash', 'Parent Relationship': 'Inner', 'Parallel Aware': False, 'Async Capable': False, 'Startup Cost': 1833.0, 'Total Cost': 1833.0, 'Plan Rows': 100000, 'Plan Width': 17, 'Disabled': False, 'Plans': [{'Node Type': 'Seq Scan', 'Parent Relationship': 'Outer', 'Parallel Aware': False, 'Async Capable': False, 'Relation Name': 'patients', 'Alias': 'p', 'Startup Cost': 0.0, 'Total Cost': 1833.0, 'Plan Rows': 100000, 'Plan Width': 17, 'Disabled': False}]}]}}",568.7933000735939
Q388,4,"SELECT p.name, a.appointment_date
            FROM patients p
            JOIN appointments a
            ON p.patient_id = a.patient_id;","{'Plan': {'Node Type': 'Hash Join', 'Parallel Aware': False, 'Async Capable': False, 'Join Type': 'Inner', 'Startup Cost': 3083.0, 'Total Cost': 13072.56, 'Plan Rows': 500000, 'Plan Width': 17, 'Disabled': False, 'Inner Unique': True, 'Hash Cond': '(a.patient_id = p.patient_id)', 'Plans': [{'Node Type': 'Seq Scan', 'Parent Relationship': 'Outer', 'Parallel Aware': False, 'Async Capable': False, 'Relation Name': 'appointments', 'Alias': 'a', 'Startup Cost': 0.0, 'Total Cost': 8677.0, 'Plan Rows': 500000, 'Plan Width': 8, 'Disabled': False}, {'Node Type': 'Hash', 'Parent Relationship': 'Inner', 'Parallel Aware': False, 'Async Capable': False, 'Startup Cost': 1833.0, 'Total Cost': 1833.0, 'Plan Rows': 100000, 'Plan Width': 17, 'Disabled': False, 'Plans': [{'Node Type': 'Seq Scan', 'Parent Relationship': 'Outer', 'Parallel Aware': False, 'Async Capable': False, 'Relation Name': 'patients', 'Alias': 'p', 'Startup Cost': 0.0, 'Total Cost': 1833.0, 'Plan Rows': 100000, 'Plan Width': 17, 'Disabled': False}]}]}}",594.8981998953968
Q389,1,"SELECT *
            FROM patients
            WHERE age > 50;","{'Plan': {'Node Type': 'Seq Scan', 'Parallel Aware': False, 'Async Capable': False, 'Relation Name': 'patients', 'Alias': 'patients', 'Startup Cost': 0.0, 'Total Cost': 2083.0, 'Plan Rows': 47137, 'Plan Width': 32, 'Disabled': False, 'Filter': '(age > 50)'}}",46.89580015838146
Q390,4,"SELECT p.name, a.appointment_date
            FROM patients p
            JOIN appointments a
            ON p.patient_id = a.patient_id;","{'Plan': {'Node Type': 'Hash Join', 'Parallel Aware': False, 'Async Capable': False, 'Join Type': 'Inner', 'Startup Cost': 3083.0, 'Total Cost': 13072.56, 'Plan Rows': 500000, 'Plan Width': 17, 'Disabled': False, 'Inner Unique': True, 'Hash Cond': '(a.patient_id = p.patient_id)', 'Plans': [{'Node Type': 'Seq Scan', 'Parent Relationship': 'Outer', 'Parallel Aware': False, 'Async Capable': False, 'Relation Name': 'appointments', 'Alias': 'a', 'Startup Cost': 0.0, 'Total Cost': 8677.0, 'Plan Rows': 500000, 'Plan Width': 8, 'Disabled': False}, {'Node Type': 'Hash', 'Parent Relationship': 'Inner', 'Parallel Aware': False, 'Async Capable': False, 'Startup Cost': 1833.0, 'Total Cost': 1833.0, 'Plan Rows': 100000, 'Plan Width': 17, 'Disabled': False, 'Plans': [{'Node Type': 'Seq Scan', 'Parent Relationship': 'Outer', 'Parallel Aware': False, 'Async Capable': False, 'Relation Name': 'patients', 'Alias': 'p', 'Startup Cost': 0.0, 'Total Cost': 1833.0, 'Plan Rows': 100000, 'Plan Width': 17, 'Disabled': False}]}]}}",623.0244999751449
Q391,4,"SELECT p.name, a.appointment_date
            FROM patients p
            JOIN appointments a
            ON p.patient_id = a.patient_id;","{'Plan': {'Node Type': 'Hash Join', 'Parallel Aware': False, 'Async Capable': False, 'Join Type': 'Inner', 'Startup Cost': 3083.0, 'Total Cost': 13072.56, 'Plan Rows': 500000, 'Plan Width': 17, 'Disabled': False, 'Inner Unique': True, 'Hash Cond': '(a.patient_id = p.patient_id)', 'Plans': [{'Node Type': 'Seq Scan', 'Parent Relationship': 'Outer', 'Parallel Aware': False, 'Async Capable': False, 'Relation Name': 'appointments', 'Alias': 'a', 'Startup Cost': 0.0, 'Total Cost': 8677.0, 'Plan Rows': 500000, 'Plan Width': 8, 'Disabled': False}, {'Node Type': 'Hash', 'Parent Relationship': 'Inner', 'Parallel Aware': False, 'Async Capable': False, 'Startup Cost': 1833.0, 'Total Cost': 1833.0, 'Plan Rows': 100000, 'Plan Width': 17, 'Disabled': False, 'Plans': [{'Node Type': 'Seq Scan', 'Parent Relationship': 'Outer', 'Parallel Aware': False, 'Async Capable': False, 'Relation Name': 'patients', 'Alias': 'p', 'Startup Cost': 0.0, 'Total Cost': 1833.0, 'Plan Rows': 100000, 'Plan Width': 17, 'Disabled': False}]}]}}",650.8055001031607
Q392,4,"SELECT p.name, a.appointment_date
            FROM patients p
            JOIN appointments a
            ON p.patient_id = a.patient_id;","{'Plan': {'Node Type': 'Hash Join', 'Parallel Aware': False, 'Async Capable': False, 'Join Type': 'Inner', 'Startup Cost': 3083.0, 'Total Cost': 13072.56, 'Plan Rows': 500000, 'Plan Width': 17, 'Disabled': False, 'Inner Unique': True, 'Hash Cond': '(a.patient_id = p.patient_id)', 'Plans': [{'Node Type': 'Seq Scan', 'Parent Relationship': 'Outer', 'Parallel Aware': False, 'Async Capable': False, 'Relation Name': 'appointments', 'Alias': 'a', 'Startup Cost': 0.0, 'Total Cost': 8677.0, 'Plan Rows': 500000, 'Plan Width': 8, 'Disabled': False}, {'Node Type': 'Hash', 'Parent Relationship': 'Inner', 'Parallel Aware': False, 'Async Capable': False, 'Startup Cost': 1833.0, 'Total Cost': 1833.0, 'Plan Rows': 100000, 'Plan Width': 17, 'Disabled': False, 'Plans': [{'Node Type': 'Seq Scan', 'Parent Relationship': 'Outer', 'Parallel Aware': False, 'Async Capable': False, 'Relation Name': 'patients', 'Alias': 'p', 'Startup Cost': 0.0, 'Total Cost': 1833.0, 'Plan Rows': 100000, 'Plan Width': 17, 'Disabled': False}]}]}}",644.2903000861406
Q393,1,"SELECT *
            FROM patients
            WHERE age > 47;","{'Plan': {'Node Type': 'Seq Scan', 'Parallel Aware': False, 'Async Capable': False, 'Relation Name': 'patients', 'Alias': 'patients', 'Startup Cost': 0.0, 'Total Cost': 2083.0, 'Plan Rows': 51953, 'Plan Width': 32, 'Disabled': False, 'Filter': '(age > 47)'}}",57.28950002230704
Q394,4,"SELECT p.name, a.appointment_date
            FROM patients p
            JOIN appointments a
            ON p.patient_id = a.patient_id;","{'Plan': {'Node Type': 'Hash Join', 'Parallel Aware': False, 'Async Capable': False, 'Join Type': 'Inner', 'Startup Cost': 3083.0, 'Total Cost': 13072.56, 'Plan Rows': 500000, 'Plan Width': 17, 'Disabled': False, 'Inner Unique': True, 'Hash Cond': '(a.patient_id = p.patient_id)', 'Plans': [{'Node Type': 'Seq Scan', 'Parent Relationship': 'Outer', 'Parallel Aware': False, 'Async Capable': False, 'Relation Name': 'appointments', 'Alias': 'a', 'Startup Cost': 0.0, 'Total Cost': 8677.0, 'Plan Rows': 500000, 'Plan Width': 8, 'Disabled': False}, {'Node Type': 'Hash', 'Parent Relationship': 'Inner', 'Parallel Aware': False, 'Async Capable': False, 'Startup Cost': 1833.0, 'Total Cost': 1833.0, 'Plan Rows': 100000, 'Plan Width': 17, 'Disabled': False, 'Plans': [{'Node Type': 'Seq Scan', 'Parent Relationship': 'Outer', 'Parallel Aware': False, 'Async Capable': False, 'Relation Name': 'patients', 'Alias': 'p', 'Startup Cost': 0.0, 'Total Cost': 1833.0, 'Plan Rows': 100000, 'Plan Width': 17, 'Disabled': False}]}]}}",665.2351000811905
Q395,5,"SELECT p.city, COUNT(a.appointment_id)
            FROM patients p
            JOIN appointments a
            ON p.patient_id = a.patient_id
            WHERE p.city = 'Delhi'
            GROUP BY p.city;","{'Plan': {'Node Type': 'Aggregate', 'Strategy': 'Sorted', 'Partial Mode': 'Finalize', 'Parallel Aware': False, 'Async Capable': False, 'Startup Cost': 3394.84, 'Total Cost': 9832.22, 'Plan Rows': 1, 'Plan Width': 14, 'Disabled': False, 'Plans': [{'Node Type': 'Gather', 'Parent Relationship': 'Outer', 'Parallel Aware': False, 'Async Capable': False, 'Startup Cost': 3394.84, 'Total Cost': 9832.21, 'Plan Rows': 2, 'Plan Width': 14, 'Disabled': False, 'Workers Planned': 2, 'Single Copy': False, 'Plans': [{'Node Type': 'Aggregate', 'Strategy': 'Sorted', 'Partial Mode': 'Partial', 'Parent Relationship': 'Outer', 'Parallel Aware': False, 'Async Capable': False, 'Startup Cost': 2394.84, 'Total Cost': 8832.01, 'Plan Rows': 1, 'Plan Width': 14, 'Disabled': False, 'Plans': [{'Node Type': 'Hash Join', 'Parent Relationship': 'Outer', 'Parallel Aware': False, 'Async Capable': False, 'Join Type': 'Inner', 'Startup Cost': 2394.84, 'Total Cost': 8702.07, 'Plan Rows': 51973, 'Plan Width': 10, 'Disabled': False, 'Inner Unique': True, 'Hash Cond': '(a.patient_id = p.patient_id)', 'Plans': [{'Node Type': 'Seq Scan', 'Parent Relationship': 'Outer', 'Parallel Aware': True, 'Async Capable': False, 'Relation Name': 'appointments', 'Alias': 'a', 'Startup Cost': 0.0, 'Total Cost': 5760.33, 'Plan Rows': 208333, 'Plan Width': 8, 'Disabled': False}, {'Node Type': 'Hash', 'Parent Relationship': 'Inner', 'Parallel Aware': False, 'Async Capable': False, 'Startup Cost': 2083.0, 'Total Cost': 2083.0, 'Plan Rows': 24947, 'Plan Width': 10, 'Disabled': False, 'Plans': [{'Node Type': 'Seq Scan', 'Parent Relationship': 'Outer', 'Parallel Aware': False, 'Async Capable': False, 'Relation Name': 'patients', 'Alias': 'p', 'Startup Cost': 0.0, 'Total Cost': 2083.0, 'Plan Rows': 24947, 'Plan Width': 10, 'Disabled': False, 'Filter': ""((city)::text = 'Delhi'::text)""}]}]}]}]}]}}",86.37199993245304
Q396,1,"SELECT *
            FROM patients
            WHERE age > 27;","{'Plan': {'Node Type': 'Seq Scan', 'Parallel Aware': False, 'Async Capable': False, 'Relation Name': 'patients', 'Alias': 'patients', 'Startup Cost': 0.0, 'Total Cost': 2083.0, 'Plan Rows': 84117, 'Plan Width': 32, 'Disabled': False, 'Filter': '(age > 27)'}}",96.61759994924068
Q397,5,"SELECT p.city, COUNT(a.appointment_id)
            FROM patients p
            JOIN appointments a
            ON p.patient_id = a.patient_id
            WHERE p.city = 'Lucknow'
            GROUP BY p.city;","{'Plan': {'Node Type': 'Aggregate', 'Strategy': 'Sorted', 'Partial Mode': 'Finalize', 'Parallel Aware': False, 'Async Capable': False, 'Startup Cost': 3393.62, 'Total Cost': 9830.51, 'Plan Rows': 1, 'Plan Width': 14, 'Disabled': False, 'Plans': [{'Node Type': 'Gather', 'Parent Relationship': 'Outer', 'Parallel Aware': False, 'Async Capable': False, 'Startup Cost': 3393.62, 'Total Cost': 9830.49, 'Plan Rows': 2, 'Plan Width': 14, 'Disabled': False, 'Workers Planned': 2, 'Single Copy': False, 'Plans': [{'Node Type': 'Aggregate', 'Strategy': 'Sorted', 'Partial Mode': 'Partial', 'Parent Relationship': 'Outer', 'Parallel Aware': False, 'Async Capable': False, 'Startup Cost': 2393.62, 'Total Cost': 8830.29, 'Plan Rows': 1, 'Plan Width': 14, 'Disabled': False, 'Plans': [{'Node Type': 'Hash Join', 'Parent Relationship': 'Outer', 'Parallel Aware': False, 'Async Capable': False, 'Join Type': 'Inner', 'Startup Cost': 2393.62, 'Total Cost': 8700.85, 'Plan Rows': 51771, 'Plan Width': 10, 'Disabled': False, 'Inner Unique': True, 'Hash Cond': '(a.patient_id = p.patient_id)', 'Plans': [{'Node Type': 'Seq Scan', 'Parent Relationship': 'Outer', 'Parallel Aware': True, 'Async Capable': False, 'Relation Name': 'appointments', 'Alias': 'a', 'Startup Cost': 0.0, 'Total Cost': 5760.33, 'Plan Rows': 208333, 'Plan Width': 8, 'Disabled': False}, {'Node Type': 'Hash', 'Parent Relationship': 'Inner', 'Parallel Aware': False, 'Async Capable': False, 'Startup Cost': 2083.0, 'Total Cost': 2083.0, 'Plan Rows': 24850, 'Plan Width': 10, 'Disabled': False, 'Plans': [{'Node Type': 'Seq Scan', 'Parent Relationship': 'Outer', 'Parallel Aware': False, 'Async Capable': False, 'Relation Name': 'patients', 'Alias': 'p', 'Startup Cost': 0.0, 'Total Cost': 2083.0, 'Plan Rows': 24850, 'Plan Width': 10, 'Disabled': False, 'Filter': ""((city)::text = 'Lucknow'::text)""}]}]}]}]}]}}",87.61829999275506
Q398,5,"SELECT p.city, COUNT(a.appointment_id)
            FROM patients p
            JOIN appointments a
            ON p.patient_id = a.patient_id
            WHERE p.city = 'Mumbai'
            GROUP BY p.city;","{'Plan': {'Node Type': 'Aggregate', 'Strategy': 'Sorted', 'Partial Mode': 'Finalize', 'Parallel Aware': False, 'Async Capable': False, 'Startup Cost': 3395.59, 'Total Cost': 9833.29, 'Plan Rows': 1, 'Plan Width': 14, 'Disabled': False, 'Plans': [{'Node Type': 'Gather', 'Parent Relationship': 'Outer', 'Parallel Aware': False, 'Async Capable': False, 'Startup Cost': 3395.59, 'Total Cost': 9833.27, 'Plan Rows': 2, 'Plan Width': 14, 'Disabled': False, 'Workers Planned': 2, 'Single Copy': False, 'Plans': [{'Node Type': 'Aggregate', 'Strategy': 'Sorted', 'Partial Mode': 'Partial', 'Parent Relationship': 'Outer', 'Parallel Aware': False, 'Async Capable': False, 'Startup Cost': 2395.59, 'Total Cost': 8833.07, 'Plan Rows': 1, 'Plan Width': 14, 'Disabled': False, 'Plans': [{'Node Type': 'Hash Join', 'Parent Relationship': 'Outer', 'Parallel Aware': False, 'Async Capable': False, 'Join Type': 'Inner', 'Startup Cost': 2395.59, 'Total Cost': 8702.82, 'Plan Rows': 52098, 'Plan Width': 10, 'Disabled': False, 'Inner Unique': True, 'Hash Cond': '(a.patient_id = p.patient_id)', 'Plans': [{'Node Type': 'Seq Scan', 'Parent Relationship': 'Outer', 'Parallel Aware': True, 'Async Capable': False, 'Relation Name': 'appointments', 'Alias': 'a', 'Startup Cost': 0.0, 'Total Cost': 5760.33, 'Plan Rows': 208333, 'Plan Width': 8, 'Disabled': False}, {'Node Type': 'Hash', 'Parent Relationship': 'Inner', 'Parallel Aware': False, 'Async Capable': False, 'Startup Cost': 2083.0, 'Total Cost': 2083.0, 'Plan Rows': 25007, 'Plan Width': 10, 'Disabled': False, 'Plans': [{'Node Type': 'Seq Scan', 'Parent Relationship': 'Outer', 'Parallel Aware': False, 'Async Capable': False, 'Relation Name': 'patients', 'Alias': 'p', 'Startup Cost': 0.0, 'Total Cost': 2083.0, 'Plan Rows': 25007, 'Plan Width': 10, 'Disabled': False, 'Filter': ""((city)::text = 'Mumbai'::text)""}]}]}]}]}]}}",85.48670005984604
Q399,4,"SELECT p.name, a.appointment_date
            FROM patients p
            JOIN appointments a
            ON p.patient_id = a.patient_id;","{'Plan': {'Node Type': 'Hash Join', 'Parallel Aware': False, 'Async Capable': False, 'Join Type': 'Inner', 'Startup Cost': 3083.0, 'Total Cost': 13072.56, 'Plan Rows': 500000, 'Plan Width': 17, 'Disabled': False, 'Inner Unique': True, 'Hash Cond': '(a.patient_id = p.patient_id)', 'Plans': [{'Node Type': 'Seq Scan', 'Parent Relationship': 'Outer', 'Parallel Aware': False, 'Async Capable': False, 'Relation Name': 'appointments', 'Alias': 'a', 'Startup Cost': 0.0, 'Total Cost': 8677.0, 'Plan Rows': 500000, 'Plan Width': 8, 'Disabled': False}, {'Node Type': 'Hash', 'Parent Relationship': 'Inner', 'Parallel Aware': False, 'Async Capable': False, 'Startup Cost': 1833.0, 'Total Cost': 1833.0, 'Plan Rows': 100000, 'Plan Width': 17, 'Disabled': False, 'Plans': [{'Node Type': 'Seq Scan', 'Parent Relationship': 'Outer', 'Parallel Aware': False, 'Async Capable': False, 'Relation Name': 'patients', 'Alias': 'p', 'Startup Cost': 0.0, 'Total Cost': 1833.0, 'Plan Rows': 100000, 'Plan Width': 17, 'Disabled': False}]}]}}",594.539700075984
Q400,1,"SELECT *
            FROM patients
            WHERE age > 66;","{'Plan': {'Node Type': 'Seq Scan', 'Parallel Aware': False, 'Async Capable': False, 'Relation Name': 'patients', 'Alias': 'patients', 'Startup Cost': 0.0, 'Total Cost': 2083.0, 'Plan Rows': 22193, 'Plan Width': 32, 'Disabled': False, 'Filter': '(age > 66)'}}",38.73429982922971
Q401,2,"SELECT *
            FROM patients
            WHERE city = 'Mumbai';","{'Plan': {'Node Type': 'Seq Scan', 'Parallel Aware': False, 'Async Capable': False, 'Relation Name': 'patients', 'Alias': 'patients', 'Startup Cost': 0.0, 'Total Cost': 2083.0, 'Plan Rows': 25007, 'Plan Width': 32, 'Disabled': False, 'Filter': ""((city)::text = 'Mumbai'::text)""}}",23.503100033849478
Q402,1,"SELECT *
            FROM patients
            WHERE age > 64;","{'Plan': {'Node Type': 'Seq Scan', 'Parallel Aware': False, 'Async Capable': False, 'Relation Name': 'patients', 'Alias': 'patients', 'Startup Cost': 0.0, 'Total Cost': 2083.0, 'Plan Rows': 25233, 'Plan Width': 32, 'Disabled': False, 'Filter': '(age > 64)'}}",23.999899858608842
Q403,4,"SELECT p.name, a.appointment_date
            FROM patients p
            JOIN appointments a
            ON p.patient_id = a.patient_id;","{'Plan': {'Node Type': 'Hash Join', 'Parallel Aware': False, 'Async Capable': False, 'Join Type': 'Inner', 'Startup Cost': 3083.0, 'Total Cost': 13072.56, 'Plan Rows': 500000, 'Plan Width': 17, 'Disabled': False, 'Inner Unique': True, 'Hash Cond': '(a.patient_id = p.patient_id)', 'Plans': [{'Node Type': 'Seq Scan', 'Parent Relationship': 'Outer', 'Parallel Aware': False, 'Async Capable': False, 'Relation Name': 'appointments', 'Alias': 'a', 'Startup Cost': 0.0, 'Total Cost': 8677.0, 'Plan Rows': 500000, 'Plan Width': 8, 'Disabled': False}, {'Node Type': 'Hash', 'Parent Relationship': 'Inner', 'Parallel Aware': False, 'Async Capable': False, 'Startup Cost': 1833.0, 'Total Cost': 1833.0, 'Plan Rows': 100000, 'Plan Width': 17, 'Disabled': False, 'Plans': [{'Node Type': 'Seq Scan', 'Parent Relationship': 'Outer', 'Parallel Aware': False, 'Async Capable': False, 'Relation Name': 'patients', 'Alias': 'p', 'Startup Cost': 0.0, 'Total Cost': 1833.0, 'Plan Rows': 100000, 'Plan Width': 17, 'Disabled': False}]}]}}",663.5133000090718
Q404,4,"SELECT p.name, a.appointment_date
            FROM patients p
            JOIN appointments a
            ON p.patient_id = a.patient_id;","{'Plan': {'Node Type': 'Hash Join', 'Parallel Aware': False, 'Async Capable': False, 'Join Type': 'Inner', 'Startup Cost': 3083.0, 'Total Cost': 13072.56, 'Plan Rows': 500000, 'Plan Width': 17, 'Disabled': False, 'Inner Unique': True, 'Hash Cond': '(a.patient_id = p.patient_id)', 'Plans': [{'Node Type': 'Seq Scan', 'Parent Relationship': 'Outer', 'Parallel Aware': False, 'Async Capable': False, 'Relation Name': 'appointments', 'Alias': 'a', 'Startup Cost': 0.0, 'Total Cost': 8677.0, 'Plan Rows': 500000, 'Plan Width': 8, 'Disabled': False}, {'Node Type': 'Hash', 'Parent Relationship': 'Inner', 'Parallel Aware': False, 'Async Capable': False, 'Startup Cost': 1833.0, 'Total Cost': 1833.0, 'Plan Rows': 100000, 'Plan Width': 17, 'Disabled': False, 'Plans': [{'Node Type': 'Seq Scan', 'Parent Relationship': 'Outer', 'Parallel Aware': False, 'Async Capable': False, 'Relation Name': 'patients', 'Alias': 'p', 'Startup Cost': 0.0, 'Total Cost': 1833.0, 'Plan Rows': 100000, 'Plan Width': 17, 'Disabled': False}]}]}}",666.8296998832375
Q405,4,"SELECT p.name, a.appointment_date
            FROM patients p
            JOIN appointments a
            ON p.patient_id = a.patient_id;","{'Plan': {'Node Type': 'Hash Join', 'Parallel Aware': False, 'Async Capable': False, 'Join Type': 'Inner', 'Startup Cost': 3083.0, 'Total Cost': 13072.56, 'Plan Rows': 500000, 'Plan Width': 17, 'Disabled': False, 'Inner Unique': True, 'Hash Cond': '(a.patient_id = p.patient_id)', 'Plans': [{'Node Type': 'Seq Scan', 'Parent Relationship': 'Outer', 'Parallel Aware': False, 'Async Capable': False, 'Relation Name': 'appointments', 'Alias': 'a', 'Startup Cost': 0.0, 'Total Cost': 8677.0, 'Plan Rows': 500000, 'Plan Width': 8, 'Disabled': False}, {'Node Type': 'Hash', 'Parent Relationship': 'Inner', 'Parallel Aware': False, 'Async Capable': False, 'Startup Cost': 1833.0, 'Total Cost': 1833.0, 'Plan Rows': 100000, 'Plan Width': 17, 'Disabled': False, 'Plans': [{'Node Type': 'Seq Scan', 'Parent Relationship': 'Outer', 'Parallel Aware': False, 'Async Capable': False, 'Relation Name': 'patients', 'Alias': 'p', 'Startup Cost': 0.0, 'Total Cost': 1833.0, 'Plan Rows': 100000, 'Plan Width': 17, 'Disabled': False}]}]}}",630.4613000247627
Q406,5,"SELECT p.city, COUNT(a.appointment_id)
            FROM patients p
            JOIN appointments a
            ON p.patient_id = a.patient_id
            WHERE p.city = 'Kanpur'
            GROUP BY p.city;","{'Plan': {'Node Type': 'Aggregate', 'Strategy': 'Sorted', 'Partial Mode': 'Finalize', 'Parallel Aware': False, 'Async Capable': False, 'Startup Cost': 3397.96, 'Total Cost': 9836.65, 'Plan Rows': 1, 'Plan Width': 14, 'Disabled': False, 'Plans': [{'Node Type': 'Gather', 'Parent Relationship': 'Outer', 'Parallel Aware': False, 'Async Capable': False, 'Startup Cost': 3397.96, 'Total Cost': 9836.64, 'Plan Rows': 2, 'Plan Width': 14, 'Disabled': False, 'Workers Planned': 2, 'Single Copy': False, 'Plans': [{'Node Type': 'Aggregate', 'Strategy': 'Sorted', 'Partial Mode': 'Partial', 'Parent Relationship': 'Outer', 'Parallel Aware': False, 'Async Capable': False, 'Startup Cost': 2397.96, 'Total Cost': 8836.44, 'Plan Rows': 1, 'Plan Width': 14, 'Disabled': False, 'Plans': [{'Node Type': 'Hash Join', 'Parent Relationship': 'Outer', 'Parallel Aware': False, 'Async Capable': False, 'Join Type': 'Inner', 'Startup Cost': 2397.96, 'Total Cost': 8705.19, 'Plan Rows': 52494, 'Plan Width': 10, 'Disabled': False, 'Inner Unique': True, 'Hash Cond': '(a.patient_id = p.patient_id)', 'Plans': [{'Node Type': 'Seq Scan', 'Parent Relationship': 'Outer', 'Parallel Aware': True, 'Async Capable': False, 'Relation Name': 'appointments', 'Alias': 'a', 'Startup Cost': 0.0, 'Total Cost': 5760.33, 'Plan Rows': 208333, 'Plan Width': 8, 'Disabled': False}, {'Node Type': 'Hash', 'Parent Relationship': 'Inner', 'Parallel Aware': False, 'Async Capable': False, 'Startup Cost': 2083.0, 'Total Cost': 2083.0, 'Plan Rows': 25197, 'Plan Width': 10, 'Disabled': False, 'Plans': [{'Node Type': 'Seq Scan', 'Parent Relationship': 'Outer', 'Parallel Aware': False, 'Async Capable': False, 'Relation Name': 'patients', 'Alias': 'p', 'Startup Cost': 0.0, 'Total Cost': 2083.0, 'Plan Rows': 25197, 'Plan Width': 10, 'Disabled': False, 'Filter': ""((city)::text = 'Kanpur'::text)""}]}]}]}]}]}}",156.47029993124306
Q407,2,"SELECT *
            FROM patients
            WHERE city = 'Delhi';","{'Plan': {'Node Type': 'Seq Scan', 'Parallel Aware': False, 'Async Capable': False, 'Relation Name': 'patients', 'Alias': 'patients', 'Startup Cost': 0.0, 'Total Cost': 2083.0, 'Plan Rows': 24947, 'Plan Width': 32, 'Disabled': False, 'Filter': ""((city)::text = 'Delhi'::text)""}}",47.34620009548962
Q408,4,"SELECT p.name, a.appointment_date
            FROM patients p
            JOIN appointments a
            ON p.patient_id = a.patient_id;","{'Plan': {'Node Type': 'Hash Join', 'Parallel Aware': False, 'Async Capable': False, 'Join Type': 'Inner', 'Startup Cost': 3083.0, 'Total Cost': 13072.56, 'Plan Rows': 500000, 'Plan Width': 17, 'Disabled': False, 'Inner Unique': True, 'Hash Cond': '(a.patient_id = p.patient_id)', 'Plans': [{'Node Type': 'Seq Scan', 'Parent Relationship': 'Outer', 'Parallel Aware': False, 'Async Capable': False, 'Relation Name': 'appointments', 'Alias': 'a', 'Startup Cost': 0.0, 'Total Cost': 8677.0, 'Plan Rows': 500000, 'Plan Width': 8, 'Disabled': False}, {'Node Type': 'Hash', 'Parent Relationship': 'Inner', 'Parallel Aware': False, 'Async Capable': False, 'Startup Cost': 1833.0, 'Total Cost': 1833.0, 'Plan Rows': 100000, 'Plan Width': 17, 'Disabled': False, 'Plans': [{'Node Type': 'Seq Scan', 'Parent Relationship': 'Outer', 'Parallel Aware': False, 'Async Capable': False, 'Relation Name': 'patients', 'Alias': 'p', 'Startup Cost': 0.0, 'Total Cost': 1833.0, 'Plan Rows': 100000, 'Plan Width': 17, 'Disabled': False}]}]}}",598.1652999762446
Q409,3,"SELECT city, COUNT(*)
            FROM patients
            GROUP BY city;","{'Plan': {'Node Type': 'Aggregate', 'Strategy': 'Hashed', 'Partial Mode': 'Simple', 'Parallel Aware': False, 'Async Capable': False, 'Startup Cost': 2333.0, 'Total Cost': 2333.04, 'Plan Rows': 4, 'Plan Width': 14, 'Disabled': False, 'Group Key': ['city'], 'Planned Partitions': 0, 'Plans': [{'Node Type': 'Seq Scan', 'Parent Relationship': 'Outer', 'Parallel Aware': False, 'Async Capable': False, 'Relation Name': 'patients', 'Alias': 'patients', 'Startup Cost': 0.0, 'Total Cost': 1833.0, 'Plan Rows': 100000, 'Plan Width': 6, 'Disabled': False}]}}",13.371399836614728
Q410,1,"SELECT *
            FROM patients
            WHERE age > 64;","{'Plan': {'Node Type': 'Seq Scan', 'Parallel Aware': False, 'Async Capable': False, 'Relation Name': 'patients', 'Alias': 'patients', 'Startup Cost': 0.0, 'Total Cost': 2083.0, 'Plan Rows': 25233, 'Plan Width': 32, 'Disabled': False, 'Filter': '(age > 64)'}}",35.08729999884963
Q411,3,"SELECT city, COUNT(*)
            FROM patients
            GROUP BY city;","{'Plan': {'Node Type': 'Aggregate', 'Strategy': 'Hashed', 'Partial Mode': 'Simple', 'Parallel Aware': False, 'Async Capable': False, 'Startup Cost': 2333.0, 'Total Cost': 2333.04, 'Plan Rows': 4, 'Plan Width': 14, 'Disabled': False, 'Group Key': ['city'], 'Planned Partitions': 0, 'Plans': [{'Node Type': 'Seq Scan', 'Parent Relationship': 'Outer', 'Parallel Aware': False, 'Async Capable': False, 'Relation Name': 'patients', 'Alias': 'patients', 'Startup Cost': 0.0, 'Total Cost': 1833.0, 'Plan Rows': 100000, 'Plan Width': 6, 'Disabled': False}]}}",17.651299946010113
Q412,1,"SELECT *
            FROM patients
            WHERE age > 34;","{'Plan': {'Node Type': 'Seq Scan', 'Parallel Aware': False, 'Async Capable': False, 'Relation Name': 'patients', 'Alias': 'patients', 'Startup Cost': 0.0, 'Total Cost': 2083.0, 'Plan Rows': 72973, 'Plan Width': 32, 'Disabled': False, 'Filter': '(age > 34)'}}",75.79070003703237
Q413,1,"SELECT *
            FROM patients
            WHERE age > 70;","{'Plan': {'Node Type': 'Seq Scan', 'Parallel Aware': False, 'Async Capable': False, 'Relation Name': 'patients', 'Alias': 'patients', 'Startup Cost': 0.0, 'Total Cost': 2083.0, 'Plan Rows': 15643, 'Plan Width': 32, 'Disabled': False, 'Filter': '(age > 70)'}}",23.303200025111437
Q414,4,"SELECT p.name, a.appointment_date
            FROM patients p
            JOIN appointments a
            ON p.patient_id = a.patient_id;","{'Plan': {'Node Type': 'Hash Join', 'Parallel Aware': False, 'Async Capable': False, 'Join Type': 'Inner', 'Startup Cost': 3083.0, 'Total Cost': 13072.56, 'Plan Rows': 500000, 'Plan Width': 17, 'Disabled': False, 'Inner Unique': True, 'Hash Cond': '(a.patient_id = p.patient_id)', 'Plans': [{'Node Type': 'Seq Scan', 'Parent Relationship': 'Outer', 'Parallel Aware': False, 'Async Capable': False, 'Relation Name': 'appointments', 'Alias': 'a', 'Startup Cost': 0.0, 'Total Cost': 8677.0, 'Plan Rows': 500000, 'Plan Width': 8, 'Disabled': False}, {'Node Type': 'Hash', 'Parent Relationship': 'Inner', 'Parallel Aware': False, 'Async Capable': False, 'Startup Cost': 1833.0, 'Total Cost': 1833.0, 'Plan Rows': 100000, 'Plan Width': 17, 'Disabled': False, 'Plans': [{'Node Type': 'Seq Scan', 'Parent Relationship': 'Outer', 'Parallel Aware': False, 'Async Capable': False, 'Relation Name': 'patients', 'Alias': 'p', 'Startup Cost': 0.0, 'Total Cost': 1833.0, 'Plan Rows': 100000, 'Plan Width': 17, 'Disabled': False}]}]}}",681.8030998110771
Q415,5,"SELECT p.city, COUNT(a.appointment_id)
            FROM patients p
            JOIN appointments a
            ON p.patient_id = a.patient_id
            WHERE p.city = 'Delhi'
            GROUP BY p.city;","{'Plan': {'Node Type': 'Aggregate', 'Strategy': 'Sorted', 'Partial Mode': 'Finalize', 'Parallel Aware': False, 'Async Capable': False, 'Startup Cost': 3394.84, 'Total Cost': 9832.22, 'Plan Rows': 1, 'Plan Width': 14, 'Disabled': False, 'Plans': [{'Node Type': 'Gather', 'Parent Relationship': 'Outer', 'Parallel Aware': False, 'Async Capable': False, 'Startup Cost': 3394.84, 'Total Cost': 9832.21, 'Plan Rows': 2, 'Plan Width': 14, 'Disabled': False, 'Workers Planned': 2, 'Single Copy': False, 'Plans': [{'Node Type': 'Aggregate', 'Strategy': 'Sorted', 'Partial Mode': 'Partial', 'Parent Relationship': 'Outer', 'Parallel Aware': False, 'Async Capable': False, 'Startup Cost': 2394.84, 'Total Cost': 8832.01, 'Plan Rows': 1, 'Plan Width': 14, 'Disabled': False, 'Plans': [{'Node Type': 'Hash Join', 'Parent Relationship': 'Outer', 'Parallel Aware': False, 'Async Capable': False, 'Join Type': 'Inner', 'Startup Cost': 2394.84, 'Total Cost': 8702.07, 'Plan Rows': 51973, 'Plan Width': 10, 'Disabled': False, 'Inner Unique': True, 'Hash Cond': '(a.patient_id = p.patient_id)', 'Plans': [{'Node Type': 'Seq Scan', 'Parent Relationship': 'Outer', 'Parallel Aware': True, 'Async Capable': False, 'Relation Name': 'appointments', 'Alias': 'a', 'Startup Cost': 0.0, 'Total Cost': 5760.33, 'Plan Rows': 208333, 'Plan Width': 8, 'Disabled': False}, {'Node Type': 'Hash', 'Parent Relationship': 'Inner', 'Parallel Aware': False, 'Async Capable': False, 'Startup Cost': 2083.0, 'Total Cost': 2083.0, 'Plan Rows': 24947, 'Plan Width': 10, 'Disabled': False, 'Plans': [{'Node Type': 'Seq Scan', 'Parent Relationship': 'Outer', 'Parallel Aware': False, 'Async Capable': False, 'Relation Name': 'patients', 'Alias': 'p', 'Startup Cost': 0.0, 'Total Cost': 2083.0, 'Plan Rows': 24947, 'Plan Width': 10, 'Disabled': False, 'Filter': ""((city)::text = 'Delhi'::text)""}]}]}]}]}]}}",95.69439990445971
Q416,3,"SELECT city, COUNT(*)
            FROM patients
            GROUP BY city;","{'Plan': {'Node Type': 'Aggregate', 'Strategy': 'Hashed', 'Partial Mode': 'Simple', 'Parallel Aware': False, 'Async Capable': False, 'Startup Cost': 2333.0, 'Total Cost': 2333.04, 'Plan Rows': 4, 'Plan Width': 14, 'Disabled': False, 'Group Key': ['city'], 'Planned Partitions': 0, 'Plans': [{'Node Type': 'Seq Scan', 'Parent Relationship': 'Outer', 'Parallel Aware': False, 'Async Capable': False, 'Relation Name': 'patients', 'Alias': 'patients', 'Startup Cost': 0.0, 'Total Cost': 1833.0, 'Plan Rows': 100000, 'Plan Width': 6, 'Disabled': False}]}}",19.05660005286336
Q417,2,"SELECT *
            FROM patients
            WHERE city = 'Delhi';","{'Plan': {'Node Type': 'Seq Scan', 'Parallel Aware': False, 'Async Capable': False, 'Relation Name': 'patients', 'Alias': 'patients', 'Startup Cost': 0.0, 'Total Cost': 2083.0, 'Plan Rows': 24947, 'Plan Width': 32, 'Disabled': False, 'Filter': ""((city)::text = 'Delhi'::text)""}}",45.104899909347296
Q418,1,"SELECT *
            FROM patients
            WHERE age > 29;","{'Plan': {'Node Type': 'Seq Scan', 'Parallel Aware': False, 'Async Capable': False, 'Relation Name': 'patients', 'Alias': 'patients', 'Startup Cost': 0.0, 'Total Cost': 2083.0, 'Plan Rows': 80983, 'Plan Width': 32, 'Disabled': False, 'Filter': '(age > 29)'}}",57.7787000220269
Q419,1,"SELECT *
            FROM patients
            WHERE age > 68;","{'Plan': {'Node Type': 'Seq Scan', 'Parallel Aware': False, 'Async Capable': False, 'Relation Name': 'patients', 'Alias': 'patients', 'Startup Cost': 0.0, 'Total Cost': 2083.0, 'Plan Rows': 19053, 'Plan Width': 32, 'Disabled': False, 'Filter': '(age > 68)'}}",19.127400126308203
Q420,5,"SELECT p.city, COUNT(a.appointment_id)
            FROM patients p
            JOIN appointments a
            ON p.patient_id = a.patient_id
            WHERE p.city = 'Mumbai'
            GROUP BY p.city;","{'Plan': {'Node Type': 'Aggregate', 'Strategy': 'Sorted', 'Partial Mode': 'Finalize', 'Parallel Aware': False, 'Async Capable': False, 'Startup Cost': 3395.59, 'Total Cost': 9833.29, 'Plan Rows': 1, 'Plan Width': 14, 'Disabled': False, 'Plans': [{'Node Type': 'Gather', 'Parent Relationship': 'Outer', 'Parallel Aware': False, 'Async Capable': False, 'Startup Cost': 3395.59, 'Total Cost': 9833.27, 'Plan Rows': 2, 'Plan Width': 14, 'Disabled': False, 'Workers Planned': 2, 'Single Copy': False, 'Plans': [{'Node Type': 'Aggregate', 'Strategy': 'Sorted', 'Partial Mode': 'Partial', 'Parent Relationship': 'Outer', 'Parallel Aware': False, 'Async Capable': False, 'Startup Cost': 2395.59, 'Total Cost': 8833.07, 'Plan Rows': 1, 'Plan Width': 14, 'Disabled': False, 'Plans': [{'Node Type': 'Hash Join', 'Parent Relationship': 'Outer', 'Parallel Aware': False, 'Async Capable': False, 'Join Type': 'Inner', 'Startup Cost': 2395.59, 'Total Cost': 8702.82, 'Plan Rows': 52098, 'Plan Width': 10, 'Disabled': False, 'Inner Unique': True, 'Hash Cond': '(a.patient_id = p.patient_id)', 'Plans': [{'Node Type': 'Seq Scan', 'Parent Relationship': 'Outer', 'Parallel Aware': True, 'Async Capable': False, 'Relation Name': 'appointments', 'Alias': 'a', 'Startup Cost': 0.0, 'Total Cost': 5760.33, 'Plan Rows': 208333, 'Plan Width': 8, 'Disabled': False}, {'Node Type': 'Hash', 'Parent Relationship': 'Inner', 'Parallel Aware': False, 'Async Capable': False, 'Startup Cost': 2083.0, 'Total Cost': 2083.0, 'Plan Rows': 25007, 'Plan Width': 10, 'Disabled': False, 'Plans': [{'Node Type': 'Seq Scan', 'Parent Relationship': 'Outer', 'Parallel Aware': False, 'Async Capable': False, 'Relation Name': 'patients', 'Alias': 'p', 'Startup Cost': 0.0, 'Total Cost': 2083.0, 'Plan Rows': 25007, 'Plan Width': 10, 'Disabled': False, 'Filter': ""((city)::text = 'Mumbai'::text)""}]}]}]}]}]}}",88.39030005037785
Q421,3,"SELECT city, COUNT(*)
            FROM patients
            GROUP BY city;","{'Plan': {'Node Type': 'Aggregate', 'Strategy': 'Hashed', 'Partial Mode': 'Simple', 'Parallel Aware': False, 'Async Capable': False, 'Startup Cost': 2333.0, 'Total Cost': 2333.04, 'Plan Rows': 4, 'Plan Width': 14, 'Disabled': False, 'Group Key': ['city'], 'Planned Partitions': 0, 'Plans': [{'Node Type': 'Seq Scan', 'Parent Relationship': 'Outer', 'Parallel Aware': False, 'Async Capable': False, 'Relation Name': 'patients', 'Alias': 'patients', 'Startup Cost': 0.0, 'Total Cost': 1833.0, 'Plan Rows': 100000, 'Plan Width': 6, 'Disabled': False}]}}",20.20630007609725
Q422,5,"SELECT p.city, COUNT(a.appointment_id)
            FROM patients p
            JOIN appointments a
            ON p.patient_id = a.patient_id
            WHERE p.city = 'Kanpur'
            GROUP BY p.city;","{'Plan': {'Node Type': 'Aggregate', 'Strategy': 'Sorted', 'Partial Mode': 'Finalize', 'Parallel Aware': False, 'Async Capable': False, 'Startup Cost': 3397.96, 'Total Cost': 9836.65, 'Plan Rows': 1, 'Plan Width': 14, 'Disabled': False, 'Plans': [{'Node Type': 'Gather', 'Parent Relationship': 'Outer', 'Parallel Aware': False, 'Async Capable': False, 'Startup Cost': 3397.96, 'Total Cost': 9836.64, 'Plan Rows': 2, 'Plan Width': 14, 'Disabled': False, 'Workers Planned': 2, 'Single Copy': False, 'Plans': [{'Node Type': 'Aggregate', 'Strategy': 'Sorted', 'Partial Mode': 'Partial', 'Parent Relationship': 'Outer', 'Parallel Aware': False, 'Async Capable': False, 'Startup Cost': 2397.96, 'Total Cost': 8836.44, 'Plan Rows': 1, 'Plan Width': 14, 'Disabled': False, 'Plans': [{'Node Type': 'Hash Join', 'Parent Relationship': 'Outer', 'Parallel Aware': False, 'Async Capable': False, 'Join Type': 'Inner', 'Startup Cost': 2397.96, 'Total Cost': 8705.19, 'Plan Rows': 52494, 'Plan Width': 10, 'Disabled': False, 'Inner Unique': True, 'Hash Cond': '(a.patient_id = p.patient_id)', 'Plans': [{'Node Type': 'Seq Scan', 'Parent Relationship': 'Outer', 'Parallel Aware': True, 'Async Capable': False, 'Relation Name': 'appointments', 'Alias': 'a', 'Startup Cost': 0.0, 'Total Cost': 5760.33, 'Plan Rows': 208333, 'Plan Width': 8, 'Disabled': False}, {'Node Type': 'Hash', 'Parent Relationship': 'Inner', 'Parallel Aware': False, 'Async Capable': False, 'Startup Cost': 2083.0, 'Total Cost': 2083.0, 'Plan Rows': 25197, 'Plan Width': 10, 'Disabled': False, 'Plans': [{'Node Type': 'Seq Scan', 'Parent Relationship': 'Outer', 'Parallel Aware': False, 'Async Capable': False, 'Relation Name': 'patients', 'Alias': 'p', 'Startup Cost': 0.0, 'Total Cost': 2083.0, 'Plan Rows': 25197, 'Plan Width': 10, 'Disabled': False, 'Filter': ""((city)::text = 'Kanpur'::text)""}]}]}]}]}]}}",89.58090003579855
Q423,1,"SELECT *
            FROM patients
            WHERE age > 64;","{'Plan': {'Node Type': 'Seq Scan', 'Parallel Aware': False, 'Async Capable': False, 'Relation Name': 'patients', 'Alias': 'patients', 'Startup Cost': 0.0, 'Total Cost': 2083.0, 'Plan Rows': 25233, 'Plan Width': 32, 'Disabled': False, 'Filter': '(age > 64)'}}",33.293799962848425
Q424,4,"SELECT p.name, a.appointment_date
            FROM patients p
            JOIN appointments a
            ON p.patient_id = a.patient_id;","{'Plan': {'Node Type': 'Hash Join', 'Parallel Aware': False, 'Async Capable': False, 'Join Type': 'Inner', 'Startup Cost': 3083.0, 'Total Cost': 13072.56, 'Plan Rows': 500000, 'Plan Width': 17, 'Disabled': False, 'Inner Unique': True, 'Hash Cond': '(a.patient_id = p.patient_id)', 'Plans': [{'Node Type': 'Seq Scan', 'Parent Relationship': 'Outer', 'Parallel Aware': False, 'Async Capable': False, 'Relation Name': 'appointments', 'Alias': 'a', 'Startup Cost': 0.0, 'Total Cost': 8677.0, 'Plan Rows': 500000, 'Plan Width': 8, 'Disabled': False}, {'Node Type': 'Hash', 'Parent Relationship': 'Inner', 'Parallel Aware': False, 'Async Capable': False, 'Startup Cost': 1833.0, 'Total Cost': 1833.0, 'Plan Rows': 100000, 'Plan Width': 17, 'Disabled': False, 'Plans': [{'Node Type': 'Seq Scan', 'Parent Relationship': 'Outer', 'Parallel Aware': False, 'Async Capable': False, 'Relation Name': 'patients', 'Alias': 'p', 'Startup Cost': 0.0, 'Total Cost': 1833.0, 'Plan Rows': 100000, 'Plan Width': 17, 'Disabled': False}]}]}}",648.7033001612872
Q425,1,"SELECT *
            FROM patients
            WHERE age > 65;","{'Plan': {'Node Type': 'Seq Scan', 'Parallel Aware': False, 'Async Capable': False, 'Relation Name': 'patients', 'Alias': 'patients', 'Startup Cost': 0.0, 'Total Cost': 2083.0, 'Plan Rows': 23723, 'Plan Width': 32, 'Disabled': False, 'Filter': '(age > 65)'}}",26.343799894675612
Q426,1,"SELECT *
            FROM patients
            WHERE age > 34;","{'Plan': {'Node Type': 'Seq Scan', 'Parallel Aware': False, 'Async Capable': False, 'Relation Name': 'patients', 'Alias': 'patients', 'Startup Cost': 0.0, 'Total Cost': 2083.0, 'Plan Rows': 72973, 'Plan Width': 32, 'Disabled': False, 'Filter': '(age > 34)'}}",80.81279997713864
Q427,5,"SELECT p.city, COUNT(a.appointment_id)
            FROM patients p
            JOIN appointments a
            ON p.patient_id = a.patient_id
            WHERE p.city = 'Delhi'
            GROUP BY p.city;","{'Plan': {'Node Type': 'Aggregate', 'Strategy': 'Sorted', 'Partial Mode': 'Finalize', 'Parallel Aware': False, 'Async Capable': False, 'Startup Cost': 3394.84, 'Total Cost': 9832.22, 'Plan Rows': 1, 'Plan Width': 14, 'Disabled': False, 'Plans': [{'Node Type': 'Gather', 'Parent Relationship': 'Outer', 'Parallel Aware': False, 'Async Capable': False, 'Startup Cost': 3394.84, 'Total Cost': 9832.21, 'Plan Rows': 2, 'Plan Width': 14, 'Disabled': False, 'Workers Planned': 2, 'Single Copy': False, 'Plans': [{'Node Type': 'Aggregate', 'Strategy': 'Sorted', 'Partial Mode': 'Partial', 'Parent Relationship': 'Outer', 'Parallel Aware': False, 'Async Capable': False, 'Startup Cost': 2394.84, 'Total Cost': 8832.01, 'Plan Rows': 1, 'Plan Width': 14, 'Disabled': False, 'Plans': [{'Node Type': 'Hash Join', 'Parent Relationship': 'Outer', 'Parallel Aware': False, 'Async Capable': False, 'Join Type': 'Inner', 'Startup Cost': 2394.84, 'Total Cost': 8702.07, 'Plan Rows': 51973, 'Plan Width': 10, 'Disabled': False, 'Inner Unique': True, 'Hash Cond': '(a.patient_id = p.patient_id)', 'Plans': [{'Node Type': 'Seq Scan', 'Parent Relationship': 'Outer', 'Parallel Aware': True, 'Async Capable': False, 'Relation Name': 'appointments', 'Alias': 'a', 'Startup Cost': 0.0, 'Total Cost': 5760.33, 'Plan Rows': 208333, 'Plan Width': 8, 'Disabled': False}, {'Node Type': 'Hash', 'Parent Relationship': 'Inner', 'Parallel Aware': False, 'Async Capable': False, 'Startup Cost': 2083.0, 'Total Cost': 2083.0, 'Plan Rows': 24947, 'Plan Width': 10, 'Disabled': False, 'Plans': [{'Node Type': 'Seq Scan', 'Parent Relationship': 'Outer', 'Parallel Aware': False, 'Async Capable': False, 'Relation Name': 'patients', 'Alias': 'p', 'Startup Cost': 0.0, 'Total Cost': 2083.0, 'Plan Rows': 24947, 'Plan Width': 10, 'Disabled': False, 'Filter': ""((city)::text = 'Delhi'::text)""}]}]}]}]}]}}",86.67590003460646
Q428,2,"SELECT *
            FROM patients
            WHERE city = 'Kanpur';","{'Plan': {'Node Type': 'Seq Scan', 'Parallel Aware': False, 'Async Capable': False, 'Relation Name': 'patients', 'Alias': 'patients', 'Startup Cost': 0.0, 'Total Cost': 2083.0, 'Plan Rows': 25197, 'Plan Width': 32, 'Disabled': False, 'Filter': ""((city)::text = 'Kanpur'::text)""}}",35.18539993092418
Q429,3,"SELECT city, COUNT(*)
            FROM patients
            GROUP BY city;","{'Plan': {'Node Type': 'Aggregate', 'Strategy': 'Hashed', 'Partial Mode': 'Simple', 'Parallel Aware': False, 'Async Capable': False, 'Startup Cost': 2333.0, 'Total Cost': 2333.04, 'Plan Rows': 4, 'Plan Width': 14, 'Disabled': False, 'Group Key': ['city'], 'Planned Partitions': 0, 'Plans': [{'Node Type': 'Seq Scan', 'Parent Relationship': 'Outer', 'Parallel Aware': False, 'Async Capable': False, 'Relation Name': 'patients', 'Alias': 'patients', 'Startup Cost': 0.0, 'Total Cost': 1833.0, 'Plan Rows': 100000, 'Plan Width': 6, 'Disabled': False}]}}",24.817900033667684
Q430,4,"SELECT p.name, a.appointment_date
            FROM patients p
            JOIN appointments a
            ON p.patient_id = a.patient_id;","{'Plan': {'Node Type': 'Hash Join', 'Parallel Aware': False, 'Async Capable': False, 'Join Type': 'Inner', 'Startup Cost': 3083.0, 'Total Cost': 13072.56, 'Plan Rows': 500000, 'Plan Width': 17, 'Disabled': False, 'Inner Unique': True, 'Hash Cond': '(a.patient_id = p.patient_id)', 'Plans': [{'Node Type': 'Seq Scan', 'Parent Relationship': 'Outer', 'Parallel Aware': False, 'Async Capable': False, 'Relation Name': 'appointments', 'Alias': 'a', 'Startup Cost': 0.0, 'Total Cost': 8677.0, 'Plan Rows': 500000, 'Plan Width': 8, 'Disabled': False}, {'Node Type': 'Hash', 'Parent Relationship': 'Inner', 'Parallel Aware': False, 'Async Capable': False, 'Startup Cost': 1833.0, 'Total Cost': 1833.0, 'Plan Rows': 100000, 'Plan Width': 17, 'Disabled': False, 'Plans': [{'Node Type': 'Seq Scan', 'Parent Relationship': 'Outer', 'Parallel Aware': False, 'Async Capable': False, 'Relation Name': 'patients', 'Alias': 'p', 'Startup Cost': 0.0, 'Total Cost': 1833.0, 'Plan Rows': 100000, 'Plan Width': 17, 'Disabled': False}]}]}}",671.1002001538873
Q431,2,"SELECT *
            FROM patients
            WHERE city = 'Kanpur';","{'Plan': {'Node Type': 'Seq Scan', 'Parallel Aware': False, 'Async Capable': False, 'Relation Name': 'patients', 'Alias': 'patients', 'Startup Cost': 0.0, 'Total Cost': 2083.0, 'Plan Rows': 25197, 'Plan Width': 32, 'Disabled': False, 'Filter': ""((city)::text = 'Kanpur'::text)""}}",37.69410005770624
Q432,3,"SELECT city, COUNT(*)
            FROM patients
            GROUP BY city;","{'Plan': {'Node Type': 'Aggregate', 'Strategy': 'Hashed', 'Partial Mode': 'Simple', 'Parallel Aware': False, 'Async Capable': False, 'Startup Cost': 2333.0, 'Total Cost': 2333.04, 'Plan Rows': 4, 'Plan Width': 14, 'Disabled': False, 'Group Key': ['city'], 'Planned Partitions': 0, 'Plans': [{'Node Type': 'Seq Scan', 'Parent Relationship': 'Outer', 'Parallel Aware': False, 'Async Capable': False, 'Relation Name': 'patients', 'Alias': 'patients', 'Startup Cost': 0.0, 'Total Cost': 1833.0, 'Plan Rows': 100000, 'Plan Width': 6, 'Disabled': False}]}}",13.787100091576576
Q433,1,"SELECT *
            FROM patients
            WHERE age > 54;","{'Plan': {'Node Type': 'Seq Scan', 'Parallel Aware': False, 'Async Capable': False, 'Relation Name': 'patients', 'Alias': 'patients', 'Startup Cost': 0.0, 'Total Cost': 2083.0, 'Plan Rows': 40580, 'Plan Width': 32, 'Disabled': False, 'Filter': '(age > 54)'}}",31.85490006580949
Q434,4,"SELECT p.name, a.appointment_date
            FROM patients p
            JOIN appointments a
            ON p.patient_id = a.patient_id;","{'Plan': {'Node Type': 'Hash Join', 'Parallel Aware': False, 'Async Capable': False, 'Join Type': 'Inner', 'Startup Cost': 3083.0, 'Total Cost': 13072.56, 'Plan Rows': 500000, 'Plan Width': 17, 'Disabled': False, 'Inner Unique': True, 'Hash Cond': '(a.patient_id = p.patient_id)', 'Plans': [{'Node Type': 'Seq Scan', 'Parent Relationship': 'Outer', 'Parallel Aware': False, 'Async Capable': False, 'Relation Name': 'appointments', 'Alias': 'a', 'Startup Cost': 0.0, 'Total Cost': 8677.0, 'Plan Rows': 500000, 'Plan Width': 8, 'Disabled': False}, {'Node Type': 'Hash', 'Parent Relationship': 'Inner', 'Parallel Aware': False, 'Async Capable': False, 'Startup Cost': 1833.0, 'Total Cost': 1833.0, 'Plan Rows': 100000, 'Plan Width': 17, 'Disabled': False, 'Plans': [{'Node Type': 'Seq Scan', 'Parent Relationship': 'Outer', 'Parallel Aware': False, 'Async Capable': False, 'Relation Name': 'patients', 'Alias': 'p', 'Startup Cost': 0.0, 'Total Cost': 1833.0, 'Plan Rows': 100000, 'Plan Width': 17, 'Disabled': False}]}]}}",634.4985000323504
Q435,2,"SELECT *
            FROM patients
            WHERE city = 'Delhi';","{'Plan': {'Node Type': 'Seq Scan', 'Parallel Aware': False, 'Async Capable': False, 'Relation Name': 'patients', 'Alias': 'patients', 'Startup Cost': 0.0, 'Total Cost': 2083.0, 'Plan Rows': 24947, 'Plan Width': 32, 'Disabled': False, 'Filter': ""((city)::text = 'Delhi'::text)""}}",37.854700116440654
Q436,1,"SELECT *
            FROM patients
            WHERE age > 38;","{'Plan': {'Node Type': 'Seq Scan', 'Parallel Aware': False, 'Async Capable': False, 'Relation Name': 'patients', 'Alias': 'patients', 'Startup Cost': 0.0, 'Total Cost': 2083.0, 'Plan Rows': 66793, 'Plan Width': 32, 'Disabled': False, 'Filter': '(age > 38)'}}",48.94779995083809
Q437,2,"SELECT *
            FROM patients
            WHERE city = 'Delhi';","{'Plan': {'Node Type': 'Seq Scan', 'Parallel Aware': False, 'Async Capable': False, 'Relation Name': 'patients', 'Alias': 'patients', 'Startup Cost': 0.0, 'Total Cost': 2083.0, 'Plan Rows': 24947, 'Plan Width': 32, 'Disabled': False, 'Filter': ""((city)::text = 'Delhi'::text)""}}",30.782300047576427
Q438,5,"SELECT p.city, COUNT(a.appointment_id)
            FROM patients p
            JOIN appointments a
            ON p.patient_id = a.patient_id
            WHERE p.city = 'Kanpur'
            GROUP BY p.city;","{'Plan': {'Node Type': 'Aggregate', 'Strategy': 'Sorted', 'Partial Mode': 'Finalize', 'Parallel Aware': False, 'Async Capable': False, 'Startup Cost': 3397.96, 'Total Cost': 9836.65, 'Plan Rows': 1, 'Plan Width': 14, 'Disabled': False, 'Plans': [{'Node Type': 'Gather', 'Parent Relationship': 'Outer', 'Parallel Aware': False, 'Async Capable': False, 'Startup Cost': 3397.96, 'Total Cost': 9836.64, 'Plan Rows': 2, 'Plan Width': 14, 'Disabled': False, 'Workers Planned': 2, 'Single Copy': False, 'Plans': [{'Node Type': 'Aggregate', 'Strategy': 'Sorted', 'Partial Mode': 'Partial', 'Parent Relationship': 'Outer', 'Parallel Aware': False, 'Async Capable': False, 'Startup Cost': 2397.96, 'Total Cost': 8836.44, 'Plan Rows': 1, 'Plan Width': 14, 'Disabled': False, 'Plans': [{'Node Type': 'Hash Join', 'Parent Relationship': 'Outer', 'Parallel Aware': False, 'Async Capable': False, 'Join Type': 'Inner', 'Startup Cost': 2397.96, 'Total Cost': 8705.19, 'Plan Rows': 52494, 'Plan Width': 10, 'Disabled': False, 'Inner Unique': True, 'Hash Cond': '(a.patient_id = p.patient_id)', 'Plans': [{'Node Type': 'Seq Scan', 'Parent Relationship': 'Outer', 'Parallel Aware': True, 'Async Capable': False, 'Relation Name': 'appointments', 'Alias': 'a', 'Startup Cost': 0.0, 'Total Cost': 5760.33, 'Plan Rows': 208333, 'Plan Width': 8, 'Disabled': False}, {'Node Type': 'Hash', 'Parent Relationship': 'Inner', 'Parallel Aware': False, 'Async Capable': False, 'Startup Cost': 2083.0, 'Total Cost': 2083.0, 'Plan Rows': 25197, 'Plan Width': 10, 'Disabled': False, 'Plans': [{'Node Type': 'Seq Scan', 'Parent Relationship': 'Outer', 'Parallel Aware': False, 'Async Capable': False, 'Relation Name': 'patients', 'Alias': 'p', 'Startup Cost': 0.0, 'Total Cost': 2083.0, 'Plan Rows': 25197, 'Plan Width': 10, 'Disabled': False, 'Filter': ""((city)::text = 'Kanpur'::text)""}]}]}]}]}]}}",94.2571999039501
Q439,2,"SELECT *
            FROM patients
            WHERE city = 'Mumbai';","{'Plan': {'Node Type': 'Seq Scan', 'Parallel Aware': False, 'Async Capable': False, 'Relation Name': 'patients', 'Alias': 'patients', 'Startup Cost': 0.0, 'Total Cost': 2083.0, 'Plan Rows': 25007, 'Plan Width': 32, 'Disabled': False, 'Filter': ""((city)::text = 'Mumbai'::text)""}}",38.47900009714067
Q440,2,"SELECT *
            FROM patients
            WHERE city = 'Lucknow';","{'Plan': {'Node Type': 'Seq Scan', 'Parallel Aware': False, 'Async Capable': False, 'Relation Name': 'patients', 'Alias': 'patients', 'Startup Cost': 0.0, 'Total Cost': 2083.0, 'Plan Rows': 24850, 'Plan Width': 32, 'Disabled': False, 'Filter': ""((city)::text = 'Lucknow'::text)""}}",48.14240010455251
Q441,5,"SELECT p.city, COUNT(a.appointment_id)
            FROM patients p
            JOIN appointments a
            ON p.patient_id = a.patient_id
            WHERE p.city = 'Mumbai'
            GROUP BY p.city;","{'Plan': {'Node Type': 'Aggregate', 'Strategy': 'Sorted', 'Partial Mode': 'Finalize', 'Parallel Aware': False, 'Async Capable': False, 'Startup Cost': 3395.59, 'Total Cost': 9833.29, 'Plan Rows': 1, 'Plan Width': 14, 'Disabled': False, 'Plans': [{'Node Type': 'Gather', 'Parent Relationship': 'Outer', 'Parallel Aware': False, 'Async Capable': False, 'Startup Cost': 3395.59, 'Total Cost': 9833.27, 'Plan Rows': 2, 'Plan Width': 14, 'Disabled': False, 'Workers Planned': 2, 'Single Copy': False, 'Plans': [{'Node Type': 'Aggregate', 'Strategy': 'Sorted', 'Partial Mode': 'Partial', 'Parent Relationship': 'Outer', 'Parallel Aware': False, 'Async Capable': False, 'Startup Cost': 2395.59, 'Total Cost': 8833.07, 'Plan Rows': 1, 'Plan Width': 14, 'Disabled': False, 'Plans': [{'Node Type': 'Hash Join', 'Parent Relationship': 'Outer', 'Parallel Aware': False, 'Async Capable': False, 'Join Type': 'Inner', 'Startup Cost': 2395.59, 'Total Cost': 8702.82, 'Plan Rows': 52098, 'Plan Width': 10, 'Disabled': False, 'Inner Unique': True, 'Hash Cond': '(a.patient_id = p.patient_id)', 'Plans': [{'Node Type': 'Seq Scan', 'Parent Relationship': 'Outer', 'Parallel Aware': True, 'Async Capable': False, 'Relation Name': 'appointments', 'Alias': 'a', 'Startup Cost': 0.0, 'Total Cost': 5760.33, 'Plan Rows': 208333, 'Plan Width': 8, 'Disabled': False}, {'Node Type': 'Hash', 'Parent Relationship': 'Inner', 'Parallel Aware': False, 'Async Capable': False, 'Startup Cost': 2083.0, 'Total Cost': 2083.0, 'Plan Rows': 25007, 'Plan Width': 10, 'Disabled': False, 'Plans': [{'Node Type': 'Seq Scan', 'Parent Relationship': 'Outer', 'Parallel Aware': False, 'Async Capable': False, 'Relation Name': 'patients', 'Alias': 'p', 'Startup Cost': 0.0, 'Total Cost': 2083.0, 'Plan Rows': 25007, 'Plan Width': 10, 'Disabled': False, 'Filter': ""((city)::text = 'Mumbai'::text)""}]}]}]}]}]}}",104.29759998805821
Q442,1,"SELECT *
            FROM patients
            WHERE age > 48;","{'Plan': {'Node Type': 'Seq Scan', 'Parallel Aware': False, 'Async Capable': False, 'Relation Name': 'patients', 'Alias': 'patients', 'Startup Cost': 0.0, 'Total Cost': 2083.0, 'Plan Rows': 50297, 'Plan Width': 32, 'Disabled': False, 'Filter': '(age > 48)'}}",52.87529993802309
Q443,4,"SELECT p.name, a.appointment_date
            FROM patients p
            JOIN appointments a
            ON p.patient_id = a.patient_id;","{'Plan': {'Node Type': 'Hash Join', 'Parallel Aware': False, 'Async Capable': False, 'Join Type': 'Inner', 'Startup Cost': 3083.0, 'Total Cost': 13072.56, 'Plan Rows': 500000, 'Plan Width': 17, 'Disabled': False, 'Inner Unique': True, 'Hash Cond': '(a.patient_id = p.patient_id)', 'Plans': [{'Node Type': 'Seq Scan', 'Parent Relationship': 'Outer', 'Parallel Aware': False, 'Async Capable': False, 'Relation Name': 'appointments', 'Alias': 'a', 'Startup Cost': 0.0, 'Total Cost': 8677.0, 'Plan Rows': 500000, 'Plan Width': 8, 'Disabled': False}, {'Node Type': 'Hash', 'Parent Relationship': 'Inner', 'Parallel Aware': False, 'Async Capable': False, 'Startup Cost': 1833.0, 'Total Cost': 1833.0, 'Plan Rows': 100000, 'Plan Width': 17, 'Disabled': False, 'Plans': [{'Node Type': 'Seq Scan', 'Parent Relationship': 'Outer', 'Parallel Aware': False, 'Async Capable': False, 'Relation Name': 'patients', 'Alias': 'p', 'Startup Cost': 0.0, 'Total Cost': 1833.0, 'Plan Rows': 100000, 'Plan Width': 17, 'Disabled': False}]}]}}",610.156400129199
Q444,1,"SELECT *
            FROM patients
            WHERE age > 61;","{'Plan': {'Node Type': 'Seq Scan', 'Parallel Aware': False, 'Async Capable': False, 'Relation Name': 'patients', 'Alias': 'patients', 'Startup Cost': 0.0, 'Total Cost': 2083.0, 'Plan Rows': 29877, 'Plan Width': 32, 'Disabled': False, 'Filter': '(age > 61)'}}",39.364200085401535
Q445,1,"SELECT *
            FROM patients
            WHERE age > 25;","{'Plan': {'Node Type': 'Seq Scan', 'Parallel Aware': False, 'Async Capable': False, 'Relation Name': 'patients', 'Alias': 'patients', 'Startup Cost': 0.0, 'Total Cost': 2083.0, 'Plan Rows': 87343, 'Plan Width': 32, 'Disabled': False, 'Filter': '(age > 25)'}}",77.53230002708733
Q446,3,"SELECT city, COUNT(*)
            FROM patients
            GROUP BY city;","{'Plan': {'Node Type': 'Aggregate', 'Strategy': 'Hashed', 'Partial Mode': 'Simple', 'Parallel Aware': False, 'Async Capable': False, 'Startup Cost': 2333.0, 'Total Cost': 2333.04, 'Plan Rows': 4, 'Plan Width': 14, 'Disabled': False, 'Group Key': ['city'], 'Planned Partitions': 0, 'Plans': [{'Node Type': 'Seq Scan', 'Parent Relationship': 'Outer', 'Parallel Aware': False, 'Async Capable': False, 'Relation Name': 'patients', 'Alias': 'patients', 'Startup Cost': 0.0, 'Total Cost': 1833.0, 'Plan Rows': 100000, 'Plan Width': 6, 'Disabled': False}]}}",13.574299868196249
Q447,2,"SELECT *
            FROM patients
            WHERE city = 'Mumbai';","{'Plan': {'Node Type': 'Seq Scan', 'Parallel Aware': False, 'Async Capable': False, 'Relation Name': 'patients', 'Alias': 'patients', 'Startup Cost': 0.0, 'Total Cost': 2083.0, 'Plan Rows': 25007, 'Plan Width': 32, 'Disabled': False, 'Filter': ""((city)::text = 'Mumbai'::text)""}}",25.479399831965566
Q448,3,"SELECT city, COUNT(*)
            FROM patients
            GROUP BY city;","{'Plan': {'Node Type': 'Aggregate', 'Strategy': 'Hashed', 'Partial Mode': 'Simple', 'Parallel Aware': False, 'Async Capable': False, 'Startup Cost': 2333.0, 'Total Cost': 2333.04, 'Plan Rows': 4, 'Plan Width': 14, 'Disabled': False, 'Group Key': ['city'], 'Planned Partitions': 0, 'Plans': [{'Node Type': 'Seq Scan', 'Parent Relationship': 'Outer', 'Parallel Aware': False, 'Async Capable': False, 'Relation Name': 'patients', 'Alias': 'patients', 'Startup Cost': 0.0, 'Total Cost': 1833.0, 'Plan Rows': 100000, 'Plan Width': 6, 'Disabled': False}]}}",20.067099947482347
Q449,3,"SELECT city, COUNT(*)
            FROM patients
            GROUP BY city;","{'Plan': {'Node Type': 'Aggregate', 'Strategy': 'Hashed', 'Partial Mode': 'Simple', 'Parallel Aware': False, 'Async Capable': False, 'Startup Cost': 2333.0, 'Total Cost': 2333.04, 'Plan Rows': 4, 'Plan Width': 14, 'Disabled': False, 'Group Key': ['city'], 'Planned Partitions': 0, 'Plans': [{'Node Type': 'Seq Scan', 'Parent Relationship': 'Outer', 'Parallel Aware': False, 'Async Capable': False, 'Relation Name': 'patients', 'Alias': 'patients', 'Startup Cost': 0.0, 'Total Cost': 1833.0, 'Plan Rows': 100000, 'Plan Width': 6, 'Disabled': False}]}}",20.22979990579188
Q450,2,"SELECT *
            FROM patients
            WHERE city = 'Delhi';","{'Plan': {'Node Type': 'Seq Scan', 'Parallel Aware': False, 'Async Capable': False, 'Relation Name': 'patients', 'Alias': 'patients', 'Startup Cost': 0.0, 'Total Cost': 2083.0, 'Plan Rows': 24947, 'Plan Width': 32, 'Disabled': False, 'Filter': ""((city)::text = 'Delhi'::text)""}}",46.25989985652268
Q451,4,"SELECT p.name, a.appointment_date
            FROM patients p
            JOIN appointments a
            ON p.patient_id = a.patient_id;","{'Plan': {'Node Type': 'Hash Join', 'Parallel Aware': False, 'Async Capable': False, 'Join Type': 'Inner', 'Startup Cost': 3083.0, 'Total Cost': 13072.56, 'Plan Rows': 500000, 'Plan Width': 17, 'Disabled': False, 'Inner Unique': True, 'Hash Cond': '(a.patient_id = p.patient_id)', 'Plans': [{'Node Type': 'Seq Scan', 'Parent Relationship': 'Outer', 'Parallel Aware': False, 'Async Capable': False, 'Relation Name': 'appointments', 'Alias': 'a', 'Startup Cost': 0.0, 'Total Cost': 8677.0, 'Plan Rows': 500000, 'Plan Width': 8, 'Disabled': False}, {'Node Type': 'Hash', 'Parent Relationship': 'Inner', 'Parallel Aware': False, 'Async Capable': False, 'Startup Cost': 1833.0, 'Total Cost': 1833.0, 'Plan Rows': 100000, 'Plan Width': 17, 'Disabled': False, 'Plans': [{'Node Type': 'Seq Scan', 'Parent Relationship': 'Outer', 'Parallel Aware': False, 'Async Capable': False, 'Relation Name': 'patients', 'Alias': 'p', 'Startup Cost': 0.0, 'Total Cost': 1833.0, 'Plan Rows': 100000, 'Plan Width': 17, 'Disabled': False}]}]}}",701.2455000076443
Q452,5,"SELECT p.city, COUNT(a.appointment_id)
            FROM patients p
            JOIN appointments a
            ON p.patient_id = a.patient_id
            WHERE p.city = 'Lucknow'
            GROUP BY p.city;","{'Plan': {'Node Type': 'Aggregate', 'Strategy': 'Sorted', 'Partial Mode': 'Finalize', 'Parallel Aware': False, 'Async Capable': False, 'Startup Cost': 3393.62, 'Total Cost': 9830.51, 'Plan Rows': 1, 'Plan Width': 14, 'Disabled': False, 'Plans': [{'Node Type': 'Gather', 'Parent Relationship': 'Outer', 'Parallel Aware': False, 'Async Capable': False, 'Startup Cost': 3393.62, 'Total Cost': 9830.49, 'Plan Rows': 2, 'Plan Width': 14, 'Disabled': False, 'Workers Planned': 2, 'Single Copy': False, 'Plans': [{'Node Type': 'Aggregate', 'Strategy': 'Sorted', 'Partial Mode': 'Partial', 'Parent Relationship': 'Outer', 'Parallel Aware': False, 'Async Capable': False, 'Startup Cost': 2393.62, 'Total Cost': 8830.29, 'Plan Rows': 1, 'Plan Width': 14, 'Disabled': False, 'Plans': [{'Node Type': 'Hash Join', 'Parent Relationship': 'Outer', 'Parallel Aware': False, 'Async Capable': False, 'Join Type': 'Inner', 'Startup Cost': 2393.62, 'Total Cost': 8700.85, 'Plan Rows': 51771, 'Plan Width': 10, 'Disabled': False, 'Inner Unique': True, 'Hash Cond': '(a.patient_id = p.patient_id)', 'Plans': [{'Node Type': 'Seq Scan', 'Parent Relationship': 'Outer', 'Parallel Aware': True, 'Async Capable': False, 'Relation Name': 'appointments', 'Alias': 'a', 'Startup Cost': 0.0, 'Total Cost': 5760.33, 'Plan Rows': 208333, 'Plan Width': 8, 'Disabled': False}, {'Node Type': 'Hash', 'Parent Relationship': 'Inner', 'Parallel Aware': False, 'Async Capable': False, 'Startup Cost': 2083.0, 'Total Cost': 2083.0, 'Plan Rows': 24850, 'Plan Width': 10, 'Disabled': False, 'Plans': [{'Node Type': 'Seq Scan', 'Parent Relationship': 'Outer', 'Parallel Aware': False, 'Async Capable': False, 'Relation Name': 'patients', 'Alias': 'p', 'Startup Cost': 0.0, 'Total Cost': 2083.0, 'Plan Rows': 24850, 'Plan Width': 10, 'Disabled': False, 'Filter': ""((city)::text = 'Lucknow'::text)""}]}]}]}]}]}}",112.11470002308488
Q453,1,"SELECT *
            FROM patients
            WHERE age > 56;","{'Plan': {'Node Type': 'Seq Scan', 'Parallel Aware': False, 'Async Capable': False, 'Relation Name': 'patients', 'Alias': 'patients', 'Startup Cost': 0.0, 'Total Cost': 2083.0, 'Plan Rows': 37503, 'Plan Width': 32, 'Disabled': False, 'Filter': '(age > 56)'}}",52.905899938195944
Q454,2,"SELECT *
            FROM patients
            WHERE city = 'Lucknow';","{'Plan': {'Node Type': 'Seq Scan', 'Parallel Aware': False, 'Async Capable': False, 'Relation Name': 'patients', 'Alias': 'patients', 'Startup Cost': 0.0, 'Total Cost': 2083.0, 'Plan Rows': 24850, 'Plan Width': 32, 'Disabled': False, 'Filter': ""((city)::text = 'Lucknow'::text)""}}",21.38249995186925
Q455,1,"SELECT *
            FROM patients
            WHERE age > 48;","{'Plan': {'Node Type': 'Seq Scan', 'Parallel Aware': False, 'Async Capable': False, 'Relation Name': 'patients', 'Alias': 'patients', 'Startup Cost': 0.0, 'Total Cost': 2083.0, 'Plan Rows': 50297, 'Plan Width': 32, 'Disabled': False, 'Filter': '(age > 48)'}}",39.988899836316705
Q456,1,"SELECT *
            FROM patients
            WHERE age > 68;","{'Plan': {'Node Type': 'Seq Scan', 'Parallel Aware': False, 'Async Capable': False, 'Relation Name': 'patients', 'Alias': 'patients', 'Startup Cost': 0.0, 'Total Cost': 2083.0, 'Plan Rows': 19053, 'Plan Width': 32, 'Disabled': False, 'Filter': '(age > 68)'}}",24.811000097543
Q457,3,"SELECT city, COUNT(*)
            FROM patients
            GROUP BY city;","{'Plan': {'Node Type': 'Aggregate', 'Strategy': 'Hashed', 'Partial Mode': 'Simple', 'Parallel Aware': False, 'Async Capable': False, 'Startup Cost': 2333.0, 'Total Cost': 2333.04, 'Plan Rows': 4, 'Plan Width': 14, 'Disabled': False, 'Group Key': ['city'], 'Planned Partitions': 0, 'Plans': [{'Node Type': 'Seq Scan', 'Parent Relationship': 'Outer', 'Parallel Aware': False, 'Async Capable': False, 'Relation Name': 'patients', 'Alias': 'patients', 'Startup Cost': 0.0, 'Total Cost': 1833.0, 'Plan Rows': 100000, 'Plan Width': 6, 'Disabled': False}]}}",15.128300059586763
Q458,3,"SELECT city, COUNT(*)
            FROM patients
            GROUP BY city;","{'Plan': {'Node Type': 'Aggregate', 'Strategy': 'Hashed', 'Partial Mode': 'Simple', 'Parallel Aware': False, 'Async Capable': False, 'Startup Cost': 2333.0, 'Total Cost': 2333.04, 'Plan Rows': 4, 'Plan Width': 14, 'Disabled': False, 'Group Key': ['city'], 'Planned Partitions': 0, 'Plans': [{'Node Type': 'Seq Scan', 'Parent Relationship': 'Outer', 'Parallel Aware': False, 'Async Capable': False, 'Relation Name': 'patients', 'Alias': 'patients', 'Startup Cost': 0.0, 'Total Cost': 1833.0, 'Plan Rows': 100000, 'Plan Width': 6, 'Disabled': False}]}}",19.70249996520579
Q459,5,"SELECT p.city, COUNT(a.appointment_id)
            FROM patients p
            JOIN appointments a
            ON p.patient_id = a.patient_id
            WHERE p.city = 'Lucknow'
            GROUP BY p.city;","{'Plan': {'Node Type': 'Aggregate', 'Strategy': 'Sorted', 'Partial Mode': 'Finalize', 'Parallel Aware': False, 'Async Capable': False, 'Startup Cost': 3393.62, 'Total Cost': 9830.51, 'Plan Rows': 1, 'Plan Width': 14, 'Disabled': False, 'Plans': [{'Node Type': 'Gather', 'Parent Relationship': 'Outer', 'Parallel Aware': False, 'Async Capable': False, 'Startup Cost': 3393.62, 'Total Cost': 9830.49, 'Plan Rows': 2, 'Plan Width': 14, 'Disabled': False, 'Workers Planned': 2, 'Single Copy': False, 'Plans': [{'Node Type': 'Aggregate', 'Strategy': 'Sorted', 'Partial Mode': 'Partial', 'Parent Relationship': 'Outer', 'Parallel Aware': False, 'Async Capable': False, 'Startup Cost': 2393.62, 'Total Cost': 8830.29, 'Plan Rows': 1, 'Plan Width': 14, 'Disabled': False, 'Plans': [{'Node Type': 'Hash Join', 'Parent Relationship': 'Outer', 'Parallel Aware': False, 'Async Capable': False, 'Join Type': 'Inner', 'Startup Cost': 2393.62, 'Total Cost': 8700.85, 'Plan Rows': 51771, 'Plan Width': 10, 'Disabled': False, 'Inner Unique': True, 'Hash Cond': '(a.patient_id = p.patient_id)', 'Plans': [{'Node Type': 'Seq Scan', 'Parent Relationship': 'Outer', 'Parallel Aware': True, 'Async Capable': False, 'Relation Name': 'appointments', 'Alias': 'a', 'Startup Cost': 0.0, 'Total Cost': 5760.33, 'Plan Rows': 208333, 'Plan Width': 8, 'Disabled': False}, {'Node Type': 'Hash', 'Parent Relationship': 'Inner', 'Parallel Aware': False, 'Async Capable': False, 'Startup Cost': 2083.0, 'Total Cost': 2083.0, 'Plan Rows': 24850, 'Plan Width': 10, 'Disabled': False, 'Plans': [{'Node Type': 'Seq Scan', 'Parent Relationship': 'Outer', 'Parallel Aware': False, 'Async Capable': False, 'Relation Name': 'patients', 'Alias': 'p', 'Startup Cost': 0.0, 'Total Cost': 2083.0, 'Plan Rows': 24850, 'Plan Width': 10, 'Disabled': False, 'Filter': ""((city)::text = 'Lucknow'::text)""}]}]}]}]}]}}",94.11689988337457
Q460,1,"SELECT *
            FROM patients
            WHERE age > 70;","{'Plan': {'Node Type': 'Seq Scan', 'Parallel Aware': False, 'Async Capable': False, 'Relation Name': 'patients', 'Alias': 'patients', 'Startup Cost': 0.0, 'Total Cost': 2083.0, 'Plan Rows': 15643, 'Plan Width': 32, 'Disabled': False, 'Filter': '(age > 70)'}}",28.21460017003119
Q461,3,"SELECT city, COUNT(*)
            FROM patients
            GROUP BY city;","{'Plan': {'Node Type': 'Aggregate', 'Strategy': 'Hashed', 'Partial Mode': 'Simple', 'Parallel Aware': False, 'Async Capable': False, 'Startup Cost': 2333.0, 'Total Cost': 2333.04, 'Plan Rows': 4, 'Plan Width': 14, 'Disabled': False, 'Group Key': ['city'], 'Planned Partitions': 0, 'Plans': [{'Node Type': 'Seq Scan', 'Parent Relationship': 'Outer', 'Parallel Aware': False, 'Async Capable': False, 'Relation Name': 'patients', 'Alias': 'patients', 'Startup Cost': 0.0, 'Total Cost': 1833.0, 'Plan Rows': 100000, 'Plan Width': 6, 'Disabled': False}]}}",21.78580011241138
Q462,4,"SELECT p.name, a.appointment_date
            FROM patients p
            JOIN appointments a
            ON p.patient_id = a.patient_id;","{'Plan': {'Node Type': 'Hash Join', 'Parallel Aware': False, 'Async Capable': False, 'Join Type': 'Inner', 'Startup Cost': 3083.0, 'Total Cost': 13072.56, 'Plan Rows': 500000, 'Plan Width': 17, 'Disabled': False, 'Inner Unique': True, 'Hash Cond': '(a.patient_id = p.patient_id)', 'Plans': [{'Node Type': 'Seq Scan', 'Parent Relationship': 'Outer', 'Parallel Aware': False, 'Async Capable': False, 'Relation Name': 'appointments', 'Alias': 'a', 'Startup Cost': 0.0, 'Total Cost': 8677.0, 'Plan Rows': 500000, 'Plan Width': 8, 'Disabled': False}, {'Node Type': 'Hash', 'Parent Relationship': 'Inner', 'Parallel Aware': False, 'Async Capable': False, 'Startup Cost': 1833.0, 'Total Cost': 1833.0, 'Plan Rows': 100000, 'Plan Width': 17, 'Disabled': False, 'Plans': [{'Node Type': 'Seq Scan', 'Parent Relationship': 'Outer', 'Parallel Aware': False, 'Async Capable': False, 'Relation Name': 'patients', 'Alias': 'p', 'Startup Cost': 0.0, 'Total Cost': 1833.0, 'Plan Rows': 100000, 'Plan Width': 17, 'Disabled': False}]}]}}",664.725499926135
Q463,1,"SELECT *
            FROM patients
            WHERE age > 26;","{'Plan': {'Node Type': 'Seq Scan', 'Parallel Aware': False, 'Async Capable': False, 'Relation Name': 'patients', 'Alias': 'patients', 'Startup Cost': 0.0, 'Total Cost': 2083.0, 'Plan Rows': 85630, 'Plan Width': 32, 'Disabled': False, 'Filter': '(age > 26)'}}",77.04030000604689
Q464,3,"SELECT city, COUNT(*)
            FROM patients
            GROUP BY city;","{'Plan': {'Node Type': 'Aggregate', 'Strategy': 'Hashed', 'Partial Mode': 'Simple', 'Parallel Aware': False, 'Async Capable': False, 'Startup Cost': 2333.0, 'Total Cost': 2333.04, 'Plan Rows': 4, 'Plan Width': 14, 'Disabled': False, 'Group Key': ['city'], 'Planned Partitions': 0, 'Plans': [{'Node Type': 'Seq Scan', 'Parent Relationship': 'Outer', 'Parallel Aware': False, 'Async Capable': False, 'Relation Name': 'patients', 'Alias': 'patients', 'Startup Cost': 0.0, 'Total Cost': 1833.0, 'Plan Rows': 100000, 'Plan Width': 6, 'Disabled': False}]}}",14.303599949926138
Q465,2,"SELECT *
            FROM patients
            WHERE city = 'Kanpur';","{'Plan': {'Node Type': 'Seq Scan', 'Parallel Aware': False, 'Async Capable': False, 'Relation Name': 'patients', 'Alias': 'patients', 'Startup Cost': 0.0, 'Total Cost': 2083.0, 'Plan Rows': 25197, 'Plan Width': 32, 'Disabled': False, 'Filter': ""((city)::text = 'Kanpur'::text)""}}",23.65499990992248
Q466,3,"SELECT city, COUNT(*)
            FROM patients
            GROUP BY city;","{'Plan': {'Node Type': 'Aggregate', 'Strategy': 'Hashed', 'Partial Mode': 'Simple', 'Parallel Aware': False, 'Async Capable': False, 'Startup Cost': 2333.0, 'Total Cost': 2333.04, 'Plan Rows': 4, 'Plan Width': 14, 'Disabled': False, 'Group Key': ['city'], 'Planned Partitions': 0, 'Plans': [{'Node Type': 'Seq Scan', 'Parent Relationship': 'Outer', 'Parallel Aware': False, 'Async Capable': False, 'Relation Name': 'patients', 'Alias': 'patients', 'Startup Cost': 0.0, 'Total Cost': 1833.0, 'Plan Rows': 100000, 'Plan Width': 6, 'Disabled': False}]}}",19.814299885183573
Q467,1,"SELECT *
            FROM patients
            WHERE age > 48;","{'Plan': {'Node Type': 'Seq Scan', 'Parallel Aware': False, 'Async Capable': False, 'Relation Name': 'patients', 'Alias': 'patients', 'Startup Cost': 0.0, 'Total Cost': 2083.0, 'Plan Rows': 50297, 'Plan Width': 32, 'Disabled': False, 'Filter': '(age > 48)'}}",70.203100098297
Q468,1,"SELECT *
            FROM patients
            WHERE age > 24;","{'Plan': {'Node Type': 'Seq Scan', 'Parallel Aware': False, 'Async Capable': False, 'Relation Name': 'patients', 'Alias': 'patients', 'Startup Cost': 0.0, 'Total Cost': 2083.0, 'Plan Rows': 88920, 'Plan Width': 32, 'Disabled': False, 'Filter': '(age > 24)'}}",101.52220004238188
Q469,2,"SELECT *
            FROM patients
            WHERE city = 'Mumbai';","{'Plan': {'Node Type': 'Seq Scan', 'Parallel Aware': False, 'Async Capable': False, 'Relation Name': 'patients', 'Alias': 'patients', 'Startup Cost': 0.0, 'Total Cost': 2083.0, 'Plan Rows': 25007, 'Plan Width': 32, 'Disabled': False, 'Filter': ""((city)::text = 'Mumbai'::text)""}}",23.976100143045187
Q470,4,"SELECT p.name, a.appointment_date
            FROM patients p
            JOIN appointments a
            ON p.patient_id = a.patient_id;","{'Plan': {'Node Type': 'Hash Join', 'Parallel Aware': False, 'Async Capable': False, 'Join Type': 'Inner', 'Startup Cost': 3083.0, 'Total Cost': 13072.56, 'Plan Rows': 500000, 'Plan Width': 17, 'Disabled': False, 'Inner Unique': True, 'Hash Cond': '(a.patient_id = p.patient_id)', 'Plans': [{'Node Type': 'Seq Scan', 'Parent Relationship': 'Outer', 'Parallel Aware': False, 'Async Capable': False, 'Relation Name': 'appointments', 'Alias': 'a', 'Startup Cost': 0.0, 'Total Cost': 8677.0, 'Plan Rows': 500000, 'Plan Width': 8, 'Disabled': False}, {'Node Type': 'Hash', 'Parent Relationship': 'Inner', 'Parallel Aware': False, 'Async Capable': False, 'Startup Cost': 1833.0, 'Total Cost': 1833.0, 'Plan Rows': 100000, 'Plan Width': 17, 'Disabled': False, 'Plans': [{'Node Type': 'Seq Scan', 'Parent Relationship': 'Outer', 'Parallel Aware': False, 'Async Capable': False, 'Relation Name': 'patients', 'Alias': 'p', 'Startup Cost': 0.0, 'Total Cost': 1833.0, 'Plan Rows': 100000, 'Plan Width': 17, 'Disabled': False}]}]}}",647.1180999651551
Q471,2,"SELECT *
            FROM patients
            WHERE city = 'Mumbai';","{'Plan': {'Node Type': 'Seq Scan', 'Parallel Aware': False, 'Async Capable': False, 'Relation Name': 'patients', 'Alias': 'patients', 'Startup Cost': 0.0, 'Total Cost': 2083.0, 'Plan Rows': 25007, 'Plan Width': 32, 'Disabled': False, 'Filter': ""((city)::text = 'Mumbai'::text)""}}",32.70219988189638
Q472,4,"SELECT p.name, a.appointment_date
            FROM patients p
            JOIN appointments a
            ON p.patient_id = a.patient_id;","{'Plan': {'Node Type': 'Hash Join', 'Parallel Aware': False, 'Async Capable': False, 'Join Type': 'Inner', 'Startup Cost': 3083.0, 'Total Cost': 13072.56, 'Plan Rows': 500000, 'Plan Width': 17, 'Disabled': False, 'Inner Unique': True, 'Hash Cond': '(a.patient_id = p.patient_id)', 'Plans': [{'Node Type': 'Seq Scan', 'Parent Relationship': 'Outer', 'Parallel Aware': False, 'Async Capable': False, 'Relation Name': 'appointments', 'Alias': 'a', 'Startup Cost': 0.0, 'Total Cost': 8677.0, 'Plan Rows': 500000, 'Plan Width': 8, 'Disabled': False}, {'Node Type': 'Hash', 'Parent Relationship': 'Inner', 'Parallel Aware': False, 'Async Capable': False, 'Startup Cost': 1833.0, 'Total Cost': 1833.0, 'Plan Rows': 100000, 'Plan Width': 17, 'Disabled': False, 'Plans': [{'Node Type': 'Seq Scan', 'Parent Relationship': 'Outer', 'Parallel Aware': False, 'Async Capable': False, 'Relation Name': 'patients', 'Alias': 'p', 'Startup Cost': 0.0, 'Total Cost': 1833.0, 'Plan Rows': 100000, 'Plan Width': 17, 'Disabled': False}]}]}}",657.9581999685615
Q473,1,"SELECT *
            FROM patients
            WHERE age > 57;","{'Plan': {'Node Type': 'Seq Scan', 'Parallel Aware': False, 'Async Capable': False, 'Relation Name': 'patients', 'Alias': 'patients', 'Startup Cost': 0.0, 'Total Cost': 2083.0, 'Plan Rows': 36047, 'Plan Width': 32, 'Disabled': False, 'Filter': '(age > 57)'}}",48.93640009686351
Q474,2,"SELECT *
            FROM patients
            WHERE city = 'Lucknow';","{'Plan': {'Node Type': 'Seq Scan', 'Parallel Aware': False, 'Async Capable': False, 'Relation Name': 'patients', 'Alias': 'patients', 'Startup Cost': 0.0, 'Total Cost': 2083.0, 'Plan Rows': 24850, 'Plan Width': 32, 'Disabled': False, 'Filter': ""((city)::text = 'Lucknow'::text)""}}",23.751699831336737
Q475,1,"SELECT *
            FROM patients
            WHERE age > 64;","{'Plan': {'Node Type': 'Seq Scan', 'Parallel Aware': False, 'Async Capable': False, 'Relation Name': 'patients', 'Alias': 'patients', 'Startup Cost': 0.0, 'Total Cost': 2083.0, 'Plan Rows': 25233, 'Plan Width': 32, 'Disabled': False, 'Filter': '(age > 64)'}}",22.92269980534911
Q476,1,"SELECT *
            FROM patients
            WHERE age > 55;","{'Plan': {'Node Type': 'Seq Scan', 'Parallel Aware': False, 'Async Capable': False, 'Relation Name': 'patients', 'Alias': 'patients', 'Startup Cost': 0.0, 'Total Cost': 2083.0, 'Plan Rows': 39067, 'Plan Width': 32, 'Disabled': False, 'Filter': '(age > 55)'}}",51.70030007138848
Q477,4,"SELECT p.name, a.appointment_date
            FROM patients p
            JOIN appointments a
            ON p.patient_id = a.patient_id;","{'Plan': {'Node Type': 'Hash Join', 'Parallel Aware': False, 'Async Capable': False, 'Join Type': 'Inner', 'Startup Cost': 3083.0, 'Total Cost': 13072.56, 'Plan Rows': 500000, 'Plan Width': 17, 'Disabled': False, 'Inner Unique': True, 'Hash Cond': '(a.patient_id = p.patient_id)', 'Plans': [{'Node Type': 'Seq Scan', 'Parent Relationship': 'Outer', 'Parallel Aware': False, 'Async Capable': False, 'Relation Name': 'appointments', 'Alias': 'a', 'Startup Cost': 0.0, 'Total Cost': 8677.0, 'Plan Rows': 500000, 'Plan Width': 8, 'Disabled': False}, {'Node Type': 'Hash', 'Parent Relationship': 'Inner', 'Parallel Aware': False, 'Async Capable': False, 'Startup Cost': 1833.0, 'Total Cost': 1833.0, 'Plan Rows': 100000, 'Plan Width': 17, 'Disabled': False, 'Plans': [{'Node Type': 'Seq Scan', 'Parent Relationship': 'Outer', 'Parallel Aware': False, 'Async Capable': False, 'Relation Name': 'patients', 'Alias': 'p', 'Startup Cost': 0.0, 'Total Cost': 1833.0, 'Plan Rows': 100000, 'Plan Width': 17, 'Disabled': False}]}]}}",642.6529998425394
Q478,4,"SELECT p.name, a.appointment_date
            FROM patients p
            JOIN appointments a
            ON p.patient_id = a.patient_id;","{'Plan': {'Node Type': 'Hash Join', 'Parallel Aware': False, 'Async Capable': False, 'Join Type': 'Inner', 'Startup Cost': 3083.0, 'Total Cost': 13072.56, 'Plan Rows': 500000, 'Plan Width': 17, 'Disabled': False, 'Inner Unique': True, 'Hash Cond': '(a.patient_id = p.patient_id)', 'Plans': [{'Node Type': 'Seq Scan', 'Parent Relationship': 'Outer', 'Parallel Aware': False, 'Async Capable': False, 'Relation Name': 'appointments', 'Alias': 'a', 'Startup Cost': 0.0, 'Total Cost': 8677.0, 'Plan Rows': 500000, 'Plan Width': 8, 'Disabled': False}, {'Node Type': 'Hash', 'Parent Relationship': 'Inner', 'Parallel Aware': False, 'Async Capable': False, 'Startup Cost': 1833.0, 'Total Cost': 1833.0, 'Plan Rows': 100000, 'Plan Width': 17, 'Disabled': False, 'Plans': [{'Node Type': 'Seq Scan', 'Parent Relationship': 'Outer', 'Parallel Aware': False, 'Async Capable': False, 'Relation Name': 'patients', 'Alias': 'p', 'Startup Cost': 0.0, 'Total Cost': 1833.0, 'Plan Rows': 100000, 'Plan Width': 17, 'Disabled': False}]}]}}",633.2298000343144
Q479,5,"SELECT p.city, COUNT(a.appointment_id)
            FROM patients p
            JOIN appointments a
            ON p.patient_id = a.patient_id
            WHERE p.city = 'Delhi'
            GROUP BY p.city;","{'Plan': {'Node Type': 'Aggregate', 'Strategy': 'Sorted', 'Partial Mode': 'Finalize', 'Parallel Aware': False, 'Async Capable': False, 'Startup Cost': 3394.84, 'Total Cost': 9832.22, 'Plan Rows': 1, 'Plan Width': 14, 'Disabled': False, 'Plans': [{'Node Type': 'Gather', 'Parent Relationship': 'Outer', 'Parallel Aware': False, 'Async Capable': False, 'Startup Cost': 3394.84, 'Total Cost': 9832.21, 'Plan Rows': 2, 'Plan Width': 14, 'Disabled': False, 'Workers Planned': 2, 'Single Copy': False, 'Plans': [{'Node Type': 'Aggregate', 'Strategy': 'Sorted', 'Partial Mode': 'Partial', 'Parent Relationship': 'Outer', 'Parallel Aware': False, 'Async Capable': False, 'Startup Cost': 2394.84, 'Total Cost': 8832.01, 'Plan Rows': 1, 'Plan Width': 14, 'Disabled': False, 'Plans': [{'Node Type': 'Hash Join', 'Parent Relationship': 'Outer', 'Parallel Aware': False, 'Async Capable': False, 'Join Type': 'Inner', 'Startup Cost': 2394.84, 'Total Cost': 8702.07, 'Plan Rows': 51973, 'Plan Width': 10, 'Disabled': False, 'Inner Unique': True, 'Hash Cond': '(a.patient_id = p.patient_id)', 'Plans': [{'Node Type': 'Seq Scan', 'Parent Relationship': 'Outer', 'Parallel Aware': True, 'Async Capable': False, 'Relation Name': 'appointments', 'Alias': 'a', 'Startup Cost': 0.0, 'Total Cost': 5760.33, 'Plan Rows': 208333, 'Plan Width': 8, 'Disabled': False}, {'Node Type': 'Hash', 'Parent Relationship': 'Inner', 'Parallel Aware': False, 'Async Capable': False, 'Startup Cost': 2083.0, 'Total Cost': 2083.0, 'Plan Rows': 24947, 'Plan Width': 10, 'Disabled': False, 'Plans': [{'Node Type': 'Seq Scan', 'Parent Relationship': 'Outer', 'Parallel Aware': False, 'Async Capable': False, 'Relation Name': 'patients', 'Alias': 'p', 'Startup Cost': 0.0, 'Total Cost': 2083.0, 'Plan Rows': 24947, 'Plan Width': 10, 'Disabled': False, 'Filter': ""((city)::text = 'Delhi'::text)""}]}]}]}]}]}}",112.70259995944798
Q480,1,"SELECT *
            FROM patients
            WHERE age > 37;","{'Plan': {'Node Type': 'Seq Scan', 'Parallel Aware': False, 'Async Capable': False, 'Relation Name': 'patients', 'Alias': 'patients', 'Startup Cost': 0.0, 'Total Cost': 2083.0, 'Plan Rows': 68290, 'Plan Width': 32, 'Disabled': False, 'Filter': '(age > 37)'}}",77.33349991030991
Q481,1,"SELECT *
            FROM patients
            WHERE age > 50;","{'Plan': {'Node Type': 'Seq Scan', 'Parallel Aware': False, 'Async Capable': False, 'Relation Name': 'patients', 'Alias': 'patients', 'Startup Cost': 0.0, 'Total Cost': 2083.0, 'Plan Rows': 47137, 'Plan Width': 32, 'Disabled': False, 'Filter': '(age > 50)'}}",41.97730007581413
Q482,2,"SELECT *
            FROM patients
            WHERE city = 'Delhi';","{'Plan': {'Node Type': 'Seq Scan', 'Parallel Aware': False, 'Async Capable': False, 'Relation Name': 'patients', 'Alias': 'patients', 'Startup Cost': 0.0, 'Total Cost': 2083.0, 'Plan Rows': 24947, 'Plan Width': 32, 'Disabled': False, 'Filter': ""((city)::text = 'Delhi'::text)""}}",19.338899990543723
Q483,4,"SELECT p.name, a.appointment_date
            FROM patients p
            JOIN appointments a
            ON p.patient_id = a.patient_id;","{'Plan': {'Node Type': 'Hash Join', 'Parallel Aware': False, 'Async Capable': False, 'Join Type': 'Inner', 'Startup Cost': 3083.0, 'Total Cost': 13072.56, 'Plan Rows': 500000, 'Plan Width': 17, 'Disabled': False, 'Inner Unique': True, 'Hash Cond': '(a.patient_id = p.patient_id)', 'Plans': [{'Node Type': 'Seq Scan', 'Parent Relationship': 'Outer', 'Parallel Aware': False, 'Async Capable': False, 'Relation Name': 'appointments', 'Alias': 'a', 'Startup Cost': 0.0, 'Total Cost': 8677.0, 'Plan Rows': 500000, 'Plan Width': 8, 'Disabled': False}, {'Node Type': 'Hash', 'Parent Relationship': 'Inner', 'Parallel Aware': False, 'Async Capable': False, 'Startup Cost': 1833.0, 'Total Cost': 1833.0, 'Plan Rows': 100000, 'Plan Width': 17, 'Disabled': False, 'Plans': [{'Node Type': 'Seq Scan', 'Parent Relationship': 'Outer', 'Parallel Aware': False, 'Async Capable': False, 'Relation Name': 'patients', 'Alias': 'p', 'Startup Cost': 0.0, 'Total Cost': 1833.0, 'Plan Rows': 100000, 'Plan Width': 17, 'Disabled': False}]}]}}",607.7014000620693
Q484,5,"SELECT p.city, COUNT(a.appointment_id)
            FROM patients p
            JOIN appointments a
            ON p.patient_id = a.patient_id
            WHERE p.city = 'Kanpur'
            GROUP BY p.city;","{'Plan': {'Node Type': 'Aggregate', 'Strategy': 'Sorted', 'Partial Mode': 'Finalize', 'Parallel Aware': False, 'Async Capable': False, 'Startup Cost': 3397.96, 'Total Cost': 9836.65, 'Plan Rows': 1, 'Plan Width': 14, 'Disabled': False, 'Plans': [{'Node Type': 'Gather', 'Parent Relationship': 'Outer', 'Parallel Aware': False, 'Async Capable': False, 'Startup Cost': 3397.96, 'Total Cost': 9836.64, 'Plan Rows': 2, 'Plan Width': 14, 'Disabled': False, 'Workers Planned': 2, 'Single Copy': False, 'Plans': [{'Node Type': 'Aggregate', 'Strategy': 'Sorted', 'Partial Mode': 'Partial', 'Parent Relationship': 'Outer', 'Parallel Aware': False, 'Async Capable': False, 'Startup Cost': 2397.96, 'Total Cost': 8836.44, 'Plan Rows': 1, 'Plan Width': 14, 'Disabled': False, 'Plans': [{'Node Type': 'Hash Join', 'Parent Relationship': 'Outer', 'Parallel Aware': False, 'Async Capable': False, 'Join Type': 'Inner', 'Startup Cost': 2397.96, 'Total Cost': 8705.19, 'Plan Rows': 52494, 'Plan Width': 10, 'Disabled': False, 'Inner Unique': True, 'Hash Cond': '(a.patient_id = p.patient_id)', 'Plans': [{'Node Type': 'Seq Scan', 'Parent Relationship': 'Outer', 'Parallel Aware': True, 'Async Capable': False, 'Relation Name': 'appointments', 'Alias': 'a', 'Startup Cost': 0.0, 'Total Cost': 5760.33, 'Plan Rows': 208333, 'Plan Width': 8, 'Disabled': False}, {'Node Type': 'Hash', 'Parent Relationship': 'Inner', 'Parallel Aware': False, 'Async Capable': False, 'Startup Cost': 2083.0, 'Total Cost': 2083.0, 'Plan Rows': 25197, 'Plan Width': 10, 'Disabled': False, 'Plans': [{'Node Type': 'Seq Scan', 'Parent Relationship': 'Outer', 'Parallel Aware': False, 'Async Capable': False, 'Relation Name': 'patients', 'Alias': 'p', 'Startup Cost': 0.0, 'Total Cost': 2083.0, 'Plan Rows': 25197, 'Plan Width': 10, 'Disabled': False, 'Filter': ""((city)::text = 'Kanpur'::text)""}]}]}]}]}]}}",90.29829991050065
Q485,1,"SELECT *
            FROM patients
            WHERE age > 40;","{'Plan': {'Node Type': 'Seq Scan', 'Parallel Aware': False, 'Async Capable': False, 'Relation Name': 'patients', 'Alias': 'patients', 'Startup Cost': 0.0, 'Total Cost': 2083.0, 'Plan Rows': 63643, 'Plan Width': 32, 'Disabled': False, 'Filter': '(age > 40)'}}",76.454299967736
Q486,5,"SELECT p.city, COUNT(a.appointment_id)
            FROM patients p
            JOIN appointments a
            ON p.patient_id = a.patient_id
            WHERE p.city = 'Delhi'
            GROUP BY p.city;","{'Plan': {'Node Type': 'Aggregate', 'Strategy': 'Sorted', 'Partial Mode': 'Finalize', 'Parallel Aware': False, 'Async Capable': False, 'Startup Cost': 3394.84, 'Total Cost': 9832.22, 'Plan Rows': 1, 'Plan Width': 14, 'Disabled': False, 'Plans': [{'Node Type': 'Gather', 'Parent Relationship': 'Outer', 'Parallel Aware': False, 'Async Capable': False, 'Startup Cost': 3394.84, 'Total Cost': 9832.21, 'Plan Rows': 2, 'Plan Width': 14, 'Disabled': False, 'Workers Planned': 2, 'Single Copy': False, 'Plans': [{'Node Type': 'Aggregate', 'Strategy': 'Sorted', 'Partial Mode': 'Partial', 'Parent Relationship': 'Outer', 'Parallel Aware': False, 'Async Capable': False, 'Startup Cost': 2394.84, 'Total Cost': 8832.01, 'Plan Rows': 1, 'Plan Width': 14, 'Disabled': False, 'Plans': [{'Node Type': 'Hash Join', 'Parent Relationship': 'Outer', 'Parallel Aware': False, 'Async Capable': False, 'Join Type': 'Inner', 'Startup Cost': 2394.84, 'Total Cost': 8702.07, 'Plan Rows': 51973, 'Plan Width': 10, 'Disabled': False, 'Inner Unique': True, 'Hash Cond': '(a.patient_id = p.patient_id)', 'Plans': [{'Node Type': 'Seq Scan', 'Parent Relationship': 'Outer', 'Parallel Aware': True, 'Async Capable': False, 'Relation Name': 'appointments', 'Alias': 'a', 'Startup Cost': 0.0, 'Total Cost': 5760.33, 'Plan Rows': 208333, 'Plan Width': 8, 'Disabled': False}, {'Node Type': 'Hash', 'Parent Relationship': 'Inner', 'Parallel Aware': False, 'Async Capable': False, 'Startup Cost': 2083.0, 'Total Cost': 2083.0, 'Plan Rows': 24947, 'Plan Width': 10, 'Disabled': False, 'Plans': [{'Node Type': 'Seq Scan', 'Parent Relationship': 'Outer', 'Parallel Aware': False, 'Async Capable': False, 'Relation Name': 'patients', 'Alias': 'p', 'Startup Cost': 0.0, 'Total Cost': 2083.0, 'Plan Rows': 24947, 'Plan Width': 10, 'Disabled': False, 'Filter': ""((city)::text = 'Delhi'::text)""}]}]}]}]}]}}",77.88420002907515
Q487,3,"SELECT city, COUNT(*)
            FROM patients
            GROUP BY city;","{'Plan': {'Node Type': 'Aggregate', 'Strategy': 'Hashed', 'Partial Mode': 'Simple', 'Parallel Aware': False, 'Async Capable': False, 'Startup Cost': 2333.0, 'Total Cost': 2333.04, 'Plan Rows': 4, 'Plan Width': 14, 'Disabled': False, 'Group Key': ['city'], 'Planned Partitions': 0, 'Plans': [{'Node Type': 'Seq Scan', 'Parent Relationship': 'Outer', 'Parallel Aware': False, 'Async Capable': False, 'Relation Name': 'patients', 'Alias': 'patients', 'Startup Cost': 0.0, 'Total Cost': 1833.0, 'Plan Rows': 100000, 'Plan Width': 6, 'Disabled': False}]}}",19.78430012241006
Q488,4,"SELECT p.name, a.appointment_date
            FROM patients p
            JOIN appointments a
            ON p.patient_id = a.patient_id;","{'Plan': {'Node Type': 'Hash Join', 'Parallel Aware': False, 'Async Capable': False, 'Join Type': 'Inner', 'Startup Cost': 3083.0, 'Total Cost': 13072.56, 'Plan Rows': 500000, 'Plan Width': 17, 'Disabled': False, 'Inner Unique': True, 'Hash Cond': '(a.patient_id = p.patient_id)', 'Plans': [{'Node Type': 'Seq Scan', 'Parent Relationship': 'Outer', 'Parallel Aware': False, 'Async Capable': False, 'Relation Name': 'appointments', 'Alias': 'a', 'Startup Cost': 0.0, 'Total Cost': 8677.0, 'Plan Rows': 500000, 'Plan Width': 8, 'Disabled': False}, {'Node Type': 'Hash', 'Parent Relationship': 'Inner', 'Parallel Aware': False, 'Async Capable': False, 'Startup Cost': 1833.0, 'Total Cost': 1833.0, 'Plan Rows': 100000, 'Plan Width': 17, 'Disabled': False, 'Plans': [{'Node Type': 'Seq Scan', 'Parent Relationship': 'Outer', 'Parallel Aware': False, 'Async Capable': False, 'Relation Name': 'patients', 'Alias': 'p', 'Startup Cost': 0.0, 'Total Cost': 1833.0, 'Plan Rows': 100000, 'Plan Width': 17, 'Disabled': False}]}]}}",615.4851000756025
Q489,1,"SELECT *
            FROM patients
            WHERE age > 28;","{'Plan': {'Node Type': 'Seq Scan', 'Parallel Aware': False, 'Async Capable': False, 'Relation Name': 'patients', 'Alias': 'patients', 'Startup Cost': 0.0, 'Total Cost': 2083.0, 'Plan Rows': 82527, 'Plan Width': 32, 'Disabled': False, 'Filter': '(age > 28)'}}",76.23640005476773
Q490,2,"SELECT *
            FROM patients
            WHERE city = 'Lucknow';","{'Plan': {'Node Type': 'Seq Scan', 'Parallel Aware': False, 'Async Capable': False, 'Relation Name': 'patients', 'Alias': 'patients', 'Startup Cost': 0.0, 'Total Cost': 2083.0, 'Plan Rows': 24850, 'Plan Width': 32, 'Disabled': False, 'Filter': ""((city)::text = 'Lucknow'::text)""}}",27.55029988475144
Q491,3,"SELECT city, COUNT(*)
            FROM patients
            GROUP BY city;","{'Plan': {'Node Type': 'Aggregate', 'Strategy': 'Hashed', 'Partial Mode': 'Simple', 'Parallel Aware': False, 'Async Capable': False, 'Startup Cost': 2333.0, 'Total Cost': 2333.04, 'Plan Rows': 4, 'Plan Width': 14, 'Disabled': False, 'Group Key': ['city'], 'Planned Partitions': 0, 'Plans': [{'Node Type': 'Seq Scan', 'Parent Relationship': 'Outer', 'Parallel Aware': False, 'Async Capable': False, 'Relation Name': 'patients', 'Alias': 'patients', 'Startup Cost': 0.0, 'Total Cost': 1833.0, 'Plan Rows': 100000, 'Plan Width': 6, 'Disabled': False}]}}",14.189299894496799
Q492,3,"SELECT city, COUNT(*)
            FROM patients
            GROUP BY city;","{'Plan': {'Node Type': 'Aggregate', 'Strategy': 'Hashed', 'Partial Mode': 'Simple', 'Parallel Aware': False, 'Async Capable': False, 'Startup Cost': 2333.0, 'Total Cost': 2333.04, 'Plan Rows': 4, 'Plan Width': 14, 'Disabled': False, 'Group Key': ['city'], 'Planned Partitions': 0, 'Plans': [{'Node Type': 'Seq Scan', 'Parent Relationship': 'Outer', 'Parallel Aware': False, 'Async Capable': False, 'Relation Name': 'patients', 'Alias': 'patients', 'Startup Cost': 0.0, 'Total Cost': 1833.0, 'Plan Rows': 100000, 'Plan Width': 6, 'Disabled': False}]}}",25.428999913856387
Q493,3,"SELECT city, COUNT(*)
            FROM patients
            GROUP BY city;","{'Plan': {'Node Type': 'Aggregate', 'Strategy': 'Hashed', 'Partial Mode': 'Simple', 'Parallel Aware': False, 'Async Capable': False, 'Startup Cost': 2333.0, 'Total Cost': 2333.04, 'Plan Rows': 4, 'Plan Width': 14, 'Disabled': False, 'Group Key': ['city'], 'Planned Partitions': 0, 'Plans': [{'Node Type': 'Seq Scan', 'Parent Relationship': 'Outer', 'Parallel Aware': False, 'Async Capable': False, 'Relation Name': 'patients', 'Alias': 'patients', 'Startup Cost': 0.0, 'Total Cost': 1833.0, 'Plan Rows': 100000, 'Plan Width': 6, 'Disabled': False}]}}",21.909800125285983
Q494,4,"SELECT p.name, a.appointment_date
            FROM patients p
            JOIN appointments a
            ON p.patient_id = a.patient_id;","{'Plan': {'Node Type': 'Hash Join', 'Parallel Aware': False, 'Async Capable': False, 'Join Type': 'Inner', 'Startup Cost': 3083.0, 'Total Cost': 13072.56, 'Plan Rows': 500000, 'Plan Width': 17, 'Disabled': False, 'Inner Unique': True, 'Hash Cond': '(a.patient_id = p.patient_id)', 'Plans': [{'Node Type': 'Seq Scan', 'Parent Relationship': 'Outer', 'Parallel Aware': False, 'Async Capable': False, 'Relation Name': 'appointments', 'Alias': 'a', 'Startup Cost': 0.0, 'Total Cost': 8677.0, 'Plan Rows': 500000, 'Plan Width': 8, 'Disabled': False}, {'Node Type': 'Hash', 'Parent Relationship': 'Inner', 'Parallel Aware': False, 'Async Capable': False, 'Startup Cost': 1833.0, 'Total Cost': 1833.0, 'Plan Rows': 100000, 'Plan Width': 17, 'Disabled': False, 'Plans': [{'Node Type': 'Seq Scan', 'Parent Relationship': 'Outer', 'Parallel Aware': False, 'Async Capable': False, 'Relation Name': 'patients', 'Alias': 'p', 'Startup Cost': 0.0, 'Total Cost': 1833.0, 'Plan Rows': 100000, 'Plan Width': 17, 'Disabled': False}]}]}}",672.6635999511927
Q495,1,"SELECT *
            FROM patients
            WHERE age > 70;","{'Plan': {'Node Type': 'Seq Scan', 'Parallel Aware': False, 'Async Capable': False, 'Relation Name': 'patients', 'Alias': 'patients', 'Startup Cost': 0.0, 'Total Cost': 2083.0, 'Plan Rows': 15643, 'Plan Width': 32, 'Disabled': False, 'Filter': '(age > 70)'}}",26.0152998380363
Q496,2,"SELECT *
            FROM patients
            WHERE city = 'Delhi';","{'Plan': {'Node Type': 'Seq Scan', 'Parallel Aware': False, 'Async Capable': False, 'Relation Name': 'patients', 'Alias': 'patients', 'Startup Cost': 0.0, 'Total Cost': 2083.0, 'Plan Rows': 24947, 'Plan Width': 32, 'Disabled': False, 'Filter': ""((city)::text = 'Delhi'::text)""}}",21.036599995568395
Q497,4,"SELECT p.name, a.appointment_date
            FROM patients p
            JOIN appointments a
            ON p.patient_id = a.patient_id;","{'Plan': {'Node Type': 'Hash Join', 'Parallel Aware': False, 'Async Capable': False, 'Join Type': 'Inner', 'Startup Cost': 3083.0, 'Total Cost': 13072.56, 'Plan Rows': 500000, 'Plan Width': 17, 'Disabled': False, 'Inner Unique': True, 'Hash Cond': '(a.patient_id = p.patient_id)', 'Plans': [{'Node Type': 'Seq Scan', 'Parent Relationship': 'Outer', 'Parallel Aware': False, 'Async Capable': False, 'Relation Name': 'appointments', 'Alias': 'a', 'Startup Cost': 0.0, 'Total Cost': 8677.0, 'Plan Rows': 500000, 'Plan Width': 8, 'Disabled': False}, {'Node Type': 'Hash', 'Parent Relationship': 'Inner', 'Parallel Aware': False, 'Async Capable': False, 'Startup Cost': 1833.0, 'Total Cost': 1833.0, 'Plan Rows': 100000, 'Plan Width': 17, 'Disabled': False, 'Plans': [{'Node Type': 'Seq Scan', 'Parent Relationship': 'Outer', 'Parallel Aware': False, 'Async Capable': False, 'Relation Name': 'patients', 'Alias': 'p', 'Startup Cost': 0.0, 'Total Cost': 1833.0, 'Plan Rows': 100000, 'Plan Width': 17, 'Disabled': False}]}]}}",658.4687000140548
Q498,4,"SELECT p.name, a.appointment_date
            FROM patients p
            JOIN appointments a
            ON p.patient_id = a.patient_id;","{'Plan': {'Node Type': 'Hash Join', 'Parallel Aware': False, 'Async Capable': False, 'Join Type': 'Inner', 'Startup Cost': 3083.0, 'Total Cost': 13072.56, 'Plan Rows': 500000, 'Plan Width': 17, 'Disabled': False, 'Inner Unique': True, 'Hash Cond': '(a.patient_id = p.patient_id)', 'Plans': [{'Node Type': 'Seq Scan', 'Parent Relationship': 'Outer', 'Parallel Aware': False, 'Async Capable': False, 'Relation Name': 'appointments', 'Alias': 'a', 'Startup Cost': 0.0, 'Total Cost': 8677.0, 'Plan Rows': 500000, 'Plan Width': 8, 'Disabled': False}, {'Node Type': 'Hash', 'Parent Relationship': 'Inner', 'Parallel Aware': False, 'Async Capable': False, 'Startup Cost': 1833.0, 'Total Cost': 1833.0, 'Plan Rows': 100000, 'Plan Width': 17, 'Disabled': False, 'Plans': [{'Node Type': 'Seq Scan', 'Parent Relationship': 'Outer', 'Parallel Aware': False, 'Async Capable': False, 'Relation Name': 'patients', 'Alias': 'p', 'Startup Cost': 0.0, 'Total Cost': 1833.0, 'Plan Rows': 100000, 'Plan Width': 17, 'Disabled': False}]}]}}",681.0924999881536
Q499,4,"SELECT p.name, a.appointment_date
            FROM patients p
            JOIN appointments a
            ON p.patient_id = a.patient_id;","{'Plan': {'Node Type': 'Hash Join', 'Parallel Aware': False, 'Async Capable': False, 'Join Type': 'Inner', 'Startup Cost': 3083.0, 'Total Cost': 13072.56, 'Plan Rows': 500000, 'Plan Width': 17, 'Disabled': False, 'Inner Unique': True, 'Hash Cond': '(a.patient_id = p.patient_id)', 'Plans': [{'Node Type': 'Seq Scan', 'Parent Relationship': 'Outer', 'Parallel Aware': False, 'Async Capable': False, 'Relation Name': 'appointments', 'Alias': 'a', 'Startup Cost': 0.0, 'Total Cost': 8677.0, 'Plan Rows': 500000, 'Plan Width': 8, 'Disabled': False}, {'Node Type': 'Hash', 'Parent Relationship': 'Inner', 'Parallel Aware': False, 'Async Capable': False, 'Startup Cost': 1833.0, 'Total Cost': 1833.0, 'Plan Rows': 100000, 'Plan Width': 17, 'Disabled': False, 'Plans': [{'Node Type': 'Seq Scan', 'Parent Relationship': 'Outer', 'Parallel Aware': False, 'Async Capable': False, 'Relation Name': 'patients', 'Alias': 'p', 'Startup Cost': 0.0, 'Total Cost': 1833.0, 'Plan Rows': 100000, 'Plan Width': 17, 'Disabled': False}]}]}}",628.59410000965
Q500,1,"SELECT *
            FROM patients
            WHERE age > 21;","{'Plan': {'Node Type': 'Seq Scan', 'Parallel Aware': False, 'Async Capable': False, 'Relation Name': 'patients', 'Alias': 'patients', 'Startup Cost': 0.0, 'Total Cost': 2083.0, 'Plan Rows': 93623, 'Plan Width': 32, 'Disabled': False, 'Filter': '(age > 21)'}}",85.16450016759336
Q501,1,"SELECT *
            FROM patients
            WHERE age > 42;","{'Plan': {'Node Type': 'Seq Scan', 'Parallel Aware': False, 'Async Capable': False, 'Relation Name': 'patients', 'Alias': 'patients', 'Startup Cost': 0.0, 'Total Cost': 2083.0, 'Plan Rows': 60267, 'Plan Width': 32, 'Disabled': False, 'Filter': '(age > 42)'}}",49.792799865826964
Q502,3,"SELECT city, COUNT(*)
            FROM patients
            GROUP BY city;","{'Plan': {'Node Type': 'Aggregate', 'Strategy': 'Hashed', 'Partial Mode': 'Simple', 'Parallel Aware': False, 'Async Capable': False, 'Startup Cost': 2333.0, 'Total Cost': 2333.04, 'Plan Rows': 4, 'Plan Width': 14, 'Disabled': False, 'Group Key': ['city'], 'Planned Partitions': 0, 'Plans': [{'Node Type': 'Seq Scan', 'Parent Relationship': 'Outer', 'Parallel Aware': False, 'Async Capable': False, 'Relation Name': 'patients', 'Alias': 'patients', 'Startup Cost': 0.0, 'Total Cost': 1833.0, 'Plan Rows': 100000, 'Plan Width': 6, 'Disabled': False}]}}",13.378800125792623
Q503,4,"SELECT p.name, a.appointment_date
            FROM patients p
            JOIN appointments a
            ON p.patient_id = a.patient_id;","{'Plan': {'Node Type': 'Hash Join', 'Parallel Aware': False, 'Async Capable': False, 'Join Type': 'Inner', 'Startup Cost': 3083.0, 'Total Cost': 13072.56, 'Plan Rows': 500000, 'Plan Width': 17, 'Disabled': False, 'Inner Unique': True, 'Hash Cond': '(a.patient_id = p.patient_id)', 'Plans': [{'Node Type': 'Seq Scan', 'Parent Relationship': 'Outer', 'Parallel Aware': False, 'Async Capable': False, 'Relation Name': 'appointments', 'Alias': 'a', 'Startup Cost': 0.0, 'Total Cost': 8677.0, 'Plan Rows': 500000, 'Plan Width': 8, 'Disabled': False}, {'Node Type': 'Hash', 'Parent Relationship': 'Inner', 'Parallel Aware': False, 'Async Capable': False, 'Startup Cost': 1833.0, 'Total Cost': 1833.0, 'Plan Rows': 100000, 'Plan Width': 17, 'Disabled': False, 'Plans': [{'Node Type': 'Seq Scan', 'Parent Relationship': 'Outer', 'Parallel Aware': False, 'Async Capable': False, 'Relation Name': 'patients', 'Alias': 'p', 'Startup Cost': 0.0, 'Total Cost': 1833.0, 'Plan Rows': 100000, 'Plan Width': 17, 'Disabled': False}]}]}}",668.6124999541789
Q504,4,"SELECT p.name, a.appointment_date
            FROM patients p
            JOIN appointments a
            ON p.patient_id = a.patient_id;","{'Plan': {'Node Type': 'Hash Join', 'Parallel Aware': False, 'Async Capable': False, 'Join Type': 'Inner', 'Startup Cost': 3083.0, 'Total Cost': 13072.56, 'Plan Rows': 500000, 'Plan Width': 17, 'Disabled': False, 'Inner Unique': True, 'Hash Cond': '(a.patient_id = p.patient_id)', 'Plans': [{'Node Type': 'Seq Scan', 'Parent Relationship': 'Outer', 'Parallel Aware': False, 'Async Capable': False, 'Relation Name': 'appointments', 'Alias': 'a', 'Startup Cost': 0.0, 'Total Cost': 8677.0, 'Plan Rows': 500000, 'Plan Width': 8, 'Disabled': False}, {'Node Type': 'Hash', 'Parent Relationship': 'Inner', 'Parallel Aware': False, 'Async Capable': False, 'Startup Cost': 1833.0, 'Total Cost': 1833.0, 'Plan Rows': 100000, 'Plan Width': 17, 'Disabled': False, 'Plans': [{'Node Type': 'Seq Scan', 'Parent Relationship': 'Outer', 'Parallel Aware': False, 'Async Capable': False, 'Relation Name': 'patients', 'Alias': 'p', 'Startup Cost': 0.0, 'Total Cost': 1833.0, 'Plan Rows': 100000, 'Plan Width': 17, 'Disabled': False}]}]}}",587.0700001250952
Q505,1,"SELECT *
            FROM patients
            WHERE age > 70;","{'Plan': {'Node Type': 'Seq Scan', 'Parallel Aware': False, 'Async Capable': False, 'Relation Name': 'patients', 'Alias': 'patients', 'Startup Cost': 0.0, 'Total Cost': 2083.0, 'Plan Rows': 15643, 'Plan Width': 32, 'Disabled': False, 'Filter': '(age > 70)'}}",25.748200016096234
Q506,2,"SELECT *
            FROM patients
            WHERE city = 'Lucknow';","{'Plan': {'Node Type': 'Seq Scan', 'Parallel Aware': False, 'Async Capable': False, 'Relation Name': 'patients', 'Alias': 'patients', 'Startup Cost': 0.0, 'Total Cost': 2083.0, 'Plan Rows': 24850, 'Plan Width': 32, 'Disabled': False, 'Filter': ""((city)::text = 'Lucknow'::text)""}}",21.867400035262108
Q507,1,"SELECT *
            FROM patients
            WHERE age > 43;","{'Plan': {'Node Type': 'Seq Scan', 'Parallel Aware': False, 'Async Capable': False, 'Relation Name': 'patients', 'Alias': 'patients', 'Startup Cost': 0.0, 'Total Cost': 2083.0, 'Plan Rows': 58600, 'Plan Width': 32, 'Disabled': False, 'Filter': '(age > 43)'}}",54.914799984544516
Q508,1,"SELECT *
            FROM patients
            WHERE age > 63;","{'Plan': {'Node Type': 'Seq Scan', 'Parallel Aware': False, 'Async Capable': False, 'Relation Name': 'patients', 'Alias': 'patients', 'Startup Cost': 0.0, 'Total Cost': 2083.0, 'Plan Rows': 26780, 'Plan Width': 32, 'Disabled': False, 'Filter': '(age > 63)'}}",38.897400023415685
Q509,5,"SELECT p.city, COUNT(a.appointment_id)
            FROM patients p
            JOIN appointments a
            ON p.patient_id = a.patient_id
            WHERE p.city = 'Lucknow'
            GROUP BY p.city;","{'Plan': {'Node Type': 'Aggregate', 'Strategy': 'Sorted', 'Partial Mode': 'Finalize', 'Parallel Aware': False, 'Async Capable': False, 'Startup Cost': 3393.62, 'Total Cost': 9830.51, 'Plan Rows': 1, 'Plan Width': 14, 'Disabled': False, 'Plans': [{'Node Type': 'Gather', 'Parent Relationship': 'Outer', 'Parallel Aware': False, 'Async Capable': False, 'Startup Cost': 3393.62, 'Total Cost': 9830.49, 'Plan Rows': 2, 'Plan Width': 14, 'Disabled': False, 'Workers Planned': 2, 'Single Copy': False, 'Plans': [{'Node Type': 'Aggregate', 'Strategy': 'Sorted', 'Partial Mode': 'Partial', 'Parent Relationship': 'Outer', 'Parallel Aware': False, 'Async Capable': False, 'Startup Cost': 2393.62, 'Total Cost': 8830.29, 'Plan Rows': 1, 'Plan Width': 14, 'Disabled': False, 'Plans': [{'Node Type': 'Hash Join', 'Parent Relationship': 'Outer', 'Parallel Aware': False, 'Async Capable': False, 'Join Type': 'Inner', 'Startup Cost': 2393.62, 'Total Cost': 8700.85, 'Plan Rows': 51771, 'Plan Width': 10, 'Disabled': False, 'Inner Unique': True, 'Hash Cond': '(a.patient_id = p.patient_id)', 'Plans': [{'Node Type': 'Seq Scan', 'Parent Relationship': 'Outer', 'Parallel Aware': True, 'Async Capable': False, 'Relation Name': 'appointments', 'Alias': 'a', 'Startup Cost': 0.0, 'Total Cost': 5760.33, 'Plan Rows': 208333, 'Plan Width': 8, 'Disabled': False}, {'Node Type': 'Hash', 'Parent Relationship': 'Inner', 'Parallel Aware': False, 'Async Capable': False, 'Startup Cost': 2083.0, 'Total Cost': 2083.0, 'Plan Rows': 24850, 'Plan Width': 10, 'Disabled': False, 'Plans': [{'Node Type': 'Seq Scan', 'Parent Relationship': 'Outer', 'Parallel Aware': False, 'Async Capable': False, 'Relation Name': 'patients', 'Alias': 'p', 'Startup Cost': 0.0, 'Total Cost': 2083.0, 'Plan Rows': 24850, 'Plan Width': 10, 'Disabled': False, 'Filter': ""((city)::text = 'Lucknow'::text)""}]}]}]}]}]}}",94.91920005530119
Q510,2,"SELECT *
            FROM patients
            WHERE city = 'Delhi';","{'Plan': {'Node Type': 'Seq Scan', 'Parallel Aware': False, 'Async Capable': False, 'Relation Name': 'patients', 'Alias': 'patients', 'Startup Cost': 0.0, 'Total Cost': 2083.0, 'Plan Rows': 24947, 'Plan Width': 32, 'Disabled': False, 'Filter': ""((city)::text = 'Delhi'::text)""}}",32.78620005585253
Q511,5,"SELECT p.city, COUNT(a.appointment_id)
            FROM patients p
            JOIN appointments a
            ON p.patient_id = a.patient_id
            WHERE p.city = 'Kanpur'
            GROUP BY p.city;","{'Plan': {'Node Type': 'Aggregate', 'Strategy': 'Sorted', 'Partial Mode': 'Finalize', 'Parallel Aware': False, 'Async Capable': False, 'Startup Cost': 3397.96, 'Total Cost': 9836.65, 'Plan Rows': 1, 'Plan Width': 14, 'Disabled': False, 'Plans': [{'Node Type': 'Gather', 'Parent Relationship': 'Outer', 'Parallel Aware': False, 'Async Capable': False, 'Startup Cost': 3397.96, 'Total Cost': 9836.64, 'Plan Rows': 2, 'Plan Width': 14, 'Disabled': False, 'Workers Planned': 2, 'Single Copy': False, 'Plans': [{'Node Type': 'Aggregate', 'Strategy': 'Sorted', 'Partial Mode': 'Partial', 'Parent Relationship': 'Outer', 'Parallel Aware': False, 'Async Capable': False, 'Startup Cost': 2397.96, 'Total Cost': 8836.44, 'Plan Rows': 1, 'Plan Width': 14, 'Disabled': False, 'Plans': [{'Node Type': 'Hash Join', 'Parent Relationship': 'Outer', 'Parallel Aware': False, 'Async Capable': False, 'Join Type': 'Inner', 'Startup Cost': 2397.96, 'Total Cost': 8705.19, 'Plan Rows': 52494, 'Plan Width': 10, 'Disabled': False, 'Inner Unique': True, 'Hash Cond': '(a.patient_id = p.patient_id)', 'Plans': [{'Node Type': 'Seq Scan', 'Parent Relationship': 'Outer', 'Parallel Aware': True, 'Async Capable': False, 'Relation Name': 'appointments', 'Alias': 'a', 'Startup Cost': 0.0, 'Total Cost': 5760.33, 'Plan Rows': 208333, 'Plan Width': 8, 'Disabled': False}, {'Node Type': 'Hash', 'Parent Relationship': 'Inner', 'Parallel Aware': False, 'Async Capable': False, 'Startup Cost': 2083.0, 'Total Cost': 2083.0, 'Plan Rows': 25197, 'Plan Width': 10, 'Disabled': False, 'Plans': [{'Node Type': 'Seq Scan', 'Parent Relationship': 'Outer', 'Parallel Aware': False, 'Async Capable': False, 'Relation Name': 'patients', 'Alias': 'p', 'Startup Cost': 0.0, 'Total Cost': 2083.0, 'Plan Rows': 25197, 'Plan Width': 10, 'Disabled': False, 'Filter': ""((city)::text = 'Kanpur'::text)""}]}]}]}]}]}}",83.54079979471862
Q512,1,"SELECT *
            FROM patients
            WHERE age > 61;","{'Plan': {'Node Type': 'Seq Scan', 'Parallel Aware': False, 'Async Capable': False, 'Relation Name': 'patients', 'Alias': 'patients', 'Startup Cost': 0.0, 'Total Cost': 2083.0, 'Plan Rows': 29877, 'Plan Width': 32, 'Disabled': False, 'Filter': '(age > 61)'}}",46.02920007891953
Q513,3,"SELECT city, COUNT(*)
            FROM patients
            GROUP BY city;","{'Plan': {'Node Type': 'Aggregate', 'Strategy': 'Hashed', 'Partial Mode': 'Simple', 'Parallel Aware': False, 'Async Capable': False, 'Startup Cost': 2333.0, 'Total Cost': 2333.04, 'Plan Rows': 4, 'Plan Width': 14, 'Disabled': False, 'Group Key': ['city'], 'Planned Partitions': 0, 'Plans': [{'Node Type': 'Seq Scan', 'Parent Relationship': 'Outer', 'Parallel Aware': False, 'Async Capable': False, 'Relation Name': 'patients', 'Alias': 'patients', 'Startup Cost': 0.0, 'Total Cost': 1833.0, 'Plan Rows': 100000, 'Plan Width': 6, 'Disabled': False}]}}",13.063399819657207
Q514,1,"SELECT *
            FROM patients
            WHERE age > 41;","{'Plan': {'Node Type': 'Seq Scan', 'Parallel Aware': False, 'Async Capable': False, 'Relation Name': 'patients', 'Alias': 'patients', 'Startup Cost': 0.0, 'Total Cost': 2083.0, 'Plan Rows': 61913, 'Plan Width': 32, 'Disabled': False, 'Filter': '(age > 41)'}}",43.818100122734904
Q515,3,"SELECT city, COUNT(*)
            FROM patients
            GROUP BY city;","{'Plan': {'Node Type': 'Aggregate', 'Strategy': 'Hashed', 'Partial Mode': 'Simple', 'Parallel Aware': False, 'Async Capable': False, 'Startup Cost': 2333.0, 'Total Cost': 2333.04, 'Plan Rows': 4, 'Plan Width': 14, 'Disabled': False, 'Group Key': ['city'], 'Planned Partitions': 0, 'Plans': [{'Node Type': 'Seq Scan', 'Parent Relationship': 'Outer', 'Parallel Aware': False, 'Async Capable': False, 'Relation Name': 'patients', 'Alias': 'patients', 'Startup Cost': 0.0, 'Total Cost': 1833.0, 'Plan Rows': 100000, 'Plan Width': 6, 'Disabled': False}]}}",20.514699863269925
Q516,3,"SELECT city, COUNT(*)
            FROM patients
            GROUP BY city;","{'Plan': {'Node Type': 'Aggregate', 'Strategy': 'Hashed', 'Partial Mode': 'Simple', 'Parallel Aware': False, 'Async Capable': False, 'Startup Cost': 2333.0, 'Total Cost': 2333.04, 'Plan Rows': 4, 'Plan Width': 14, 'Disabled': False, 'Group Key': ['city'], 'Planned Partitions': 0, 'Plans': [{'Node Type': 'Seq Scan', 'Parent Relationship': 'Outer', 'Parallel Aware': False, 'Async Capable': False, 'Relation Name': 'patients', 'Alias': 'patients', 'Startup Cost': 0.0, 'Total Cost': 1833.0, 'Plan Rows': 100000, 'Plan Width': 6, 'Disabled': False}]}}",20.49360005185008
Q517,3,"SELECT city, COUNT(*)
            FROM patients
            GROUP BY city;","{'Plan': {'Node Type': 'Aggregate', 'Strategy': 'Hashed', 'Partial Mode': 'Simple', 'Parallel Aware': False, 'Async Capable': False, 'Startup Cost': 2333.0, 'Total Cost': 2333.04, 'Plan Rows': 4, 'Plan Width': 14, 'Disabled': False, 'Group Key': ['city'], 'Planned Partitions': 0, 'Plans': [{'Node Type': 'Seq Scan', 'Parent Relationship': 'Outer', 'Parallel Aware': False, 'Async Capable': False, 'Relation Name': 'patients', 'Alias': 'patients', 'Startup Cost': 0.0, 'Total Cost': 1833.0, 'Plan Rows': 100000, 'Plan Width': 6, 'Disabled': False}]}}",21.581900073215365
Q518,2,"SELECT *
            FROM patients
            WHERE city = 'Lucknow';","{'Plan': {'Node Type': 'Seq Scan', 'Parallel Aware': False, 'Async Capable': False, 'Relation Name': 'patients', 'Alias': 'patients', 'Startup Cost': 0.0, 'Total Cost': 2083.0, 'Plan Rows': 24850, 'Plan Width': 32, 'Disabled': False, 'Filter': ""((city)::text = 'Lucknow'::text)""}}",31.338500091806054
Q519,2,"SELECT *
            FROM patients
            WHERE city = 'Mumbai';","{'Plan': {'Node Type': 'Seq Scan', 'Parallel Aware': False, 'Async Capable': False, 'Relation Name': 'patients', 'Alias': 'patients', 'Startup Cost': 0.0, 'Total Cost': 2083.0, 'Plan Rows': 25007, 'Plan Width': 32, 'Disabled': False, 'Filter': ""((city)::text = 'Mumbai'::text)""}}",42.494399938732386
Q520,5,"SELECT p.city, COUNT(a.appointment_id)
            FROM patients p
            JOIN appointments a
            ON p.patient_id = a.patient_id
            WHERE p.city = 'Mumbai'
            GROUP BY p.city;","{'Plan': {'Node Type': 'Aggregate', 'Strategy': 'Sorted', 'Partial Mode': 'Finalize', 'Parallel Aware': False, 'Async Capable': False, 'Startup Cost': 3395.59, 'Total Cost': 9833.29, 'Plan Rows': 1, 'Plan Width': 14, 'Disabled': False, 'Plans': [{'Node Type': 'Gather', 'Parent Relationship': 'Outer', 'Parallel Aware': False, 'Async Capable': False, 'Startup Cost': 3395.59, 'Total Cost': 9833.27, 'Plan Rows': 2, 'Plan Width': 14, 'Disabled': False, 'Workers Planned': 2, 'Single Copy': False, 'Plans': [{'Node Type': 'Aggregate', 'Strategy': 'Sorted', 'Partial Mode': 'Partial', 'Parent Relationship': 'Outer', 'Parallel Aware': False, 'Async Capable': False, 'Startup Cost': 2395.59, 'Total Cost': 8833.07, 'Plan Rows': 1, 'Plan Width': 14, 'Disabled': False, 'Plans': [{'Node Type': 'Hash Join', 'Parent Relationship': 'Outer', 'Parallel Aware': False, 'Async Capable': False, 'Join Type': 'Inner', 'Startup Cost': 2395.59, 'Total Cost': 8702.82, 'Plan Rows': 52098, 'Plan Width': 10, 'Disabled': False, 'Inner Unique': True, 'Hash Cond': '(a.patient_id = p.patient_id)', 'Plans': [{'Node Type': 'Seq Scan', 'Parent Relationship': 'Outer', 'Parallel Aware': True, 'Async Capable': False, 'Relation Name': 'appointments', 'Alias': 'a', 'Startup Cost': 0.0, 'Total Cost': 5760.33, 'Plan Rows': 208333, 'Plan Width': 8, 'Disabled': False}, {'Node Type': 'Hash', 'Parent Relationship': 'Inner', 'Parallel Aware': False, 'Async Capable': False, 'Startup Cost': 2083.0, 'Total Cost': 2083.0, 'Plan Rows': 25007, 'Plan Width': 10, 'Disabled': False, 'Plans': [{'Node Type': 'Seq Scan', 'Parent Relationship': 'Outer', 'Parallel Aware': False, 'Async Capable': False, 'Relation Name': 'patients', 'Alias': 'p', 'Startup Cost': 0.0, 'Total Cost': 2083.0, 'Plan Rows': 25007, 'Plan Width': 10, 'Disabled': False, 'Filter': ""((city)::text = 'Mumbai'::text)""}]}]}]}]}]}}",96.34139994159341
Q521,4,"SELECT p.name, a.appointment_date
            FROM patients p
            JOIN appointments a
            ON p.patient_id = a.patient_id;","{'Plan': {'Node Type': 'Hash Join', 'Parallel Aware': False, 'Async Capable': False, 'Join Type': 'Inner', 'Startup Cost': 3083.0, 'Total Cost': 13072.56, 'Plan Rows': 500000, 'Plan Width': 17, 'Disabled': False, 'Inner Unique': True, 'Hash Cond': '(a.patient_id = p.patient_id)', 'Plans': [{'Node Type': 'Seq Scan', 'Parent Relationship': 'Outer', 'Parallel Aware': False, 'Async Capable': False, 'Relation Name': 'appointments', 'Alias': 'a', 'Startup Cost': 0.0, 'Total Cost': 8677.0, 'Plan Rows': 500000, 'Plan Width': 8, 'Disabled': False}, {'Node Type': 'Hash', 'Parent Relationship': 'Inner', 'Parallel Aware': False, 'Async Capable': False, 'Startup Cost': 1833.0, 'Total Cost': 1833.0, 'Plan Rows': 100000, 'Plan Width': 17, 'Disabled': False, 'Plans': [{'Node Type': 'Seq Scan', 'Parent Relationship': 'Outer', 'Parallel Aware': False, 'Async Capable': False, 'Relation Name': 'patients', 'Alias': 'p', 'Startup Cost': 0.0, 'Total Cost': 1833.0, 'Plan Rows': 100000, 'Plan Width': 17, 'Disabled': False}]}]}}",663.1176001392305
Q522,2,"SELECT *
            FROM patients
            WHERE city = 'Delhi';","{'Plan': {'Node Type': 'Seq Scan', 'Parallel Aware': False, 'Async Capable': False, 'Relation Name': 'patients', 'Alias': 'patients', 'Startup Cost': 0.0, 'Total Cost': 2083.0, 'Plan Rows': 24947, 'Plan Width': 32, 'Disabled': False, 'Filter': ""((city)::text = 'Delhi'::text)""}}",25.375300087034702
Q523,3,"SELECT city, COUNT(*)
            FROM patients
            GROUP BY city;","{'Plan': {'Node Type': 'Aggregate', 'Strategy': 'Hashed', 'Partial Mode': 'Simple', 'Parallel Aware': False, 'Async Capable': False, 'Startup Cost': 2333.0, 'Total Cost': 2333.04, 'Plan Rows': 4, 'Plan Width': 14, 'Disabled': False, 'Group Key': ['city'], 'Planned Partitions': 0, 'Plans': [{'Node Type': 'Seq Scan', 'Parent Relationship': 'Outer', 'Parallel Aware': False, 'Async Capable': False, 'Relation Name': 'patients', 'Alias': 'patients', 'Startup Cost': 0.0, 'Total Cost': 1833.0, 'Plan Rows': 100000, 'Plan Width': 6, 'Disabled': False}]}}",14.127499889582396
Q524,3,"SELECT city, COUNT(*)
            FROM patients
            GROUP BY city;","{'Plan': {'Node Type': 'Aggregate', 'Strategy': 'Hashed', 'Partial Mode': 'Simple', 'Parallel Aware': False, 'Async Capable': False, 'Startup Cost': 2333.0, 'Total Cost': 2333.04, 'Plan Rows': 4, 'Plan Width': 14, 'Disabled': False, 'Group Key': ['city'], 'Planned Partitions': 0, 'Plans': [{'Node Type': 'Seq Scan', 'Parent Relationship': 'Outer', 'Parallel Aware': False, 'Async Capable': False, 'Relation Name': 'patients', 'Alias': 'patients', 'Startup Cost': 0.0, 'Total Cost': 1833.0, 'Plan Rows': 100000, 'Plan Width': 6, 'Disabled': False}]}}",18.186199944466352
Q525,4,"SELECT p.name, a.appointment_date
            FROM patients p
            JOIN appointments a
            ON p.patient_id = a.patient_id;","{'Plan': {'Node Type': 'Hash Join', 'Parallel Aware': False, 'Async Capable': False, 'Join Type': 'Inner', 'Startup Cost': 3083.0, 'Total Cost': 13072.56, 'Plan Rows': 500000, 'Plan Width': 17, 'Disabled': False, 'Inner Unique': True, 'Hash Cond': '(a.patient_id = p.patient_id)', 'Plans': [{'Node Type': 'Seq Scan', 'Parent Relationship': 'Outer', 'Parallel Aware': False, 'Async Capable': False, 'Relation Name': 'appointments', 'Alias': 'a', 'Startup Cost': 0.0, 'Total Cost': 8677.0, 'Plan Rows': 500000, 'Plan Width': 8, 'Disabled': False}, {'Node Type': 'Hash', 'Parent Relationship': 'Inner', 'Parallel Aware': False, 'Async Capable': False, 'Startup Cost': 1833.0, 'Total Cost': 1833.0, 'Plan Rows': 100000, 'Plan Width': 17, 'Disabled': False, 'Plans': [{'Node Type': 'Seq Scan', 'Parent Relationship': 'Outer', 'Parallel Aware': False, 'Async Capable': False, 'Relation Name': 'patients', 'Alias': 'p', 'Startup Cost': 0.0, 'Total Cost': 1833.0, 'Plan Rows': 100000, 'Plan Width': 17, 'Disabled': False}]}]}}",670.9956999402493
Q526,1,"SELECT *
            FROM patients
            WHERE age > 60;","{'Plan': {'Node Type': 'Seq Scan', 'Parallel Aware': False, 'Async Capable': False, 'Relation Name': 'patients', 'Alias': 'patients', 'Startup Cost': 0.0, 'Total Cost': 2083.0, 'Plan Rows': 31347, 'Plan Width': 32, 'Disabled': False, 'Filter': '(age > 60)'}}",32.749699894338846
Q527,1,"SELECT *
            FROM patients
            WHERE age > 61;","{'Plan': {'Node Type': 'Seq Scan', 'Parallel Aware': False, 'Async Capable': False, 'Relation Name': 'patients', 'Alias': 'patients', 'Startup Cost': 0.0, 'Total Cost': 2083.0, 'Plan Rows': 29877, 'Plan Width': 32, 'Disabled': False, 'Filter': '(age > 61)'}}",43.13110001385212
Q528,2,"SELECT *
            FROM patients
            WHERE city = 'Mumbai';","{'Plan': {'Node Type': 'Seq Scan', 'Parallel Aware': False, 'Async Capable': False, 'Relation Name': 'patients', 'Alias': 'patients', 'Startup Cost': 0.0, 'Total Cost': 2083.0, 'Plan Rows': 25007, 'Plan Width': 32, 'Disabled': False, 'Filter': ""((city)::text = 'Mumbai'::text)""}}",36.72179998829961
Q529,3,"SELECT city, COUNT(*)
            FROM patients
            GROUP BY city;","{'Plan': {'Node Type': 'Aggregate', 'Strategy': 'Hashed', 'Partial Mode': 'Simple', 'Parallel Aware': False, 'Async Capable': False, 'Startup Cost': 2333.0, 'Total Cost': 2333.04, 'Plan Rows': 4, 'Plan Width': 14, 'Disabled': False, 'Group Key': ['city'], 'Planned Partitions': 0, 'Plans': [{'Node Type': 'Seq Scan', 'Parent Relationship': 'Outer', 'Parallel Aware': False, 'Async Capable': False, 'Relation Name': 'patients', 'Alias': 'patients', 'Startup Cost': 0.0, 'Total Cost': 1833.0, 'Plan Rows': 100000, 'Plan Width': 6, 'Disabled': False}]}}",22.43709983304143
Q530,3,"SELECT city, COUNT(*)
            FROM patients
            GROUP BY city;","{'Plan': {'Node Type': 'Aggregate', 'Strategy': 'Hashed', 'Partial Mode': 'Simple', 'Parallel Aware': False, 'Async Capable': False, 'Startup Cost': 2333.0, 'Total Cost': 2333.04, 'Plan Rows': 4, 'Plan Width': 14, 'Disabled': False, 'Group Key': ['city'], 'Planned Partitions': 0, 'Plans': [{'Node Type': 'Seq Scan', 'Parent Relationship': 'Outer', 'Parallel Aware': False, 'Async Capable': False, 'Relation Name': 'patients', 'Alias': 'patients', 'Startup Cost': 0.0, 'Total Cost': 1833.0, 'Plan Rows': 100000, 'Plan Width': 6, 'Disabled': False}]}}",22.84909994341433
Q531,4,"SELECT p.name, a.appointment_date
            FROM patients p
            JOIN appointments a
            ON p.patient_id = a.patient_id;","{'Plan': {'Node Type': 'Hash Join', 'Parallel Aware': False, 'Async Capable': False, 'Join Type': 'Inner', 'Startup Cost': 3083.0, 'Total Cost': 13072.56, 'Plan Rows': 500000, 'Plan Width': 17, 'Disabled': False, 'Inner Unique': True, 'Hash Cond': '(a.patient_id = p.patient_id)', 'Plans': [{'Node Type': 'Seq Scan', 'Parent Relationship': 'Outer', 'Parallel Aware': False, 'Async Capable': False, 'Relation Name': 'appointments', 'Alias': 'a', 'Startup Cost': 0.0, 'Total Cost': 8677.0, 'Plan Rows': 500000, 'Plan Width': 8, 'Disabled': False}, {'Node Type': 'Hash', 'Parent Relationship': 'Inner', 'Parallel Aware': False, 'Async Capable': False, 'Startup Cost': 1833.0, 'Total Cost': 1833.0, 'Plan Rows': 100000, 'Plan Width': 17, 'Disabled': False, 'Plans': [{'Node Type': 'Seq Scan', 'Parent Relationship': 'Outer', 'Parallel Aware': False, 'Async Capable': False, 'Relation Name': 'patients', 'Alias': 'p', 'Startup Cost': 0.0, 'Total Cost': 1833.0, 'Plan Rows': 100000, 'Plan Width': 17, 'Disabled': False}]}]}}",656.770900124684
Q532,2,"SELECT *
            FROM patients
            WHERE city = 'Kanpur';","{'Plan': {'Node Type': 'Seq Scan', 'Parallel Aware': False, 'Async Capable': False, 'Relation Name': 'patients', 'Alias': 'patients', 'Startup Cost': 0.0, 'Total Cost': 2083.0, 'Plan Rows': 25197, 'Plan Width': 32, 'Disabled': False, 'Filter': ""((city)::text = 'Kanpur'::text)""}}",40.27720005251467
Q533,5,"SELECT p.city, COUNT(a.appointment_id)
            FROM patients p
            JOIN appointments a
            ON p.patient_id = a.patient_id
            WHERE p.city = 'Kanpur'
            GROUP BY p.city;","{'Plan': {'Node Type': 'Aggregate', 'Strategy': 'Sorted', 'Partial Mode': 'Finalize', 'Parallel Aware': False, 'Async Capable': False, 'Startup Cost': 3397.96, 'Total Cost': 9836.65, 'Plan Rows': 1, 'Plan Width': 14, 'Disabled': False, 'Plans': [{'Node Type': 'Gather', 'Parent Relationship': 'Outer', 'Parallel Aware': False, 'Async Capable': False, 'Startup Cost': 3397.96, 'Total Cost': 9836.64, 'Plan Rows': 2, 'Plan Width': 14, 'Disabled': False, 'Workers Planned': 2, 'Single Copy': False, 'Plans': [{'Node Type': 'Aggregate', 'Strategy': 'Sorted', 'Partial Mode': 'Partial', 'Parent Relationship': 'Outer', 'Parallel Aware': False, 'Async Capable': False, 'Startup Cost': 2397.96, 'Total Cost': 8836.44, 'Plan Rows': 1, 'Plan Width': 14, 'Disabled': False, 'Plans': [{'Node Type': 'Hash Join', 'Parent Relationship': 'Outer', 'Parallel Aware': False, 'Async Capable': False, 'Join Type': 'Inner', 'Startup Cost': 2397.96, 'Total Cost': 8705.19, 'Plan Rows': 52494, 'Plan Width': 10, 'Disabled': False, 'Inner Unique': True, 'Hash Cond': '(a.patient_id = p.patient_id)', 'Plans': [{'Node Type': 'Seq Scan', 'Parent Relationship': 'Outer', 'Parallel Aware': True, 'Async Capable': False, 'Relation Name': 'appointments', 'Alias': 'a', 'Startup Cost': 0.0, 'Total Cost': 5760.33, 'Plan Rows': 208333, 'Plan Width': 8, 'Disabled': False}, {'Node Type': 'Hash', 'Parent Relationship': 'Inner', 'Parallel Aware': False, 'Async Capable': False, 'Startup Cost': 2083.0, 'Total Cost': 2083.0, 'Plan Rows': 25197, 'Plan Width': 10, 'Disabled': False, 'Plans': [{'Node Type': 'Seq Scan', 'Parent Relationship': 'Outer', 'Parallel Aware': False, 'Async Capable': False, 'Relation Name': 'patients', 'Alias': 'p', 'Startup Cost': 0.0, 'Total Cost': 2083.0, 'Plan Rows': 25197, 'Plan Width': 10, 'Disabled': False, 'Filter': ""((city)::text = 'Kanpur'::text)""}]}]}]}]}]}}",94.61329993791878
Q534,2,"SELECT *
            FROM patients
            WHERE city = 'Delhi';","{'Plan': {'Node Type': 'Seq Scan', 'Parallel Aware': False, 'Async Capable': False, 'Relation Name': 'patients', 'Alias': 'patients', 'Startup Cost': 0.0, 'Total Cost': 2083.0, 'Plan Rows': 24947, 'Plan Width': 32, 'Disabled': False, 'Filter': ""((city)::text = 'Delhi'::text)""}}",30.95840010792017
Q535,3,"SELECT city, COUNT(*)
            FROM patients
            GROUP BY city;","{'Plan': {'Node Type': 'Aggregate', 'Strategy': 'Hashed', 'Partial Mode': 'Simple', 'Parallel Aware': False, 'Async Capable': False, 'Startup Cost': 2333.0, 'Total Cost': 2333.04, 'Plan Rows': 4, 'Plan Width': 14, 'Disabled': False, 'Group Key': ['city'], 'Planned Partitions': 0, 'Plans': [{'Node Type': 'Seq Scan', 'Parent Relationship': 'Outer', 'Parallel Aware': False, 'Async Capable': False, 'Relation Name': 'patients', 'Alias': 'patients', 'Startup Cost': 0.0, 'Total Cost': 1833.0, 'Plan Rows': 100000, 'Plan Width': 6, 'Disabled': False}]}}",19.569699885323644
Q536,4,"SELECT p.name, a.appointment_date
            FROM patients p
            JOIN appointments a
            ON p.patient_id = a.patient_id;","{'Plan': {'Node Type': 'Hash Join', 'Parallel Aware': False, 'Async Capable': False, 'Join Type': 'Inner', 'Startup Cost': 3083.0, 'Total Cost': 13072.56, 'Plan Rows': 500000, 'Plan Width': 17, 'Disabled': False, 'Inner Unique': True, 'Hash Cond': '(a.patient_id = p.patient_id)', 'Plans': [{'Node Type': 'Seq Scan', 'Parent Relationship': 'Outer', 'Parallel Aware': False, 'Async Capable': False, 'Relation Name': 'appointments', 'Alias': 'a', 'Startup Cost': 0.0, 'Total Cost': 8677.0, 'Plan Rows': 500000, 'Plan Width': 8, 'Disabled': False}, {'Node Type': 'Hash', 'Parent Relationship': 'Inner', 'Parallel Aware': False, 'Async Capable': False, 'Startup Cost': 1833.0, 'Total Cost': 1833.0, 'Plan Rows': 100000, 'Plan Width': 17, 'Disabled': False, 'Plans': [{'Node Type': 'Seq Scan', 'Parent Relationship': 'Outer', 'Parallel Aware': False, 'Async Capable': False, 'Relation Name': 'patients', 'Alias': 'p', 'Startup Cost': 0.0, 'Total Cost': 1833.0, 'Plan Rows': 100000, 'Plan Width': 17, 'Disabled': False}]}]}}",656.7384998779744
Q537,4,"SELECT p.name, a.appointment_date
            FROM patients p
            JOIN appointments a
            ON p.patient_id = a.patient_id;","{'Plan': {'Node Type': 'Hash Join', 'Parallel Aware': False, 'Async Capable': False, 'Join Type': 'Inner', 'Startup Cost': 3083.0, 'Total Cost': 13072.56, 'Plan Rows': 500000, 'Plan Width': 17, 'Disabled': False, 'Inner Unique': True, 'Hash Cond': '(a.patient_id = p.patient_id)', 'Plans': [{'Node Type': 'Seq Scan', 'Parent Relationship': 'Outer', 'Parallel Aware': False, 'Async Capable': False, 'Relation Name': 'appointments', 'Alias': 'a', 'Startup Cost': 0.0, 'Total Cost': 8677.0, 'Plan Rows': 500000, 'Plan Width': 8, 'Disabled': False}, {'Node Type': 'Hash', 'Parent Relationship': 'Inner', 'Parallel Aware': False, 'Async Capable': False, 'Startup Cost': 1833.0, 'Total Cost': 1833.0, 'Plan Rows': 100000, 'Plan Width': 17, 'Disabled': False, 'Plans': [{'Node Type': 'Seq Scan', 'Parent Relationship': 'Outer', 'Parallel Aware': False, 'Async Capable': False, 'Relation Name': 'patients', 'Alias': 'p', 'Startup Cost': 0.0, 'Total Cost': 1833.0, 'Plan Rows': 100000, 'Plan Width': 17, 'Disabled': False}]}]}}",642.2061999328434
Q538,2,"SELECT *
            FROM patients
            WHERE city = 'Lucknow';","{'Plan': {'Node Type': 'Seq Scan', 'Parallel Aware': False, 'Async Capable': False, 'Relation Name': 'patients', 'Alias': 'patients', 'Startup Cost': 0.0, 'Total Cost': 2083.0, 'Plan Rows': 24850, 'Plan Width': 32, 'Disabled': False, 'Filter': ""((city)::text = 'Lucknow'::text)""}}",27.210500091314316
Q539,5,"SELECT p.city, COUNT(a.appointment_id)
            FROM patients p
            JOIN appointments a
            ON p.patient_id = a.patient_id
            WHERE p.city = 'Kanpur'
            GROUP BY p.city;","{'Plan': {'Node Type': 'Aggregate', 'Strategy': 'Sorted', 'Partial Mode': 'Finalize', 'Parallel Aware': False, 'Async Capable': False, 'Startup Cost': 3397.96, 'Total Cost': 9836.65, 'Plan Rows': 1, 'Plan Width': 14, 'Disabled': False, 'Plans': [{'Node Type': 'Gather', 'Parent Relationship': 'Outer', 'Parallel Aware': False, 'Async Capable': False, 'Startup Cost': 3397.96, 'Total Cost': 9836.64, 'Plan Rows': 2, 'Plan Width': 14, 'Disabled': False, 'Workers Planned': 2, 'Single Copy': False, 'Plans': [{'Node Type': 'Aggregate', 'Strategy': 'Sorted', 'Partial Mode': 'Partial', 'Parent Relationship': 'Outer', 'Parallel Aware': False, 'Async Capable': False, 'Startup Cost': 2397.96, 'Total Cost': 8836.44, 'Plan Rows': 1, 'Plan Width': 14, 'Disabled': False, 'Plans': [{'Node Type': 'Hash Join', 'Parent Relationship': 'Outer', 'Parallel Aware': False, 'Async Capable': False, 'Join Type': 'Inner', 'Startup Cost': 2397.96, 'Total Cost': 8705.19, 'Plan Rows': 52494, 'Plan Width': 10, 'Disabled': False, 'Inner Unique': True, 'Hash Cond': '(a.patient_id = p.patient_id)', 'Plans': [{'Node Type': 'Seq Scan', 'Parent Relationship': 'Outer', 'Parallel Aware': True, 'Async Capable': False, 'Relation Name': 'appointments', 'Alias': 'a', 'Startup Cost': 0.0, 'Total Cost': 5760.33, 'Plan Rows': 208333, 'Plan Width': 8, 'Disabled': False}, {'Node Type': 'Hash', 'Parent Relationship': 'Inner', 'Parallel Aware': False, 'Async Capable': False, 'Startup Cost': 2083.0, 'Total Cost': 2083.0, 'Plan Rows': 25197, 'Plan Width': 10, 'Disabled': False, 'Plans': [{'Node Type': 'Seq Scan', 'Parent Relationship': 'Outer', 'Parallel Aware': False, 'Async Capable': False, 'Relation Name': 'patients', 'Alias': 'p', 'Startup Cost': 0.0, 'Total Cost': 2083.0, 'Plan Rows': 25197, 'Plan Width': 10, 'Disabled': False, 'Filter': ""((city)::text = 'Kanpur'::text)""}]}]}]}]}]}}",89.27230001427233
Q540,1,"SELECT *
            FROM patients
            WHERE age > 64;","{'Plan': {'Node Type': 'Seq Scan', 'Parallel Aware': False, 'Async Capable': False, 'Relation Name': 'patients', 'Alias': 'patients', 'Startup Cost': 0.0, 'Total Cost': 2083.0, 'Plan Rows': 25233, 'Plan Width': 32, 'Disabled': False, 'Filter': '(age > 64)'}}",37.13149996474385
Q541,5,"SELECT p.city, COUNT(a.appointment_id)
            FROM patients p
            JOIN appointments a
            ON p.patient_id = a.patient_id
            WHERE p.city = 'Delhi'
            GROUP BY p.city;","{'Plan': {'Node Type': 'Aggregate', 'Strategy': 'Sorted', 'Partial Mode': 'Finalize', 'Parallel Aware': False, 'Async Capable': False, 'Startup Cost': 3394.84, 'Total Cost': 9832.22, 'Plan Rows': 1, 'Plan Width': 14, 'Disabled': False, 'Plans': [{'Node Type': 'Gather', 'Parent Relationship': 'Outer', 'Parallel Aware': False, 'Async Capable': False, 'Startup Cost': 3394.84, 'Total Cost': 9832.21, 'Plan Rows': 2, 'Plan Width': 14, 'Disabled': False, 'Workers Planned': 2, 'Single Copy': False, 'Plans': [{'Node Type': 'Aggregate', 'Strategy': 'Sorted', 'Partial Mode': 'Partial', 'Parent Relationship': 'Outer', 'Parallel Aware': False, 'Async Capable': False, 'Startup Cost': 2394.84, 'Total Cost': 8832.01, 'Plan Rows': 1, 'Plan Width': 14, 'Disabled': False, 'Plans': [{'Node Type': 'Hash Join', 'Parent Relationship': 'Outer', 'Parallel Aware': False, 'Async Capable': False, 'Join Type': 'Inner', 'Startup Cost': 2394.84, 'Total Cost': 8702.07, 'Plan Rows': 51973, 'Plan Width': 10, 'Disabled': False, 'Inner Unique': True, 'Hash Cond': '(a.patient_id = p.patient_id)', 'Plans': [{'Node Type': 'Seq Scan', 'Parent Relationship': 'Outer', 'Parallel Aware': True, 'Async Capable': False, 'Relation Name': 'appointments', 'Alias': 'a', 'Startup Cost': 0.0, 'Total Cost': 5760.33, 'Plan Rows': 208333, 'Plan Width': 8, 'Disabled': False}, {'Node Type': 'Hash', 'Parent Relationship': 'Inner', 'Parallel Aware': False, 'Async Capable': False, 'Startup Cost': 2083.0, 'Total Cost': 2083.0, 'Plan Rows': 24947, 'Plan Width': 10, 'Disabled': False, 'Plans': [{'Node Type': 'Seq Scan', 'Parent Relationship': 'Outer', 'Parallel Aware': False, 'Async Capable': False, 'Relation Name': 'patients', 'Alias': 'p', 'Startup Cost': 0.0, 'Total Cost': 2083.0, 'Plan Rows': 24947, 'Plan Width': 10, 'Disabled': False, 'Filter': ""((city)::text = 'Delhi'::text)""}]}]}]}]}]}}",80.72600001469254
Q542,4,"SELECT p.name, a.appointment_date
            FROM patients p
            JOIN appointments a
            ON p.patient_id = a.patient_id;","{'Plan': {'Node Type': 'Hash Join', 'Parallel Aware': False, 'Async Capable': False, 'Join Type': 'Inner', 'Startup Cost': 3083.0, 'Total Cost': 13072.56, 'Plan Rows': 500000, 'Plan Width': 17, 'Disabled': False, 'Inner Unique': True, 'Hash Cond': '(a.patient_id = p.patient_id)', 'Plans': [{'Node Type': 'Seq Scan', 'Parent Relationship': 'Outer', 'Parallel Aware': False, 'Async Capable': False, 'Relation Name': 'appointments', 'Alias': 'a', 'Startup Cost': 0.0, 'Total Cost': 8677.0, 'Plan Rows': 500000, 'Plan Width': 8, 'Disabled': False}, {'Node Type': 'Hash', 'Parent Relationship': 'Inner', 'Parallel Aware': False, 'Async Capable': False, 'Startup Cost': 1833.0, 'Total Cost': 1833.0, 'Plan Rows': 100000, 'Plan Width': 17, 'Disabled': False, 'Plans': [{'Node Type': 'Seq Scan', 'Parent Relationship': 'Outer', 'Parallel Aware': False, 'Async Capable': False, 'Relation Name': 'patients', 'Alias': 'p', 'Startup Cost': 0.0, 'Total Cost': 1833.0, 'Plan Rows': 100000, 'Plan Width': 17, 'Disabled': False}]}]}}",639.4462001044303
Q543,5,"SELECT p.city, COUNT(a.appointment_id)
            FROM patients p
            JOIN appointments a
            ON p.patient_id = a.patient_id
            WHERE p.city = 'Mumbai'
            GROUP BY p.city;","{'Plan': {'Node Type': 'Aggregate', 'Strategy': 'Sorted', 'Partial Mode': 'Finalize', 'Parallel Aware': False, 'Async Capable': False, 'Startup Cost': 3395.59, 'Total Cost': 9833.29, 'Plan Rows': 1, 'Plan Width': 14, 'Disabled': False, 'Plans': [{'Node Type': 'Gather', 'Parent Relationship': 'Outer', 'Parallel Aware': False, 'Async Capable': False, 'Startup Cost': 3395.59, 'Total Cost': 9833.27, 'Plan Rows': 2, 'Plan Width': 14, 'Disabled': False, 'Workers Planned': 2, 'Single Copy': False, 'Plans': [{'Node Type': 'Aggregate', 'Strategy': 'Sorted', 'Partial Mode': 'Partial', 'Parent Relationship': 'Outer', 'Parallel Aware': False, 'Async Capable': False, 'Startup Cost': 2395.59, 'Total Cost': 8833.07, 'Plan Rows': 1, 'Plan Width': 14, 'Disabled': False, 'Plans': [{'Node Type': 'Hash Join', 'Parent Relationship': 'Outer', 'Parallel Aware': False, 'Async Capable': False, 'Join Type': 'Inner', 'Startup Cost': 2395.59, 'Total Cost': 8702.82, 'Plan Rows': 52098, 'Plan Width': 10, 'Disabled': False, 'Inner Unique': True, 'Hash Cond': '(a.patient_id = p.patient_id)', 'Plans': [{'Node Type': 'Seq Scan', 'Parent Relationship': 'Outer', 'Parallel Aware': True, 'Async Capable': False, 'Relation Name': 'appointments', 'Alias': 'a', 'Startup Cost': 0.0, 'Total Cost': 5760.33, 'Plan Rows': 208333, 'Plan Width': 8, 'Disabled': False}, {'Node Type': 'Hash', 'Parent Relationship': 'Inner', 'Parallel Aware': False, 'Async Capable': False, 'Startup Cost': 2083.0, 'Total Cost': 2083.0, 'Plan Rows': 25007, 'Plan Width': 10, 'Disabled': False, 'Plans': [{'Node Type': 'Seq Scan', 'Parent Relationship': 'Outer', 'Parallel Aware': False, 'Async Capable': False, 'Relation Name': 'patients', 'Alias': 'p', 'Startup Cost': 0.0, 'Total Cost': 2083.0, 'Plan Rows': 25007, 'Plan Width': 10, 'Disabled': False, 'Filter': ""((city)::text = 'Mumbai'::text)""}]}]}]}]}]}}",87.3933001421392
Q544,5,"SELECT p.city, COUNT(a.appointment_id)
            FROM patients p
            JOIN appointments a
            ON p.patient_id = a.patient_id
            WHERE p.city = 'Mumbai'
            GROUP BY p.city;","{'Plan': {'Node Type': 'Aggregate', 'Strategy': 'Sorted', 'Partial Mode': 'Finalize', 'Parallel Aware': False, 'Async Capable': False, 'Startup Cost': 3395.59, 'Total Cost': 9833.29, 'Plan Rows': 1, 'Plan Width': 14, 'Disabled': False, 'Plans': [{'Node Type': 'Gather', 'Parent Relationship': 'Outer', 'Parallel Aware': False, 'Async Capable': False, 'Startup Cost': 3395.59, 'Total Cost': 9833.27, 'Plan Rows': 2, 'Plan Width': 14, 'Disabled': False, 'Workers Planned': 2, 'Single Copy': False, 'Plans': [{'Node Type': 'Aggregate', 'Strategy': 'Sorted', 'Partial Mode': 'Partial', 'Parent Relationship': 'Outer', 'Parallel Aware': False, 'Async Capable': False, 'Startup Cost': 2395.59, 'Total Cost': 8833.07, 'Plan Rows': 1, 'Plan Width': 14, 'Disabled': False, 'Plans': [{'Node Type': 'Hash Join', 'Parent Relationship': 'Outer', 'Parallel Aware': False, 'Async Capable': False, 'Join Type': 'Inner', 'Startup Cost': 2395.59, 'Total Cost': 8702.82, 'Plan Rows': 52098, 'Plan Width': 10, 'Disabled': False, 'Inner Unique': True, 'Hash Cond': '(a.patient_id = p.patient_id)', 'Plans': [{'Node Type': 'Seq Scan', 'Parent Relationship': 'Outer', 'Parallel Aware': True, 'Async Capable': False, 'Relation Name': 'appointments', 'Alias': 'a', 'Startup Cost': 0.0, 'Total Cost': 5760.33, 'Plan Rows': 208333, 'Plan Width': 8, 'Disabled': False}, {'Node Type': 'Hash', 'Parent Relationship': 'Inner', 'Parallel Aware': False, 'Async Capable': False, 'Startup Cost': 2083.0, 'Total Cost': 2083.0, 'Plan Rows': 25007, 'Plan Width': 10, 'Disabled': False, 'Plans': [{'Node Type': 'Seq Scan', 'Parent Relationship': 'Outer', 'Parallel Aware': False, 'Async Capable': False, 'Relation Name': 'patients', 'Alias': 'p', 'Startup Cost': 0.0, 'Total Cost': 2083.0, 'Plan Rows': 25007, 'Plan Width': 10, 'Disabled': False, 'Filter': ""((city)::text = 'Mumbai'::text)""}]}]}]}]}]}}",85.9655998647213
Q545,4,"SELECT p.name, a.appointment_date
            FROM patients p
            JOIN appointments a
            ON p.patient_id = a.patient_id;","{'Plan': {'Node Type': 'Hash Join', 'Parallel Aware': False, 'Async Capable': False, 'Join Type': 'Inner', 'Startup Cost': 3083.0, 'Total Cost': 13072.56, 'Plan Rows': 500000, 'Plan Width': 17, 'Disabled': False, 'Inner Unique': True, 'Hash Cond': '(a.patient_id = p.patient_id)', 'Plans': [{'Node Type': 'Seq Scan', 'Parent Relationship': 'Outer', 'Parallel Aware': False, 'Async Capable': False, 'Relation Name': 'appointments', 'Alias': 'a', 'Startup Cost': 0.0, 'Total Cost': 8677.0, 'Plan Rows': 500000, 'Plan Width': 8, 'Disabled': False}, {'Node Type': 'Hash', 'Parent Relationship': 'Inner', 'Parallel Aware': False, 'Async Capable': False, 'Startup Cost': 1833.0, 'Total Cost': 1833.0, 'Plan Rows': 100000, 'Plan Width': 17, 'Disabled': False, 'Plans': [{'Node Type': 'Seq Scan', 'Parent Relationship': 'Outer', 'Parallel Aware': False, 'Async Capable': False, 'Relation Name': 'patients', 'Alias': 'p', 'Startup Cost': 0.0, 'Total Cost': 1833.0, 'Plan Rows': 100000, 'Plan Width': 17, 'Disabled': False}]}]}}",670.7542000804096
Q546,3,"SELECT city, COUNT(*)
            FROM patients
            GROUP BY city;","{'Plan': {'Node Type': 'Aggregate', 'Strategy': 'Hashed', 'Partial Mode': 'Simple', 'Parallel Aware': False, 'Async Capable': False, 'Startup Cost': 2333.0, 'Total Cost': 2333.04, 'Plan Rows': 4, 'Plan Width': 14, 'Disabled': False, 'Group Key': ['city'], 'Planned Partitions': 0, 'Plans': [{'Node Type': 'Seq Scan', 'Parent Relationship': 'Outer', 'Parallel Aware': False, 'Async Capable': False, 'Relation Name': 'patients', 'Alias': 'patients', 'Startup Cost': 0.0, 'Total Cost': 1833.0, 'Plan Rows': 100000, 'Plan Width': 6, 'Disabled': False}]}}",13.28280009329319
Q547,3,"SELECT city, COUNT(*)
            FROM patients
            GROUP BY city;","{'Plan': {'Node Type': 'Aggregate', 'Strategy': 'Hashed', 'Partial Mode': 'Simple', 'Parallel Aware': False, 'Async Capable': False, 'Startup Cost': 2333.0, 'Total Cost': 2333.04, 'Plan Rows': 4, 'Plan Width': 14, 'Disabled': False, 'Group Key': ['city'], 'Planned Partitions': 0, 'Plans': [{'Node Type': 'Seq Scan', 'Parent Relationship': 'Outer', 'Parallel Aware': False, 'Async Capable': False, 'Relation Name': 'patients', 'Alias': 'patients', 'Startup Cost': 0.0, 'Total Cost': 1833.0, 'Plan Rows': 100000, 'Plan Width': 6, 'Disabled': False}]}}",14.074399834498763
Q548,2,"SELECT *
            FROM patients
            WHERE city = 'Lucknow';","{'Plan': {'Node Type': 'Seq Scan', 'Parallel Aware': False, 'Async Capable': False, 'Relation Name': 'patients', 'Alias': 'patients', 'Startup Cost': 0.0, 'Total Cost': 2083.0, 'Plan Rows': 24850, 'Plan Width': 32, 'Disabled': False, 'Filter': ""((city)::text = 'Lucknow'::text)""}}",35.015299916267395
Q549,3,"SELECT city, COUNT(*)
            FROM patients
            GROUP BY city;","{'Plan': {'Node Type': 'Aggregate', 'Strategy': 'Hashed', 'Partial Mode': 'Simple', 'Parallel Aware': False, 'Async Capable': False, 'Startup Cost': 2333.0, 'Total Cost': 2333.04, 'Plan Rows': 4, 'Plan Width': 14, 'Disabled': False, 'Group Key': ['city'], 'Planned Partitions': 0, 'Plans': [{'Node Type': 'Seq Scan', 'Parent Relationship': 'Outer', 'Parallel Aware': False, 'Async Capable': False, 'Relation Name': 'patients', 'Alias': 'patients', 'Startup Cost': 0.0, 'Total Cost': 1833.0, 'Plan Rows': 100000, 'Plan Width': 6, 'Disabled': False}]}}",22.40639994852245
Q550,1,"SELECT *
            FROM patients
            WHERE age > 37;","{'Plan': {'Node Type': 'Seq Scan', 'Parallel Aware': False, 'Async Capable': False, 'Relation Name': 'patients', 'Alias': 'patients', 'Startup Cost': 0.0, 'Total Cost': 2083.0, 'Plan Rows': 68290, 'Plan Width': 32, 'Disabled': False, 'Filter': '(age > 37)'}}",97.68379991874099
Q551,3,"SELECT city, COUNT(*)
            FROM patients
            GROUP BY city;","{'Plan': {'Node Type': 'Aggregate', 'Strategy': 'Hashed', 'Partial Mode': 'Simple', 'Parallel Aware': False, 'Async Capable': False, 'Startup Cost': 2333.0, 'Total Cost': 2333.04, 'Plan Rows': 4, 'Plan Width': 14, 'Disabled': False, 'Group Key': ['city'], 'Planned Partitions': 0, 'Plans': [{'Node Type': 'Seq Scan', 'Parent Relationship': 'Outer', 'Parallel Aware': False, 'Async Capable': False, 'Relation Name': 'patients', 'Alias': 'patients', 'Startup Cost': 0.0, 'Total Cost': 1833.0, 'Plan Rows': 100000, 'Plan Width': 6, 'Disabled': False}]}}",13.573599979281425
Q552,2,"SELECT *
            FROM patients
            WHERE city = 'Delhi';","{'Plan': {'Node Type': 'Seq Scan', 'Parallel Aware': False, 'Async Capable': False, 'Relation Name': 'patients', 'Alias': 'patients', 'Startup Cost': 0.0, 'Total Cost': 2083.0, 'Plan Rows': 24947, 'Plan Width': 32, 'Disabled': False, 'Filter': ""((city)::text = 'Delhi'::text)""}}",21.122300066053867
Q553,3,"SELECT city, COUNT(*)
            FROM patients
            GROUP BY city;","{'Plan': {'Node Type': 'Aggregate', 'Strategy': 'Hashed', 'Partial Mode': 'Simple', 'Parallel Aware': False, 'Async Capable': False, 'Startup Cost': 2333.0, 'Total Cost': 2333.04, 'Plan Rows': 4, 'Plan Width': 14, 'Disabled': False, 'Group Key': ['city'], 'Planned Partitions': 0, 'Plans': [{'Node Type': 'Seq Scan', 'Parent Relationship': 'Outer', 'Parallel Aware': False, 'Async Capable': False, 'Relation Name': 'patients', 'Alias': 'patients', 'Startup Cost': 0.0, 'Total Cost': 1833.0, 'Plan Rows': 100000, 'Plan Width': 6, 'Disabled': False}]}}",20.630900049582124
Q554,3,"SELECT city, COUNT(*)
            FROM patients
            GROUP BY city;","{'Plan': {'Node Type': 'Aggregate', 'Strategy': 'Hashed', 'Partial Mode': 'Simple', 'Parallel Aware': False, 'Async Capable': False, 'Startup Cost': 2333.0, 'Total Cost': 2333.04, 'Plan Rows': 4, 'Plan Width': 14, 'Disabled': False, 'Group Key': ['city'], 'Planned Partitions': 0, 'Plans': [{'Node Type': 'Seq Scan', 'Parent Relationship': 'Outer', 'Parallel Aware': False, 'Async Capable': False, 'Relation Name': 'patients', 'Alias': 'patients', 'Startup Cost': 0.0, 'Total Cost': 1833.0, 'Plan Rows': 100000, 'Plan Width': 6, 'Disabled': False}]}}",24.743200046941638
Q555,1,"SELECT *
            FROM patients
            WHERE age > 53;","{'Plan': {'Node Type': 'Seq Scan', 'Parallel Aware': False, 'Async Capable': False, 'Relation Name': 'patients', 'Alias': 'patients', 'Startup Cost': 0.0, 'Total Cost': 2083.0, 'Plan Rows': 42313, 'Plan Width': 32, 'Disabled': False, 'Filter': '(age > 53)'}}",57.28890001773834
Q556,2,"SELECT *
            FROM patients
            WHERE city = 'Lucknow';","{'Plan': {'Node Type': 'Seq Scan', 'Parallel Aware': False, 'Async Capable': False, 'Relation Name': 'patients', 'Alias': 'patients', 'Startup Cost': 0.0, 'Total Cost': 2083.0, 'Plan Rows': 24850, 'Plan Width': 32, 'Disabled': False, 'Filter': ""((city)::text = 'Lucknow'::text)""}}",40.28320009820163
Q557,4,"SELECT p.name, a.appointment_date
            FROM patients p
            JOIN appointments a
            ON p.patient_id = a.patient_id;","{'Plan': {'Node Type': 'Hash Join', 'Parallel Aware': False, 'Async Capable': False, 'Join Type': 'Inner', 'Startup Cost': 3083.0, 'Total Cost': 13072.56, 'Plan Rows': 500000, 'Plan Width': 17, 'Disabled': False, 'Inner Unique': True, 'Hash Cond': '(a.patient_id = p.patient_id)', 'Plans': [{'Node Type': 'Seq Scan', 'Parent Relationship': 'Outer', 'Parallel Aware': False, 'Async Capable': False, 'Relation Name': 'appointments', 'Alias': 'a', 'Startup Cost': 0.0, 'Total Cost': 8677.0, 'Plan Rows': 500000, 'Plan Width': 8, 'Disabled': False}, {'Node Type': 'Hash', 'Parent Relationship': 'Inner', 'Parallel Aware': False, 'Async Capable': False, 'Startup Cost': 1833.0, 'Total Cost': 1833.0, 'Plan Rows': 100000, 'Plan Width': 17, 'Disabled': False, 'Plans': [{'Node Type': 'Seq Scan', 'Parent Relationship': 'Outer', 'Parallel Aware': False, 'Async Capable': False, 'Relation Name': 'patients', 'Alias': 'p', 'Startup Cost': 0.0, 'Total Cost': 1833.0, 'Plan Rows': 100000, 'Plan Width': 17, 'Disabled': False}]}]}}",697.68669991754
Q558,5,"SELECT p.city, COUNT(a.appointment_id)
            FROM patients p
            JOIN appointments a
            ON p.patient_id = a.patient_id
            WHERE p.city = 'Delhi'
            GROUP BY p.city;","{'Plan': {'Node Type': 'Aggregate', 'Strategy': 'Sorted', 'Partial Mode': 'Finalize', 'Parallel Aware': False, 'Async Capable': False, 'Startup Cost': 3394.84, 'Total Cost': 9832.22, 'Plan Rows': 1, 'Plan Width': 14, 'Disabled': False, 'Plans': [{'Node Type': 'Gather', 'Parent Relationship': 'Outer', 'Parallel Aware': False, 'Async Capable': False, 'Startup Cost': 3394.84, 'Total Cost': 9832.21, 'Plan Rows': 2, 'Plan Width': 14, 'Disabled': False, 'Workers Planned': 2, 'Single Copy': False, 'Plans': [{'Node Type': 'Aggregate', 'Strategy': 'Sorted', 'Partial Mode': 'Partial', 'Parent Relationship': 'Outer', 'Parallel Aware': False, 'Async Capable': False, 'Startup Cost': 2394.84, 'Total Cost': 8832.01, 'Plan Rows': 1, 'Plan Width': 14, 'Disabled': False, 'Plans': [{'Node Type': 'Hash Join', 'Parent Relationship': 'Outer', 'Parallel Aware': False, 'Async Capable': False, 'Join Type': 'Inner', 'Startup Cost': 2394.84, 'Total Cost': 8702.07, 'Plan Rows': 51973, 'Plan Width': 10, 'Disabled': False, 'Inner Unique': True, 'Hash Cond': '(a.patient_id = p.patient_id)', 'Plans': [{'Node Type': 'Seq Scan', 'Parent Relationship': 'Outer', 'Parallel Aware': True, 'Async Capable': False, 'Relation Name': 'appointments', 'Alias': 'a', 'Startup Cost': 0.0, 'Total Cost': 5760.33, 'Plan Rows': 208333, 'Plan Width': 8, 'Disabled': False}, {'Node Type': 'Hash', 'Parent Relationship': 'Inner', 'Parallel Aware': False, 'Async Capable': False, 'Startup Cost': 2083.0, 'Total Cost': 2083.0, 'Plan Rows': 24947, 'Plan Width': 10, 'Disabled': False, 'Plans': [{'Node Type': 'Seq Scan', 'Parent Relationship': 'Outer', 'Parallel Aware': False, 'Async Capable': False, 'Relation Name': 'patients', 'Alias': 'p', 'Startup Cost': 0.0, 'Total Cost': 2083.0, 'Plan Rows': 24947, 'Plan Width': 10, 'Disabled': False, 'Filter': ""((city)::text = 'Delhi'::text)""}]}]}]}]}]}}",84.38090002164245
Q559,3,"SELECT city, COUNT(*)
            FROM patients
            GROUP BY city;","{'Plan': {'Node Type': 'Aggregate', 'Strategy': 'Hashed', 'Partial Mode': 'Simple', 'Parallel Aware': False, 'Async Capable': False, 'Startup Cost': 2333.0, 'Total Cost': 2333.04, 'Plan Rows': 4, 'Plan Width': 14, 'Disabled': False, 'Group Key': ['city'], 'Planned Partitions': 0, 'Plans': [{'Node Type': 'Seq Scan', 'Parent Relationship': 'Outer', 'Parallel Aware': False, 'Async Capable': False, 'Relation Name': 'patients', 'Alias': 'patients', 'Startup Cost': 0.0, 'Total Cost': 1833.0, 'Plan Rows': 100000, 'Plan Width': 6, 'Disabled': False}]}}",20.649599842727184
Q560,4,"SELECT p.name, a.appointment_date
            FROM patients p
            JOIN appointments a
            ON p.patient_id = a.patient_id;","{'Plan': {'Node Type': 'Hash Join', 'Parallel Aware': False, 'Async Capable': False, 'Join Type': 'Inner', 'Startup Cost': 3083.0, 'Total Cost': 13072.56, 'Plan Rows': 500000, 'Plan Width': 17, 'Disabled': False, 'Inner Unique': True, 'Hash Cond': '(a.patient_id = p.patient_id)', 'Plans': [{'Node Type': 'Seq Scan', 'Parent Relationship': 'Outer', 'Parallel Aware': False, 'Async Capable': False, 'Relation Name': 'appointments', 'Alias': 'a', 'Startup Cost': 0.0, 'Total Cost': 8677.0, 'Plan Rows': 500000, 'Plan Width': 8, 'Disabled': False}, {'Node Type': 'Hash', 'Parent Relationship': 'Inner', 'Parallel Aware': False, 'Async Capable': False, 'Startup Cost': 1833.0, 'Total Cost': 1833.0, 'Plan Rows': 100000, 'Plan Width': 17, 'Disabled': False, 'Plans': [{'Node Type': 'Seq Scan', 'Parent Relationship': 'Outer', 'Parallel Aware': False, 'Async Capable': False, 'Relation Name': 'patients', 'Alias': 'p', 'Startup Cost': 0.0, 'Total Cost': 1833.0, 'Plan Rows': 100000, 'Plan Width': 17, 'Disabled': False}]}]}}",666.7765998281538
Q561,3,"SELECT city, COUNT(*)
            FROM patients
            GROUP BY city;","{'Plan': {'Node Type': 'Aggregate', 'Strategy': 'Hashed', 'Partial Mode': 'Simple', 'Parallel Aware': False, 'Async Capable': False, 'Startup Cost': 2333.0, 'Total Cost': 2333.04, 'Plan Rows': 4, 'Plan Width': 14, 'Disabled': False, 'Group Key': ['city'], 'Planned Partitions': 0, 'Plans': [{'Node Type': 'Seq Scan', 'Parent Relationship': 'Outer', 'Parallel Aware': False, 'Async Capable': False, 'Relation Name': 'patients', 'Alias': 'patients', 'Startup Cost': 0.0, 'Total Cost': 1833.0, 'Plan Rows': 100000, 'Plan Width': 6, 'Disabled': False}]}}",13.863400090485811
Q562,3,"SELECT city, COUNT(*)
            FROM patients
            GROUP BY city;","{'Plan': {'Node Type': 'Aggregate', 'Strategy': 'Hashed', 'Partial Mode': 'Simple', 'Parallel Aware': False, 'Async Capable': False, 'Startup Cost': 2333.0, 'Total Cost': 2333.04, 'Plan Rows': 4, 'Plan Width': 14, 'Disabled': False, 'Group Key': ['city'], 'Planned Partitions': 0, 'Plans': [{'Node Type': 'Seq Scan', 'Parent Relationship': 'Outer', 'Parallel Aware': False, 'Async Capable': False, 'Relation Name': 'patients', 'Alias': 'patients', 'Startup Cost': 0.0, 'Total Cost': 1833.0, 'Plan Rows': 100000, 'Plan Width': 6, 'Disabled': False}]}}",13.407299993559718
Q563,1,"SELECT *
            FROM patients
            WHERE age > 69;","{'Plan': {'Node Type': 'Seq Scan', 'Parallel Aware': False, 'Async Capable': False, 'Relation Name': 'patients', 'Alias': 'patients', 'Startup Cost': 0.0, 'Total Cost': 2083.0, 'Plan Rows': 17320, 'Plan Width': 32, 'Disabled': False, 'Filter': '(age > 69)'}}",25.873800041154027
Q564,4,"SELECT p.name, a.appointment_date
            FROM patients p
            JOIN appointments a
            ON p.patient_id = a.patient_id;","{'Plan': {'Node Type': 'Hash Join', 'Parallel Aware': False, 'Async Capable': False, 'Join Type': 'Inner', 'Startup Cost': 3083.0, 'Total Cost': 13072.56, 'Plan Rows': 500000, 'Plan Width': 17, 'Disabled': False, 'Inner Unique': True, 'Hash Cond': '(a.patient_id = p.patient_id)', 'Plans': [{'Node Type': 'Seq Scan', 'Parent Relationship': 'Outer', 'Parallel Aware': False, 'Async Capable': False, 'Relation Name': 'appointments', 'Alias': 'a', 'Startup Cost': 0.0, 'Total Cost': 8677.0, 'Plan Rows': 500000, 'Plan Width': 8, 'Disabled': False}, {'Node Type': 'Hash', 'Parent Relationship': 'Inner', 'Parallel Aware': False, 'Async Capable': False, 'Startup Cost': 1833.0, 'Total Cost': 1833.0, 'Plan Rows': 100000, 'Plan Width': 17, 'Disabled': False, 'Plans': [{'Node Type': 'Seq Scan', 'Parent Relationship': 'Outer', 'Parallel Aware': False, 'Async Capable': False, 'Relation Name': 'patients', 'Alias': 'p', 'Startup Cost': 0.0, 'Total Cost': 1833.0, 'Plan Rows': 100000, 'Plan Width': 17, 'Disabled': False}]}]}}",595.3029999509454
Q565,1,"SELECT *
            FROM patients
            WHERE age > 63;","{'Plan': {'Node Type': 'Seq Scan', 'Parallel Aware': False, 'Async Capable': False, 'Relation Name': 'patients', 'Alias': 'patients', 'Startup Cost': 0.0, 'Total Cost': 2083.0, 'Plan Rows': 26780, 'Plan Width': 32, 'Disabled': False, 'Filter': '(age > 63)'}}",24.968800134956837
Q566,2,"SELECT *
            FROM patients
            WHERE city = 'Kanpur';","{'Plan': {'Node Type': 'Seq Scan', 'Parallel Aware': False, 'Async Capable': False, 'Relation Name': 'patients', 'Alias': 'patients', 'Startup Cost': 0.0, 'Total Cost': 2083.0, 'Plan Rows': 25197, 'Plan Width': 32, 'Disabled': False, 'Filter': ""((city)::text = 'Kanpur'::text)""}}",34.606700064614415
Q567,3,"SELECT city, COUNT(*)
            FROM patients
            GROUP BY city;","{'Plan': {'Node Type': 'Aggregate', 'Strategy': 'Hashed', 'Partial Mode': 'Simple', 'Parallel Aware': False, 'Async Capable': False, 'Startup Cost': 2333.0, 'Total Cost': 2333.04, 'Plan Rows': 4, 'Plan Width': 14, 'Disabled': False, 'Group Key': ['city'], 'Planned Partitions': 0, 'Plans': [{'Node Type': 'Seq Scan', 'Parent Relationship': 'Outer', 'Parallel Aware': False, 'Async Capable': False, 'Relation Name': 'patients', 'Alias': 'patients', 'Startup Cost': 0.0, 'Total Cost': 1833.0, 'Plan Rows': 100000, 'Plan Width': 6, 'Disabled': False}]}}",20.40749997831881
Q568,3,"SELECT city, COUNT(*)
            FROM patients
            GROUP BY city;","{'Plan': {'Node Type': 'Aggregate', 'Strategy': 'Hashed', 'Partial Mode': 'Simple', 'Parallel Aware': False, 'Async Capable': False, 'Startup Cost': 2333.0, 'Total Cost': 2333.04, 'Plan Rows': 4, 'Plan Width': 14, 'Disabled': False, 'Group Key': ['city'], 'Planned Partitions': 0, 'Plans': [{'Node Type': 'Seq Scan', 'Parent Relationship': 'Outer', 'Parallel Aware': False, 'Async Capable': False, 'Relation Name': 'patients', 'Alias': 'patients', 'Startup Cost': 0.0, 'Total Cost': 1833.0, 'Plan Rows': 100000, 'Plan Width': 6, 'Disabled': False}]}}",20.68759989924729
Q569,2,"SELECT *
            FROM patients
            WHERE city = 'Lucknow';","{'Plan': {'Node Type': 'Seq Scan', 'Parallel Aware': False, 'Async Capable': False, 'Relation Name': 'patients', 'Alias': 'patients', 'Startup Cost': 0.0, 'Total Cost': 2083.0, 'Plan Rows': 24850, 'Plan Width': 32, 'Disabled': False, 'Filter': ""((city)::text = 'Lucknow'::text)""}}",30.045799911022186
Q570,5,"SELECT p.city, COUNT(a.appointment_id)
            FROM patients p
            JOIN appointments a
            ON p.patient_id = a.patient_id
            WHERE p.city = 'Lucknow'
            GROUP BY p.city;","{'Plan': {'Node Type': 'Aggregate', 'Strategy': 'Sorted', 'Partial Mode': 'Finalize', 'Parallel Aware': False, 'Async Capable': False, 'Startup Cost': 3393.62, 'Total Cost': 9830.51, 'Plan Rows': 1, 'Plan Width': 14, 'Disabled': False, 'Plans': [{'Node Type': 'Gather', 'Parent Relationship': 'Outer', 'Parallel Aware': False, 'Async Capable': False, 'Startup Cost': 3393.62, 'Total Cost': 9830.49, 'Plan Rows': 2, 'Plan Width': 14, 'Disabled': False, 'Workers Planned': 2, 'Single Copy': False, 'Plans': [{'Node Type': 'Aggregate', 'Strategy': 'Sorted', 'Partial Mode': 'Partial', 'Parent Relationship': 'Outer', 'Parallel Aware': False, 'Async Capable': False, 'Startup Cost': 2393.62, 'Total Cost': 8830.29, 'Plan Rows': 1, 'Plan Width': 14, 'Disabled': False, 'Plans': [{'Node Type': 'Hash Join', 'Parent Relationship': 'Outer', 'Parallel Aware': False, 'Async Capable': False, 'Join Type': 'Inner', 'Startup Cost': 2393.62, 'Total Cost': 8700.85, 'Plan Rows': 51771, 'Plan Width': 10, 'Disabled': False, 'Inner Unique': True, 'Hash Cond': '(a.patient_id = p.patient_id)', 'Plans': [{'Node Type': 'Seq Scan', 'Parent Relationship': 'Outer', 'Parallel Aware': True, 'Async Capable': False, 'Relation Name': 'appointments', 'Alias': 'a', 'Startup Cost': 0.0, 'Total Cost': 5760.33, 'Plan Rows': 208333, 'Plan Width': 8, 'Disabled': False}, {'Node Type': 'Hash', 'Parent Relationship': 'Inner', 'Parallel Aware': False, 'Async Capable': False, 'Startup Cost': 2083.0, 'Total Cost': 2083.0, 'Plan Rows': 24850, 'Plan Width': 10, 'Disabled': False, 'Plans': [{'Node Type': 'Seq Scan', 'Parent Relationship': 'Outer', 'Parallel Aware': False, 'Async Capable': False, 'Relation Name': 'patients', 'Alias': 'p', 'Startup Cost': 0.0, 'Total Cost': 2083.0, 'Plan Rows': 24850, 'Plan Width': 10, 'Disabled': False, 'Filter': ""((city)::text = 'Lucknow'::text)""}]}]}]}]}]}}",86.59999980591238
Q571,5,"SELECT p.city, COUNT(a.appointment_id)
            FROM patients p
            JOIN appointments a
            ON p.patient_id = a.patient_id
            WHERE p.city = 'Mumbai'
            GROUP BY p.city;","{'Plan': {'Node Type': 'Aggregate', 'Strategy': 'Sorted', 'Partial Mode': 'Finalize', 'Parallel Aware': False, 'Async Capable': False, 'Startup Cost': 3395.59, 'Total Cost': 9833.29, 'Plan Rows': 1, 'Plan Width': 14, 'Disabled': False, 'Plans': [{'Node Type': 'Gather', 'Parent Relationship': 'Outer', 'Parallel Aware': False, 'Async Capable': False, 'Startup Cost': 3395.59, 'Total Cost': 9833.27, 'Plan Rows': 2, 'Plan Width': 14, 'Disabled': False, 'Workers Planned': 2, 'Single Copy': False, 'Plans': [{'Node Type': 'Aggregate', 'Strategy': 'Sorted', 'Partial Mode': 'Partial', 'Parent Relationship': 'Outer', 'Parallel Aware': False, 'Async Capable': False, 'Startup Cost': 2395.59, 'Total Cost': 8833.07, 'Plan Rows': 1, 'Plan Width': 14, 'Disabled': False, 'Plans': [{'Node Type': 'Hash Join', 'Parent Relationship': 'Outer', 'Parallel Aware': False, 'Async Capable': False, 'Join Type': 'Inner', 'Startup Cost': 2395.59, 'Total Cost': 8702.82, 'Plan Rows': 52098, 'Plan Width': 10, 'Disabled': False, 'Inner Unique': True, 'Hash Cond': '(a.patient_id = p.patient_id)', 'Plans': [{'Node Type': 'Seq Scan', 'Parent Relationship': 'Outer', 'Parallel Aware': True, 'Async Capable': False, 'Relation Name': 'appointments', 'Alias': 'a', 'Startup Cost': 0.0, 'Total Cost': 5760.33, 'Plan Rows': 208333, 'Plan Width': 8, 'Disabled': False}, {'Node Type': 'Hash', 'Parent Relationship': 'Inner', 'Parallel Aware': False, 'Async Capable': False, 'Startup Cost': 2083.0, 'Total Cost': 2083.0, 'Plan Rows': 25007, 'Plan Width': 10, 'Disabled': False, 'Plans': [{'Node Type': 'Seq Scan', 'Parent Relationship': 'Outer', 'Parallel Aware': False, 'Async Capable': False, 'Relation Name': 'patients', 'Alias': 'p', 'Startup Cost': 0.0, 'Total Cost': 2083.0, 'Plan Rows': 25007, 'Plan Width': 10, 'Disabled': False, 'Filter': ""((city)::text = 'Mumbai'::text)""}]}]}]}]}]}}",92.32360008172691
Q572,2,"SELECT *
            FROM patients
            WHERE city = 'Mumbai';","{'Plan': {'Node Type': 'Seq Scan', 'Parallel Aware': False, 'Async Capable': False, 'Relation Name': 'patients', 'Alias': 'patients', 'Startup Cost': 0.0, 'Total Cost': 2083.0, 'Plan Rows': 25007, 'Plan Width': 32, 'Disabled': False, 'Filter': ""((city)::text = 'Mumbai'::text)""}}",31.14380012266338
Q573,1,"SELECT *
            FROM patients
            WHERE age > 63;","{'Plan': {'Node Type': 'Seq Scan', 'Parallel Aware': False, 'Async Capable': False, 'Relation Name': 'patients', 'Alias': 'patients', 'Startup Cost': 0.0, 'Total Cost': 2083.0, 'Plan Rows': 26780, 'Plan Width': 32, 'Disabled': False, 'Filter': '(age > 63)'}}",33.28750003129244
Q574,4,"SELECT p.name, a.appointment_date
            FROM patients p
            JOIN appointments a
            ON p.patient_id = a.patient_id;","{'Plan': {'Node Type': 'Hash Join', 'Parallel Aware': False, 'Async Capable': False, 'Join Type': 'Inner', 'Startup Cost': 3083.0, 'Total Cost': 13072.56, 'Plan Rows': 500000, 'Plan Width': 17, 'Disabled': False, 'Inner Unique': True, 'Hash Cond': '(a.patient_id = p.patient_id)', 'Plans': [{'Node Type': 'Seq Scan', 'Parent Relationship': 'Outer', 'Parallel Aware': False, 'Async Capable': False, 'Relation Name': 'appointments', 'Alias': 'a', 'Startup Cost': 0.0, 'Total Cost': 8677.0, 'Plan Rows': 500000, 'Plan Width': 8, 'Disabled': False}, {'Node Type': 'Hash', 'Parent Relationship': 'Inner', 'Parallel Aware': False, 'Async Capable': False, 'Startup Cost': 1833.0, 'Total Cost': 1833.0, 'Plan Rows': 100000, 'Plan Width': 17, 'Disabled': False, 'Plans': [{'Node Type': 'Seq Scan', 'Parent Relationship': 'Outer', 'Parallel Aware': False, 'Async Capable': False, 'Relation Name': 'patients', 'Alias': 'p', 'Startup Cost': 0.0, 'Total Cost': 1833.0, 'Plan Rows': 100000, 'Plan Width': 17, 'Disabled': False}]}]}}",609.8553000483662
Q575,1,"SELECT *
            FROM patients
            WHERE age > 54;","{'Plan': {'Node Type': 'Seq Scan', 'Parallel Aware': False, 'Async Capable': False, 'Relation Name': 'patients', 'Alias': 'patients', 'Startup Cost': 0.0, 'Total Cost': 2083.0, 'Plan Rows': 40580, 'Plan Width': 32, 'Disabled': False, 'Filter': '(age > 54)'}}",47.933800145983696
Q576,5,"SELECT p.city, COUNT(a.appointment_id)
            FROM patients p
            JOIN appointments a
            ON p.patient_id = a.patient_id
            WHERE p.city = 'Kanpur'
            GROUP BY p.city;","{'Plan': {'Node Type': 'Aggregate', 'Strategy': 'Sorted', 'Partial Mode': 'Finalize', 'Parallel Aware': False, 'Async Capable': False, 'Startup Cost': 3397.96, 'Total Cost': 9836.65, 'Plan Rows': 1, 'Plan Width': 14, 'Disabled': False, 'Plans': [{'Node Type': 'Gather', 'Parent Relationship': 'Outer', 'Parallel Aware': False, 'Async Capable': False, 'Startup Cost': 3397.96, 'Total Cost': 9836.64, 'Plan Rows': 2, 'Plan Width': 14, 'Disabled': False, 'Workers Planned': 2, 'Single Copy': False, 'Plans': [{'Node Type': 'Aggregate', 'Strategy': 'Sorted', 'Partial Mode': 'Partial', 'Parent Relationship': 'Outer', 'Parallel Aware': False, 'Async Capable': False, 'Startup Cost': 2397.96, 'Total Cost': 8836.44, 'Plan Rows': 1, 'Plan Width': 14, 'Disabled': False, 'Plans': [{'Node Type': 'Hash Join', 'Parent Relationship': 'Outer', 'Parallel Aware': False, 'Async Capable': False, 'Join Type': 'Inner', 'Startup Cost': 2397.96, 'Total Cost': 8705.19, 'Plan Rows': 52494, 'Plan Width': 10, 'Disabled': False, 'Inner Unique': True, 'Hash Cond': '(a.patient_id = p.patient_id)', 'Plans': [{'Node Type': 'Seq Scan', 'Parent Relationship': 'Outer', 'Parallel Aware': True, 'Async Capable': False, 'Relation Name': 'appointments', 'Alias': 'a', 'Startup Cost': 0.0, 'Total Cost': 5760.33, 'Plan Rows': 208333, 'Plan Width': 8, 'Disabled': False}, {'Node Type': 'Hash', 'Parent Relationship': 'Inner', 'Parallel Aware': False, 'Async Capable': False, 'Startup Cost': 2083.0, 'Total Cost': 2083.0, 'Plan Rows': 25197, 'Plan Width': 10, 'Disabled': False, 'Plans': [{'Node Type': 'Seq Scan', 'Parent Relationship': 'Outer', 'Parallel Aware': False, 'Async Capable': False, 'Relation Name': 'patients', 'Alias': 'p', 'Startup Cost': 0.0, 'Total Cost': 2083.0, 'Plan Rows': 25197, 'Plan Width': 10, 'Disabled': False, 'Filter': ""((city)::text = 'Kanpur'::text)""}]}]}]}]}]}}",91.38150000944734
Q577,4,"SELECT p.name, a.appointment_date
            FROM patients p
            JOIN appointments a
            ON p.patient_id = a.patient_id;","{'Plan': {'Node Type': 'Hash Join', 'Parallel Aware': False, 'Async Capable': False, 'Join Type': 'Inner', 'Startup Cost': 3083.0, 'Total Cost': 13072.56, 'Plan Rows': 500000, 'Plan Width': 17, 'Disabled': False, 'Inner Unique': True, 'Hash Cond': '(a.patient_id = p.patient_id)', 'Plans': [{'Node Type': 'Seq Scan', 'Parent Relationship': 'Outer', 'Parallel Aware': False, 'Async Capable': False, 'Relation Name': 'appointments', 'Alias': 'a', 'Startup Cost': 0.0, 'Total Cost': 8677.0, 'Plan Rows': 500000, 'Plan Width': 8, 'Disabled': False}, {'Node Type': 'Hash', 'Parent Relationship': 'Inner', 'Parallel Aware': False, 'Async Capable': False, 'Startup Cost': 1833.0, 'Total Cost': 1833.0, 'Plan Rows': 100000, 'Plan Width': 17, 'Disabled': False, 'Plans': [{'Node Type': 'Seq Scan', 'Parent Relationship': 'Outer', 'Parallel Aware': False, 'Async Capable': False, 'Relation Name': 'patients', 'Alias': 'p', 'Startup Cost': 0.0, 'Total Cost': 1833.0, 'Plan Rows': 100000, 'Plan Width': 17, 'Disabled': False}]}]}}",631.3185999169946
Q578,1,"SELECT *
            FROM patients
            WHERE age > 66;","{'Plan': {'Node Type': 'Seq Scan', 'Parallel Aware': False, 'Async Capable': False, 'Relation Name': 'patients', 'Alias': 'patients', 'Startup Cost': 0.0, 'Total Cost': 2083.0, 'Plan Rows': 22193, 'Plan Width': 32, 'Disabled': False, 'Filter': '(age > 66)'}}",37.16300008818507
Q579,5,"SELECT p.city, COUNT(a.appointment_id)
            FROM patients p
            JOIN appointments a
            ON p.patient_id = a.patient_id
            WHERE p.city = 'Lucknow'
            GROUP BY p.city;","{'Plan': {'Node Type': 'Aggregate', 'Strategy': 'Sorted', 'Partial Mode': 'Finalize', 'Parallel Aware': False, 'Async Capable': False, 'Startup Cost': 3393.62, 'Total Cost': 9830.51, 'Plan Rows': 1, 'Plan Width': 14, 'Disabled': False, 'Plans': [{'Node Type': 'Gather', 'Parent Relationship': 'Outer', 'Parallel Aware': False, 'Async Capable': False, 'Startup Cost': 3393.62, 'Total Cost': 9830.49, 'Plan Rows': 2, 'Plan Width': 14, 'Disabled': False, 'Workers Planned': 2, 'Single Copy': False, 'Plans': [{'Node Type': 'Aggregate', 'Strategy': 'Sorted', 'Partial Mode': 'Partial', 'Parent Relationship': 'Outer', 'Parallel Aware': False, 'Async Capable': False, 'Startup Cost': 2393.62, 'Total Cost': 8830.29, 'Plan Rows': 1, 'Plan Width': 14, 'Disabled': False, 'Plans': [{'Node Type': 'Hash Join', 'Parent Relationship': 'Outer', 'Parallel Aware': False, 'Async Capable': False, 'Join Type': 'Inner', 'Startup Cost': 2393.62, 'Total Cost': 8700.85, 'Plan Rows': 51771, 'Plan Width': 10, 'Disabled': False, 'Inner Unique': True, 'Hash Cond': '(a.patient_id = p.patient_id)', 'Plans': [{'Node Type': 'Seq Scan', 'Parent Relationship': 'Outer', 'Parallel Aware': True, 'Async Capable': False, 'Relation Name': 'appointments', 'Alias': 'a', 'Startup Cost': 0.0, 'Total Cost': 5760.33, 'Plan Rows': 208333, 'Plan Width': 8, 'Disabled': False}, {'Node Type': 'Hash', 'Parent Relationship': 'Inner', 'Parallel Aware': False, 'Async Capable': False, 'Startup Cost': 2083.0, 'Total Cost': 2083.0, 'Plan Rows': 24850, 'Plan Width': 10, 'Disabled': False, 'Plans': [{'Node Type': 'Seq Scan', 'Parent Relationship': 'Outer', 'Parallel Aware': False, 'Async Capable': False, 'Relation Name': 'patients', 'Alias': 'p', 'Startup Cost': 0.0, 'Total Cost': 2083.0, 'Plan Rows': 24850, 'Plan Width': 10, 'Disabled': False, 'Filter': ""((city)::text = 'Lucknow'::text)""}]}]}]}]}]}}",93.47219998016953
Q580,1,"SELECT *
            FROM patients
            WHERE age > 37;","{'Plan': {'Node Type': 'Seq Scan', 'Parallel Aware': False, 'Async Capable': False, 'Relation Name': 'patients', 'Alias': 'patients', 'Startup Cost': 0.0, 'Total Cost': 2083.0, 'Plan Rows': 68290, 'Plan Width': 32, 'Disabled': False, 'Filter': '(age > 37)'}}",69.22199996188283
Q581,2,"SELECT *
            FROM patients
            WHERE city = 'Delhi';","{'Plan': {'Node Type': 'Seq Scan', 'Parallel Aware': False, 'Async Capable': False, 'Relation Name': 'patients', 'Alias': 'patients', 'Startup Cost': 0.0, 'Total Cost': 2083.0, 'Plan Rows': 24947, 'Plan Width': 32, 'Disabled': False, 'Filter': ""((city)::text = 'Delhi'::text)""}}",19.877600017935038
Q582,2,"SELECT *
            FROM patients
            WHERE city = 'Kanpur';","{'Plan': {'Node Type': 'Seq Scan', 'Parallel Aware': False, 'Async Capable': False, 'Relation Name': 'patients', 'Alias': 'patients', 'Startup Cost': 0.0, 'Total Cost': 2083.0, 'Plan Rows': 25197, 'Plan Width': 32, 'Disabled': False, 'Filter': ""((city)::text = 'Kanpur'::text)""}}",26.42350015230477
Q583,2,"SELECT *
            FROM patients
            WHERE city = 'Delhi';","{'Plan': {'Node Type': 'Seq Scan', 'Parallel Aware': False, 'Async Capable': False, 'Relation Name': 'patients', 'Alias': 'patients', 'Startup Cost': 0.0, 'Total Cost': 2083.0, 'Plan Rows': 24947, 'Plan Width': 32, 'Disabled': False, 'Filter': ""((city)::text = 'Delhi'::text)""}}",43.525899993255734
Q584,2,"SELECT *
            FROM patients
            WHERE city = 'Kanpur';","{'Plan': {'Node Type': 'Seq Scan', 'Parallel Aware': False, 'Async Capable': False, 'Relation Name': 'patients', 'Alias': 'patients', 'Startup Cost': 0.0, 'Total Cost': 2083.0, 'Plan Rows': 25197, 'Plan Width': 32, 'Disabled': False, 'Filter': ""((city)::text = 'Kanpur'::text)""}}",33.793200040236115
Q585,3,"SELECT city, COUNT(*)
            FROM patients
            GROUP BY city;","{'Plan': {'Node Type': 'Aggregate', 'Strategy': 'Hashed', 'Partial Mode': 'Simple', 'Parallel Aware': False, 'Async Capable': False, 'Startup Cost': 2333.0, 'Total Cost': 2333.04, 'Plan Rows': 4, 'Plan Width': 14, 'Disabled': False, 'Group Key': ['city'], 'Planned Partitions': 0, 'Plans': [{'Node Type': 'Seq Scan', 'Parent Relationship': 'Outer', 'Parallel Aware': False, 'Async Capable': False, 'Relation Name': 'patients', 'Alias': 'patients', 'Startup Cost': 0.0, 'Total Cost': 1833.0, 'Plan Rows': 100000, 'Plan Width': 6, 'Disabled': False}]}}",19.950899994000793
Q586,2,"SELECT *
            FROM patients
            WHERE city = 'Delhi';","{'Plan': {'Node Type': 'Seq Scan', 'Parallel Aware': False, 'Async Capable': False, 'Relation Name': 'patients', 'Alias': 'patients', 'Startup Cost': 0.0, 'Total Cost': 2083.0, 'Plan Rows': 24947, 'Plan Width': 32, 'Disabled': False, 'Filter': ""((city)::text = 'Delhi'::text)""}}",37.50209999270737
Q587,1,"SELECT *
            FROM patients
            WHERE age > 64;","{'Plan': {'Node Type': 'Seq Scan', 'Parallel Aware': False, 'Async Capable': False, 'Relation Name': 'patients', 'Alias': 'patients', 'Startup Cost': 0.0, 'Total Cost': 2083.0, 'Plan Rows': 25233, 'Plan Width': 32, 'Disabled': False, 'Filter': '(age > 64)'}}",30.833599856123328
Q588,5,"SELECT p.city, COUNT(a.appointment_id)
            FROM patients p
            JOIN appointments a
            ON p.patient_id = a.patient_id
            WHERE p.city = 'Lucknow'
            GROUP BY p.city;","{'Plan': {'Node Type': 'Aggregate', 'Strategy': 'Sorted', 'Partial Mode': 'Finalize', 'Parallel Aware': False, 'Async Capable': False, 'Startup Cost': 3393.62, 'Total Cost': 9830.51, 'Plan Rows': 1, 'Plan Width': 14, 'Disabled': False, 'Plans': [{'Node Type': 'Gather', 'Parent Relationship': 'Outer', 'Parallel Aware': False, 'Async Capable': False, 'Startup Cost': 3393.62, 'Total Cost': 9830.49, 'Plan Rows': 2, 'Plan Width': 14, 'Disabled': False, 'Workers Planned': 2, 'Single Copy': False, 'Plans': [{'Node Type': 'Aggregate', 'Strategy': 'Sorted', 'Partial Mode': 'Partial', 'Parent Relationship': 'Outer', 'Parallel Aware': False, 'Async Capable': False, 'Startup Cost': 2393.62, 'Total Cost': 8830.29, 'Plan Rows': 1, 'Plan Width': 14, 'Disabled': False, 'Plans': [{'Node Type': 'Hash Join', 'Parent Relationship': 'Outer', 'Parallel Aware': False, 'Async Capable': False, 'Join Type': 'Inner', 'Startup Cost': 2393.62, 'Total Cost': 8700.85, 'Plan Rows': 51771, 'Plan Width': 10, 'Disabled': False, 'Inner Unique': True, 'Hash Cond': '(a.patient_id = p.patient_id)', 'Plans': [{'Node Type': 'Seq Scan', 'Parent Relationship': 'Outer', 'Parallel Aware': True, 'Async Capable': False, 'Relation Name': 'appointments', 'Alias': 'a', 'Startup Cost': 0.0, 'Total Cost': 5760.33, 'Plan Rows': 208333, 'Plan Width': 8, 'Disabled': False}, {'Node Type': 'Hash', 'Parent Relationship': 'Inner', 'Parallel Aware': False, 'Async Capable': False, 'Startup Cost': 2083.0, 'Total Cost': 2083.0, 'Plan Rows': 24850, 'Plan Width': 10, 'Disabled': False, 'Plans': [{'Node Type': 'Seq Scan', 'Parent Relationship': 'Outer', 'Parallel Aware': False, 'Async Capable': False, 'Relation Name': 'patients', 'Alias': 'p', 'Startup Cost': 0.0, 'Total Cost': 2083.0, 'Plan Rows': 24850, 'Plan Width': 10, 'Disabled': False, 'Filter': ""((city)::text = 'Lucknow'::text)""}]}]}]}]}]}}",91.83260006830096
Q589,4,"SELECT p.name, a.appointment_date
            FROM patients p
            JOIN appointments a
            ON p.patient_id = a.patient_id;","{'Plan': {'Node Type': 'Hash Join', 'Parallel Aware': False, 'Async Capable': False, 'Join Type': 'Inner', 'Startup Cost': 3083.0, 'Total Cost': 13072.56, 'Plan Rows': 500000, 'Plan Width': 17, 'Disabled': False, 'Inner Unique': True, 'Hash Cond': '(a.patient_id = p.patient_id)', 'Plans': [{'Node Type': 'Seq Scan', 'Parent Relationship': 'Outer', 'Parallel Aware': False, 'Async Capable': False, 'Relation Name': 'appointments', 'Alias': 'a', 'Startup Cost': 0.0, 'Total Cost': 8677.0, 'Plan Rows': 500000, 'Plan Width': 8, 'Disabled': False}, {'Node Type': 'Hash', 'Parent Relationship': 'Inner', 'Parallel Aware': False, 'Async Capable': False, 'Startup Cost': 1833.0, 'Total Cost': 1833.0, 'Plan Rows': 100000, 'Plan Width': 17, 'Disabled': False, 'Plans': [{'Node Type': 'Seq Scan', 'Parent Relationship': 'Outer', 'Parallel Aware': False, 'Async Capable': False, 'Relation Name': 'patients', 'Alias': 'p', 'Startup Cost': 0.0, 'Total Cost': 1833.0, 'Plan Rows': 100000, 'Plan Width': 17, 'Disabled': False}]}]}}",640.2602000162005
Q590,2,"SELECT *
            FROM patients
            WHERE city = 'Kanpur';","{'Plan': {'Node Type': 'Seq Scan', 'Parallel Aware': False, 'Async Capable': False, 'Relation Name': 'patients', 'Alias': 'patients', 'Startup Cost': 0.0, 'Total Cost': 2083.0, 'Plan Rows': 25197, 'Plan Width': 32, 'Disabled': False, 'Filter': ""((city)::text = 'Kanpur'::text)""}}",40.00330017879605
Q591,3,"SELECT city, COUNT(*)
            FROM patients
            GROUP BY city;","{'Plan': {'Node Type': 'Aggregate', 'Strategy': 'Hashed', 'Partial Mode': 'Simple', 'Parallel Aware': False, 'Async Capable': False, 'Startup Cost': 2333.0, 'Total Cost': 2333.04, 'Plan Rows': 4, 'Plan Width': 14, 'Disabled': False, 'Group Key': ['city'], 'Planned Partitions': 0, 'Plans': [{'Node Type': 'Seq Scan', 'Parent Relationship': 'Outer', 'Parallel Aware': False, 'Async Capable': False, 'Relation Name': 'patients', 'Alias': 'patients', 'Startup Cost': 0.0, 'Total Cost': 1833.0, 'Plan Rows': 100000, 'Plan Width': 6, 'Disabled': False}]}}",14.513999922201037
Q592,4,"SELECT p.name, a.appointment_date
            FROM patients p
            JOIN appointments a
            ON p.patient_id = a.patient_id;","{'Plan': {'Node Type': 'Hash Join', 'Parallel Aware': False, 'Async Capable': False, 'Join Type': 'Inner', 'Startup Cost': 3083.0, 'Total Cost': 13072.56, 'Plan Rows': 500000, 'Plan Width': 17, 'Disabled': False, 'Inner Unique': True, 'Hash Cond': '(a.patient_id = p.patient_id)', 'Plans': [{'Node Type': 'Seq Scan', 'Parent Relationship': 'Outer', 'Parallel Aware': False, 'Async Capable': False, 'Relation Name': 'appointments', 'Alias': 'a', 'Startup Cost': 0.0, 'Total Cost': 8677.0, 'Plan Rows': 500000, 'Plan Width': 8, 'Disabled': False}, {'Node Type': 'Hash', 'Parent Relationship': 'Inner', 'Parallel Aware': False, 'Async Capable': False, 'Startup Cost': 1833.0, 'Total Cost': 1833.0, 'Plan Rows': 100000, 'Plan Width': 17, 'Disabled': False, 'Plans': [{'Node Type': 'Seq Scan', 'Parent Relationship': 'Outer', 'Parallel Aware': False, 'Async Capable': False, 'Relation Name': 'patients', 'Alias': 'p', 'Startup Cost': 0.0, 'Total Cost': 1833.0, 'Plan Rows': 100000, 'Plan Width': 17, 'Disabled': False}]}]}}",657.7738998457789
Q593,2,"SELECT *
            FROM patients
            WHERE city = 'Delhi';","{'Plan': {'Node Type': 'Seq Scan', 'Parallel Aware': False, 'Async Capable': False, 'Relation Name': 'patients', 'Alias': 'patients', 'Startup Cost': 0.0, 'Total Cost': 2083.0, 'Plan Rows': 24947, 'Plan Width': 32, 'Disabled': False, 'Filter': ""((city)::text = 'Delhi'::text)""}}",36.43610002472997
Q594,5,"SELECT p.city, COUNT(a.appointment_id)
            FROM patients p
            JOIN appointments a
            ON p.patient_id = a.patient_id
            WHERE p.city = 'Lucknow'
            GROUP BY p.city;","{'Plan': {'Node Type': 'Aggregate', 'Strategy': 'Sorted', 'Partial Mode': 'Finalize', 'Parallel Aware': False, 'Async Capable': False, 'Startup Cost': 3393.62, 'Total Cost': 9830.51, 'Plan Rows': 1, 'Plan Width': 14, 'Disabled': False, 'Plans': [{'Node Type': 'Gather', 'Parent Relationship': 'Outer', 'Parallel Aware': False, 'Async Capable': False, 'Startup Cost': 3393.62, 'Total Cost': 9830.49, 'Plan Rows': 2, 'Plan Width': 14, 'Disabled': False, 'Workers Planned': 2, 'Single Copy': False, 'Plans': [{'Node Type': 'Aggregate', 'Strategy': 'Sorted', 'Partial Mode': 'Partial', 'Parent Relationship': 'Outer', 'Parallel Aware': False, 'Async Capable': False, 'Startup Cost': 2393.62, 'Total Cost': 8830.29, 'Plan Rows': 1, 'Plan Width': 14, 'Disabled': False, 'Plans': [{'Node Type': 'Hash Join', 'Parent Relationship': 'Outer', 'Parallel Aware': False, 'Async Capable': False, 'Join Type': 'Inner', 'Startup Cost': 2393.62, 'Total Cost': 8700.85, 'Plan Rows': 51771, 'Plan Width': 10, 'Disabled': False, 'Inner Unique': True, 'Hash Cond': '(a.patient_id = p.patient_id)', 'Plans': [{'Node Type': 'Seq Scan', 'Parent Relationship': 'Outer', 'Parallel Aware': True, 'Async Capable': False, 'Relation Name': 'appointments', 'Alias': 'a', 'Startup Cost': 0.0, 'Total Cost': 5760.33, 'Plan Rows': 208333, 'Plan Width': 8, 'Disabled': False}, {'Node Type': 'Hash', 'Parent Relationship': 'Inner', 'Parallel Aware': False, 'Async Capable': False, 'Startup Cost': 2083.0, 'Total Cost': 2083.0, 'Plan Rows': 24850, 'Plan Width': 10, 'Disabled': False, 'Plans': [{'Node Type': 'Seq Scan', 'Parent Relationship': 'Outer', 'Parallel Aware': False, 'Async Capable': False, 'Relation Name': 'patients', 'Alias': 'p', 'Startup Cost': 0.0, 'Total Cost': 2083.0, 'Plan Rows': 24850, 'Plan Width': 10, 'Disabled': False, 'Filter': ""((city)::text = 'Lucknow'::text)""}]}]}]}]}]}}",97.60369989089668
Q595,1,"SELECT *
            FROM patients
            WHERE age > 54;","{'Plan': {'Node Type': 'Seq Scan', 'Parallel Aware': False, 'Async Capable': False, 'Relation Name': 'patients', 'Alias': 'patients', 'Startup Cost': 0.0, 'Total Cost': 2083.0, 'Plan Rows': 40580, 'Plan Width': 32, 'Disabled': False, 'Filter': '(age > 54)'}}",44.1342000849545
Q596,2,"SELECT *
            FROM patients
            WHERE city = 'Kanpur';","{'Plan': {'Node Type': 'Seq Scan', 'Parallel Aware': False, 'Async Capable': False, 'Relation Name': 'patients', 'Alias': 'patients', 'Startup Cost': 0.0, 'Total Cost': 2083.0, 'Plan Rows': 25197, 'Plan Width': 32, 'Disabled': False, 'Filter': ""((city)::text = 'Kanpur'::text)""}}",31.58149984665215
Q597,2,"SELECT *
            FROM patients
            WHERE city = 'Kanpur';","{'Plan': {'Node Type': 'Seq Scan', 'Parallel Aware': False, 'Async Capable': False, 'Relation Name': 'patients', 'Alias': 'patients', 'Startup Cost': 0.0, 'Total Cost': 2083.0, 'Plan Rows': 25197, 'Plan Width': 32, 'Disabled': False, 'Filter': ""((city)::text = 'Kanpur'::text)""}}",32.15250000357628
Q598,4,"SELECT p.name, a.appointment_date
            FROM patients p
            JOIN appointments a
            ON p.patient_id = a.patient_id;","{'Plan': {'Node Type': 'Hash Join', 'Parallel Aware': False, 'Async Capable': False, 'Join Type': 'Inner', 'Startup Cost': 3083.0, 'Total Cost': 13072.56, 'Plan Rows': 500000, 'Plan Width': 17, 'Disabled': False, 'Inner Unique': True, 'Hash Cond': '(a.patient_id = p.patient_id)', 'Plans': [{'Node Type': 'Seq Scan', 'Parent Relationship': 'Outer', 'Parallel Aware': False, 'Async Capable': False, 'Relation Name': 'appointments', 'Alias': 'a', 'Startup Cost': 0.0, 'Total Cost': 8677.0, 'Plan Rows': 500000, 'Plan Width': 8, 'Disabled': False}, {'Node Type': 'Hash', 'Parent Relationship': 'Inner', 'Parallel Aware': False, 'Async Capable': False, 'Startup Cost': 1833.0, 'Total Cost': 1833.0, 'Plan Rows': 100000, 'Plan Width': 17, 'Disabled': False, 'Plans': [{'Node Type': 'Seq Scan', 'Parent Relationship': 'Outer', 'Parallel Aware': False, 'Async Capable': False, 'Relation Name': 'patients', 'Alias': 'p', 'Startup Cost': 0.0, 'Total Cost': 1833.0, 'Plan Rows': 100000, 'Plan Width': 17, 'Disabled': False}]}]}}",657.559199957177
Q599,3,"SELECT city, COUNT(*)
            FROM patients
            GROUP BY city;","{'Plan': {'Node Type': 'Aggregate', 'Strategy': 'Hashed', 'Partial Mode': 'Simple', 'Parallel Aware': False, 'Async Capable': False, 'Startup Cost': 2333.0, 'Total Cost': 2333.04, 'Plan Rows': 4, 'Plan Width': 14, 'Disabled': False, 'Group Key': ['city'], 'Planned Partitions': 0, 'Plans': [{'Node Type': 'Seq Scan', 'Parent Relationship': 'Outer', 'Parallel Aware': False, 'Async Capable': False, 'Relation Name': 'patients', 'Alias': 'patients', 'Startup Cost': 0.0, 'Total Cost': 1833.0, 'Plan Rows': 100000, 'Plan Width': 6, 'Disabled': False}]}}",14.58479999564588
Q600,1,"SELECT *
            FROM patients
            WHERE age > 32;","{'Plan': {'Node Type': 'Seq Scan', 'Parallel Aware': False, 'Async Capable': False, 'Relation Name': 'patients', 'Alias': 'patients', 'Startup Cost': 0.0, 'Total Cost': 2083.0, 'Plan Rows': 76157, 'Plan Width': 32, 'Disabled': False, 'Filter': '(age > 32)'}}",88.11230002902448
Q601,1,"SELECT *
            FROM patients
            WHERE age > 54;","{'Plan': {'Node Type': 'Seq Scan', 'Parallel Aware': False, 'Async Capable': False, 'Relation Name': 'patients', 'Alias': 'patients', 'Startup Cost': 0.0, 'Total Cost': 2083.0, 'Plan Rows': 40580, 'Plan Width': 32, 'Disabled': False, 'Filter': '(age > 54)'}}",34.27059995010495
Q602,2,"SELECT *
            FROM patients
            WHERE city = 'Delhi';","{'Plan': {'Node Type': 'Seq Scan', 'Parallel Aware': False, 'Async Capable': False, 'Relation Name': 'patients', 'Alias': 'patients', 'Startup Cost': 0.0, 'Total Cost': 2083.0, 'Plan Rows': 24947, 'Plan Width': 32, 'Disabled': False, 'Filter': ""((city)::text = 'Delhi'::text)""}}",25.656300131231546
Q603,2,"SELECT *
            FROM patients
            WHERE city = 'Delhi';","{'Plan': {'Node Type': 'Seq Scan', 'Parallel Aware': False, 'Async Capable': False, 'Relation Name': 'patients', 'Alias': 'patients', 'Startup Cost': 0.0, 'Total Cost': 2083.0, 'Plan Rows': 24947, 'Plan Width': 32, 'Disabled': False, 'Filter': ""((city)::text = 'Delhi'::text)""}}",52.22760001197457
Q604,5,"SELECT p.city, COUNT(a.appointment_id)
            FROM patients p
            JOIN appointments a
            ON p.patient_id = a.patient_id
            WHERE p.city = 'Delhi'
            GROUP BY p.city;","{'Plan': {'Node Type': 'Aggregate', 'Strategy': 'Sorted', 'Partial Mode': 'Finalize', 'Parallel Aware': False, 'Async Capable': False, 'Startup Cost': 3394.84, 'Total Cost': 9832.22, 'Plan Rows': 1, 'Plan Width': 14, 'Disabled': False, 'Plans': [{'Node Type': 'Gather', 'Parent Relationship': 'Outer', 'Parallel Aware': False, 'Async Capable': False, 'Startup Cost': 3394.84, 'Total Cost': 9832.21, 'Plan Rows': 2, 'Plan Width': 14, 'Disabled': False, 'Workers Planned': 2, 'Single Copy': False, 'Plans': [{'Node Type': 'Aggregate', 'Strategy': 'Sorted', 'Partial Mode': 'Partial', 'Parent Relationship': 'Outer', 'Parallel Aware': False, 'Async Capable': False, 'Startup Cost': 2394.84, 'Total Cost': 8832.01, 'Plan Rows': 1, 'Plan Width': 14, 'Disabled': False, 'Plans': [{'Node Type': 'Hash Join', 'Parent Relationship': 'Outer', 'Parallel Aware': False, 'Async Capable': False, 'Join Type': 'Inner', 'Startup Cost': 2394.84, 'Total Cost': 8702.07, 'Plan Rows': 51973, 'Plan Width': 10, 'Disabled': False, 'Inner Unique': True, 'Hash Cond': '(a.patient_id = p.patient_id)', 'Plans': [{'Node Type': 'Seq Scan', 'Parent Relationship': 'Outer', 'Parallel Aware': True, 'Async Capable': False, 'Relation Name': 'appointments', 'Alias': 'a', 'Startup Cost': 0.0, 'Total Cost': 5760.33, 'Plan Rows': 208333, 'Plan Width': 8, 'Disabled': False}, {'Node Type': 'Hash', 'Parent Relationship': 'Inner', 'Parallel Aware': False, 'Async Capable': False, 'Startup Cost': 2083.0, 'Total Cost': 2083.0, 'Plan Rows': 24947, 'Plan Width': 10, 'Disabled': False, 'Plans': [{'Node Type': 'Seq Scan', 'Parent Relationship': 'Outer', 'Parallel Aware': False, 'Async Capable': False, 'Relation Name': 'patients', 'Alias': 'p', 'Startup Cost': 0.0, 'Total Cost': 2083.0, 'Plan Rows': 24947, 'Plan Width': 10, 'Disabled': False, 'Filter': ""((city)::text = 'Delhi'::text)""}]}]}]}]}]}}",101.70429991558194
Q605,1,"SELECT *
            FROM patients
            WHERE age > 34;","{'Plan': {'Node Type': 'Seq Scan', 'Parallel Aware': False, 'Async Capable': False, 'Relation Name': 'patients', 'Alias': 'patients', 'Startup Cost': 0.0, 'Total Cost': 2083.0, 'Plan Rows': 72973, 'Plan Width': 32, 'Disabled': False, 'Filter': '(age > 34)'}}",79.68129985965788
Q606,4,"SELECT p.name, a.appointment_date
            FROM patients p
            JOIN appointments a
            ON p.patient_id = a.patient_id;","{'Plan': {'Node Type': 'Hash Join', 'Parallel Aware': False, 'Async Capable': False, 'Join Type': 'Inner', 'Startup Cost': 3083.0, 'Total Cost': 13072.56, 'Plan Rows': 500000, 'Plan Width': 17, 'Disabled': False, 'Inner Unique': True, 'Hash Cond': '(a.patient_id = p.patient_id)', 'Plans': [{'Node Type': 'Seq Scan', 'Parent Relationship': 'Outer', 'Parallel Aware': False, 'Async Capable': False, 'Relation Name': 'appointments', 'Alias': 'a', 'Startup Cost': 0.0, 'Total Cost': 8677.0, 'Plan Rows': 500000, 'Plan Width': 8, 'Disabled': False}, {'Node Type': 'Hash', 'Parent Relationship': 'Inner', 'Parallel Aware': False, 'Async Capable': False, 'Startup Cost': 1833.0, 'Total Cost': 1833.0, 'Plan Rows': 100000, 'Plan Width': 17, 'Disabled': False, 'Plans': [{'Node Type': 'Seq Scan', 'Parent Relationship': 'Outer', 'Parallel Aware': False, 'Async Capable': False, 'Relation Name': 'patients', 'Alias': 'p', 'Startup Cost': 0.0, 'Total Cost': 1833.0, 'Plan Rows': 100000, 'Plan Width': 17, 'Disabled': False}]}]}}",632.2898000944406
Q607,2,"SELECT *
            FROM patients
            WHERE city = 'Mumbai';","{'Plan': {'Node Type': 'Seq Scan', 'Parallel Aware': False, 'Async Capable': False, 'Relation Name': 'patients', 'Alias': 'patients', 'Startup Cost': 0.0, 'Total Cost': 2083.0, 'Plan Rows': 25007, 'Plan Width': 32, 'Disabled': False, 'Filter': ""((city)::text = 'Mumbai'::text)""}}",46.07350006699562
Q608,5,"SELECT p.city, COUNT(a.appointment_id)
            FROM patients p
            JOIN appointments a
            ON p.patient_id = a.patient_id
            WHERE p.city = 'Lucknow'
            GROUP BY p.city;","{'Plan': {'Node Type': 'Aggregate', 'Strategy': 'Sorted', 'Partial Mode': 'Finalize', 'Parallel Aware': False, 'Async Capable': False, 'Startup Cost': 3393.62, 'Total Cost': 9830.51, 'Plan Rows': 1, 'Plan Width': 14, 'Disabled': False, 'Plans': [{'Node Type': 'Gather', 'Parent Relationship': 'Outer', 'Parallel Aware': False, 'Async Capable': False, 'Startup Cost': 3393.62, 'Total Cost': 9830.49, 'Plan Rows': 2, 'Plan Width': 14, 'Disabled': False, 'Workers Planned': 2, 'Single Copy': False, 'Plans': [{'Node Type': 'Aggregate', 'Strategy': 'Sorted', 'Partial Mode': 'Partial', 'Parent Relationship': 'Outer', 'Parallel Aware': False, 'Async Capable': False, 'Startup Cost': 2393.62, 'Total Cost': 8830.29, 'Plan Rows': 1, 'Plan Width': 14, 'Disabled': False, 'Plans': [{'Node Type': 'Hash Join', 'Parent Relationship': 'Outer', 'Parallel Aware': False, 'Async Capable': False, 'Join Type': 'Inner', 'Startup Cost': 2393.62, 'Total Cost': 8700.85, 'Plan Rows': 51771, 'Plan Width': 10, 'Disabled': False, 'Inner Unique': True, 'Hash Cond': '(a.patient_id = p.patient_id)', 'Plans': [{'Node Type': 'Seq Scan', 'Parent Relationship': 'Outer', 'Parallel Aware': True, 'Async Capable': False, 'Relation Name': 'appointments', 'Alias': 'a', 'Startup Cost': 0.0, 'Total Cost': 5760.33, 'Plan Rows': 208333, 'Plan Width': 8, 'Disabled': False}, {'Node Type': 'Hash', 'Parent Relationship': 'Inner', 'Parallel Aware': False, 'Async Capable': False, 'Startup Cost': 2083.0, 'Total Cost': 2083.0, 'Plan Rows': 24850, 'Plan Width': 10, 'Disabled': False, 'Plans': [{'Node Type': 'Seq Scan', 'Parent Relationship': 'Outer', 'Parallel Aware': False, 'Async Capable': False, 'Relation Name': 'patients', 'Alias': 'p', 'Startup Cost': 0.0, 'Total Cost': 2083.0, 'Plan Rows': 24850, 'Plan Width': 10, 'Disabled': False, 'Filter': ""((city)::text = 'Lucknow'::text)""}]}]}]}]}]}}",93.07820000685751
Q609,2,"SELECT *
            FROM patients
            WHERE city = 'Lucknow';","{'Plan': {'Node Type': 'Seq Scan', 'Parallel Aware': False, 'Async Capable': False, 'Relation Name': 'patients', 'Alias': 'patients', 'Startup Cost': 0.0, 'Total Cost': 2083.0, 'Plan Rows': 24850, 'Plan Width': 32, 'Disabled': False, 'Filter': ""((city)::text = 'Lucknow'::text)""}}",33.582699950784445
Q610,5,"SELECT p.city, COUNT(a.appointment_id)
            FROM patients p
            JOIN appointments a
            ON p.patient_id = a.patient_id
            WHERE p.city = 'Kanpur'
            GROUP BY p.city;","{'Plan': {'Node Type': 'Aggregate', 'Strategy': 'Sorted', 'Partial Mode': 'Finalize', 'Parallel Aware': False, 'Async Capable': False, 'Startup Cost': 3397.96, 'Total Cost': 9836.65, 'Plan Rows': 1, 'Plan Width': 14, 'Disabled': False, 'Plans': [{'Node Type': 'Gather', 'Parent Relationship': 'Outer', 'Parallel Aware': False, 'Async Capable': False, 'Startup Cost': 3397.96, 'Total Cost': 9836.64, 'Plan Rows': 2, 'Plan Width': 14, 'Disabled': False, 'Workers Planned': 2, 'Single Copy': False, 'Plans': [{'Node Type': 'Aggregate', 'Strategy': 'Sorted', 'Partial Mode': 'Partial', 'Parent Relationship': 'Outer', 'Parallel Aware': False, 'Async Capable': False, 'Startup Cost': 2397.96, 'Total Cost': 8836.44, 'Plan Rows': 1, 'Plan Width': 14, 'Disabled': False, 'Plans': [{'Node Type': 'Hash Join', 'Parent Relationship': 'Outer', 'Parallel Aware': False, 'Async Capable': False, 'Join Type': 'Inner', 'Startup Cost': 2397.96, 'Total Cost': 8705.19, 'Plan Rows': 52494, 'Plan Width': 10, 'Disabled': False, 'Inner Unique': True, 'Hash Cond': '(a.patient_id = p.patient_id)', 'Plans': [{'Node Type': 'Seq Scan', 'Parent Relationship': 'Outer', 'Parallel Aware': True, 'Async Capable': False, 'Relation Name': 'appointments', 'Alias': 'a', 'Startup Cost': 0.0, 'Total Cost': 5760.33, 'Plan Rows': 208333, 'Plan Width': 8, 'Disabled': False}, {'Node Type': 'Hash', 'Parent Relationship': 'Inner', 'Parallel Aware': False, 'Async Capable': False, 'Startup Cost': 2083.0, 'Total Cost': 2083.0, 'Plan Rows': 25197, 'Plan Width': 10, 'Disabled': False, 'Plans': [{'Node Type': 'Seq Scan', 'Parent Relationship': 'Outer', 'Parallel Aware': False, 'Async Capable': False, 'Relation Name': 'patients', 'Alias': 'p', 'Startup Cost': 0.0, 'Total Cost': 2083.0, 'Plan Rows': 25197, 'Plan Width': 10, 'Disabled': False, 'Filter': ""((city)::text = 'Kanpur'::text)""}]}]}]}]}]}}",85.3142999112606
Q611,2,"SELECT *
            FROM patients
            WHERE city = 'Kanpur';","{'Plan': {'Node Type': 'Seq Scan', 'Parallel Aware': False, 'Async Capable': False, 'Relation Name': 'patients', 'Alias': 'patients', 'Startup Cost': 0.0, 'Total Cost': 2083.0, 'Plan Rows': 25197, 'Plan Width': 32, 'Disabled': False, 'Filter': ""((city)::text = 'Kanpur'::text)""}}",31.145900022238493
Q612,2,"SELECT *
            FROM patients
            WHERE city = 'Lucknow';","{'Plan': {'Node Type': 'Seq Scan', 'Parallel Aware': False, 'Async Capable': False, 'Relation Name': 'patients', 'Alias': 'patients', 'Startup Cost': 0.0, 'Total Cost': 2083.0, 'Plan Rows': 24850, 'Plan Width': 32, 'Disabled': False, 'Filter': ""((city)::text = 'Lucknow'::text)""}}",31.890399986878037
Q613,2,"SELECT *
            FROM patients
            WHERE city = 'Lucknow';","{'Plan': {'Node Type': 'Seq Scan', 'Parallel Aware': False, 'Async Capable': False, 'Relation Name': 'patients', 'Alias': 'patients', 'Startup Cost': 0.0, 'Total Cost': 2083.0, 'Plan Rows': 24850, 'Plan Width': 32, 'Disabled': False, 'Filter': ""((city)::text = 'Lucknow'::text)""}}",37.24580002017319
Q614,5,"SELECT p.city, COUNT(a.appointment_id)
            FROM patients p
            JOIN appointments a
            ON p.patient_id = a.patient_id
            WHERE p.city = 'Mumbai'
            GROUP BY p.city;","{'Plan': {'Node Type': 'Aggregate', 'Strategy': 'Sorted', 'Partial Mode': 'Finalize', 'Parallel Aware': False, 'Async Capable': False, 'Startup Cost': 3395.59, 'Total Cost': 9833.29, 'Plan Rows': 1, 'Plan Width': 14, 'Disabled': False, 'Plans': [{'Node Type': 'Gather', 'Parent Relationship': 'Outer', 'Parallel Aware': False, 'Async Capable': False, 'Startup Cost': 3395.59, 'Total Cost': 9833.27, 'Plan Rows': 2, 'Plan Width': 14, 'Disabled': False, 'Workers Planned': 2, 'Single Copy': False, 'Plans': [{'Node Type': 'Aggregate', 'Strategy': 'Sorted', 'Partial Mode': 'Partial', 'Parent Relationship': 'Outer', 'Parallel Aware': False, 'Async Capable': False, 'Startup Cost': 2395.59, 'Total Cost': 8833.07, 'Plan Rows': 1, 'Plan Width': 14, 'Disabled': False, 'Plans': [{'Node Type': 'Hash Join', 'Parent Relationship': 'Outer', 'Parallel Aware': False, 'Async Capable': False, 'Join Type': 'Inner', 'Startup Cost': 2395.59, 'Total Cost': 8702.82, 'Plan Rows': 52098, 'Plan Width': 10, 'Disabled': False, 'Inner Unique': True, 'Hash Cond': '(a.patient_id = p.patient_id)', 'Plans': [{'Node Type': 'Seq Scan', 'Parent Relationship': 'Outer', 'Parallel Aware': True, 'Async Capable': False, 'Relation Name': 'appointments', 'Alias': 'a', 'Startup Cost': 0.0, 'Total Cost': 5760.33, 'Plan Rows': 208333, 'Plan Width': 8, 'Disabled': False}, {'Node Type': 'Hash', 'Parent Relationship': 'Inner', 'Parallel Aware': False, 'Async Capable': False, 'Startup Cost': 2083.0, 'Total Cost': 2083.0, 'Plan Rows': 25007, 'Plan Width': 10, 'Disabled': False, 'Plans': [{'Node Type': 'Seq Scan', 'Parent Relationship': 'Outer', 'Parallel Aware': False, 'Async Capable': False, 'Relation Name': 'patients', 'Alias': 'p', 'Startup Cost': 0.0, 'Total Cost': 2083.0, 'Plan Rows': 25007, 'Plan Width': 10, 'Disabled': False, 'Filter': ""((city)::text = 'Mumbai'::text)""}]}]}]}]}]}}",89.14339984767139
Q615,2,"SELECT *
            FROM patients
            WHERE city = 'Lucknow';","{'Plan': {'Node Type': 'Seq Scan', 'Parallel Aware': False, 'Async Capable': False, 'Relation Name': 'patients', 'Alias': 'patients', 'Startup Cost': 0.0, 'Total Cost': 2083.0, 'Plan Rows': 24850, 'Plan Width': 32, 'Disabled': False, 'Filter': ""((city)::text = 'Lucknow'::text)""}}",32.90380001999438
Q616,1,"SELECT *
            FROM patients
            WHERE age > 53;","{'Plan': {'Node Type': 'Seq Scan', 'Parallel Aware': False, 'Async Capable': False, 'Relation Name': 'patients', 'Alias': 'patients', 'Startup Cost': 0.0, 'Total Cost': 2083.0, 'Plan Rows': 42313, 'Plan Width': 32, 'Disabled': False, 'Filter': '(age > 53)'}}",61.99499987997115
Q617,4,"SELECT p.name, a.appointment_date
            FROM patients p
            JOIN appointments a
            ON p.patient_id = a.patient_id;","{'Plan': {'Node Type': 'Hash Join', 'Parallel Aware': False, 'Async Capable': False, 'Join Type': 'Inner', 'Startup Cost': 3083.0, 'Total Cost': 13072.56, 'Plan Rows': 500000, 'Plan Width': 17, 'Disabled': False, 'Inner Unique': True, 'Hash Cond': '(a.patient_id = p.patient_id)', 'Plans': [{'Node Type': 'Seq Scan', 'Parent Relationship': 'Outer', 'Parallel Aware': False, 'Async Capable': False, 'Relation Name': 'appointments', 'Alias': 'a', 'Startup Cost': 0.0, 'Total Cost': 8677.0, 'Plan Rows': 500000, 'Plan Width': 8, 'Disabled': False}, {'Node Type': 'Hash', 'Parent Relationship': 'Inner', 'Parallel Aware': False, 'Async Capable': False, 'Startup Cost': 1833.0, 'Total Cost': 1833.0, 'Plan Rows': 100000, 'Plan Width': 17, 'Disabled': False, 'Plans': [{'Node Type': 'Seq Scan', 'Parent Relationship': 'Outer', 'Parallel Aware': False, 'Async Capable': False, 'Relation Name': 'patients', 'Alias': 'p', 'Startup Cost': 0.0, 'Total Cost': 1833.0, 'Plan Rows': 100000, 'Plan Width': 17, 'Disabled': False}]}]}}",590.6513000372797
Q618,2,"SELECT *
            FROM patients
            WHERE city = 'Delhi';","{'Plan': {'Node Type': 'Seq Scan', 'Parallel Aware': False, 'Async Capable': False, 'Relation Name': 'patients', 'Alias': 'patients', 'Startup Cost': 0.0, 'Total Cost': 2083.0, 'Plan Rows': 24947, 'Plan Width': 32, 'Disabled': False, 'Filter': ""((city)::text = 'Delhi'::text)""}}",41.389500023797154
Q619,5,"SELECT p.city, COUNT(a.appointment_id)
            FROM patients p
            JOIN appointments a
            ON p.patient_id = a.patient_id
            WHERE p.city = 'Mumbai'
            GROUP BY p.city;","{'Plan': {'Node Type': 'Aggregate', 'Strategy': 'Sorted', 'Partial Mode': 'Finalize', 'Parallel Aware': False, 'Async Capable': False, 'Startup Cost': 3395.59, 'Total Cost': 9833.29, 'Plan Rows': 1, 'Plan Width': 14, 'Disabled': False, 'Plans': [{'Node Type': 'Gather', 'Parent Relationship': 'Outer', 'Parallel Aware': False, 'Async Capable': False, 'Startup Cost': 3395.59, 'Total Cost': 9833.27, 'Plan Rows': 2, 'Plan Width': 14, 'Disabled': False, 'Workers Planned': 2, 'Single Copy': False, 'Plans': [{'Node Type': 'Aggregate', 'Strategy': 'Sorted', 'Partial Mode': 'Partial', 'Parent Relationship': 'Outer', 'Parallel Aware': False, 'Async Capable': False, 'Startup Cost': 2395.59, 'Total Cost': 8833.07, 'Plan Rows': 1, 'Plan Width': 14, 'Disabled': False, 'Plans': [{'Node Type': 'Hash Join', 'Parent Relationship': 'Outer', 'Parallel Aware': False, 'Async Capable': False, 'Join Type': 'Inner', 'Startup Cost': 2395.59, 'Total Cost': 8702.82, 'Plan Rows': 52098, 'Plan Width': 10, 'Disabled': False, 'Inner Unique': True, 'Hash Cond': '(a.patient_id = p.patient_id)', 'Plans': [{'Node Type': 'Seq Scan', 'Parent Relationship': 'Outer', 'Parallel Aware': True, 'Async Capable': False, 'Relation Name': 'appointments', 'Alias': 'a', 'Startup Cost': 0.0, 'Total Cost': 5760.33, 'Plan Rows': 208333, 'Plan Width': 8, 'Disabled': False}, {'Node Type': 'Hash', 'Parent Relationship': 'Inner', 'Parallel Aware': False, 'Async Capable': False, 'Startup Cost': 2083.0, 'Total Cost': 2083.0, 'Plan Rows': 25007, 'Plan Width': 10, 'Disabled': False, 'Plans': [{'Node Type': 'Seq Scan', 'Parent Relationship': 'Outer', 'Parallel Aware': False, 'Async Capable': False, 'Relation Name': 'patients', 'Alias': 'p', 'Startup Cost': 0.0, 'Total Cost': 2083.0, 'Plan Rows': 25007, 'Plan Width': 10, 'Disabled': False, 'Filter': ""((city)::text = 'Mumbai'::text)""}]}]}]}]}]}}",86.53760002925992
Q620,5,"SELECT p.city, COUNT(a.appointment_id)
            FROM patients p
            JOIN appointments a
            ON p.patient_id = a.patient_id
            WHERE p.city = 'Kanpur'
            GROUP BY p.city;","{'Plan': {'Node Type': 'Aggregate', 'Strategy': 'Sorted', 'Partial Mode': 'Finalize', 'Parallel Aware': False, 'Async Capable': False, 'Startup Cost': 3397.96, 'Total Cost': 9836.65, 'Plan Rows': 1, 'Plan Width': 14, 'Disabled': False, 'Plans': [{'Node Type': 'Gather', 'Parent Relationship': 'Outer', 'Parallel Aware': False, 'Async Capable': False, 'Startup Cost': 3397.96, 'Total Cost': 9836.64, 'Plan Rows': 2, 'Plan Width': 14, 'Disabled': False, 'Workers Planned': 2, 'Single Copy': False, 'Plans': [{'Node Type': 'Aggregate', 'Strategy': 'Sorted', 'Partial Mode': 'Partial', 'Parent Relationship': 'Outer', 'Parallel Aware': False, 'Async Capable': False, 'Startup Cost': 2397.96, 'Total Cost': 8836.44, 'Plan Rows': 1, 'Plan Width': 14, 'Disabled': False, 'Plans': [{'Node Type': 'Hash Join', 'Parent Relationship': 'Outer', 'Parallel Aware': False, 'Async Capable': False, 'Join Type': 'Inner', 'Startup Cost': 2397.96, 'Total Cost': 8705.19, 'Plan Rows': 52494, 'Plan Width': 10, 'Disabled': False, 'Inner Unique': True, 'Hash Cond': '(a.patient_id = p.patient_id)', 'Plans': [{'Node Type': 'Seq Scan', 'Parent Relationship': 'Outer', 'Parallel Aware': True, 'Async Capable': False, 'Relation Name': 'appointments', 'Alias': 'a', 'Startup Cost': 0.0, 'Total Cost': 5760.33, 'Plan Rows': 208333, 'Plan Width': 8, 'Disabled': False}, {'Node Type': 'Hash', 'Parent Relationship': 'Inner', 'Parallel Aware': False, 'Async Capable': False, 'Startup Cost': 2083.0, 'Total Cost': 2083.0, 'Plan Rows': 25197, 'Plan Width': 10, 'Disabled': False, 'Plans': [{'Node Type': 'Seq Scan', 'Parent Relationship': 'Outer', 'Parallel Aware': False, 'Async Capable': False, 'Relation Name': 'patients', 'Alias': 'p', 'Startup Cost': 0.0, 'Total Cost': 2083.0, 'Plan Rows': 25197, 'Plan Width': 10, 'Disabled': False, 'Filter': ""((city)::text = 'Kanpur'::text)""}]}]}]}]}]}}",86.10279997810721
Q621,1,"SELECT *
            FROM patients
            WHERE age > 67;","{'Plan': {'Node Type': 'Seq Scan', 'Parallel Aware': False, 'Async Capable': False, 'Relation Name': 'patients', 'Alias': 'patients', 'Startup Cost': 0.0, 'Total Cost': 2083.0, 'Plan Rows': 20623, 'Plan Width': 32, 'Disabled': False, 'Filter': '(age > 67)'}}",26.08540002256632
Q622,3,"SELECT city, COUNT(*)
            FROM patients
            GROUP BY city;","{'Plan': {'Node Type': 'Aggregate', 'Strategy': 'Hashed', 'Partial Mode': 'Simple', 'Parallel Aware': False, 'Async Capable': False, 'Startup Cost': 2333.0, 'Total Cost': 2333.04, 'Plan Rows': 4, 'Plan Width': 14, 'Disabled': False, 'Group Key': ['city'], 'Planned Partitions': 0, 'Plans': [{'Node Type': 'Seq Scan', 'Parent Relationship': 'Outer', 'Parallel Aware': False, 'Async Capable': False, 'Relation Name': 'patients', 'Alias': 'patients', 'Startup Cost': 0.0, 'Total Cost': 1833.0, 'Plan Rows': 100000, 'Plan Width': 6, 'Disabled': False}]}}",19.695600029081106
Q623,3,"SELECT city, COUNT(*)
            FROM patients
            GROUP BY city;","{'Plan': {'Node Type': 'Aggregate', 'Strategy': 'Hashed', 'Partial Mode': 'Simple', 'Parallel Aware': False, 'Async Capable': False, 'Startup Cost': 2333.0, 'Total Cost': 2333.04, 'Plan Rows': 4, 'Plan Width': 14, 'Disabled': False, 'Group Key': ['city'], 'Planned Partitions': 0, 'Plans': [{'Node Type': 'Seq Scan', 'Parent Relationship': 'Outer', 'Parallel Aware': False, 'Async Capable': False, 'Relation Name': 'patients', 'Alias': 'patients', 'Startup Cost': 0.0, 'Total Cost': 1833.0, 'Plan Rows': 100000, 'Plan Width': 6, 'Disabled': False}]}}",19.292399985715747
Q624,3,"SELECT city, COUNT(*)
            FROM patients
            GROUP BY city;","{'Plan': {'Node Type': 'Aggregate', 'Strategy': 'Hashed', 'Partial Mode': 'Simple', 'Parallel Aware': False, 'Async Capable': False, 'Startup Cost': 2333.0, 'Total Cost': 2333.04, 'Plan Rows': 4, 'Plan Width': 14, 'Disabled': False, 'Group Key': ['city'], 'Planned Partitions': 0, 'Plans': [{'Node Type': 'Seq Scan', 'Parent Relationship': 'Outer', 'Parallel Aware': False, 'Async Capable': False, 'Relation Name': 'patients', 'Alias': 'patients', 'Startup Cost': 0.0, 'Total Cost': 1833.0, 'Plan Rows': 100000, 'Plan Width': 6, 'Disabled': False}]}}",21.889599971473217
Q625,4,"SELECT p.name, a.appointment_date
            FROM patients p
            JOIN appointments a
            ON p.patient_id = a.patient_id;","{'Plan': {'Node Type': 'Hash Join', 'Parallel Aware': False, 'Async Capable': False, 'Join Type': 'Inner', 'Startup Cost': 3083.0, 'Total Cost': 13072.56, 'Plan Rows': 500000, 'Plan Width': 17, 'Disabled': False, 'Inner Unique': True, 'Hash Cond': '(a.patient_id = p.patient_id)', 'Plans': [{'Node Type': 'Seq Scan', 'Parent Relationship': 'Outer', 'Parallel Aware': False, 'Async Capable': False, 'Relation Name': 'appointments', 'Alias': 'a', 'Startup Cost': 0.0, 'Total Cost': 8677.0, 'Plan Rows': 500000, 'Plan Width': 8, 'Disabled': False}, {'Node Type': 'Hash', 'Parent Relationship': 'Inner', 'Parallel Aware': False, 'Async Capable': False, 'Startup Cost': 1833.0, 'Total Cost': 1833.0, 'Plan Rows': 100000, 'Plan Width': 17, 'Disabled': False, 'Plans': [{'Node Type': 'Seq Scan', 'Parent Relationship': 'Outer', 'Parallel Aware': False, 'Async Capable': False, 'Relation Name': 'patients', 'Alias': 'p', 'Startup Cost': 0.0, 'Total Cost': 1833.0, 'Plan Rows': 100000, 'Plan Width': 17, 'Disabled': False}]}]}}",655.9762998949736
Q626,2,"SELECT *
            FROM patients
            WHERE city = 'Lucknow';","{'Plan': {'Node Type': 'Seq Scan', 'Parallel Aware': False, 'Async Capable': False, 'Relation Name': 'patients', 'Alias': 'patients', 'Startup Cost': 0.0, 'Total Cost': 2083.0, 'Plan Rows': 24850, 'Plan Width': 32, 'Disabled': False, 'Filter': ""((city)::text = 'Lucknow'::text)""}}",40.6116999220103
Q627,2,"SELECT *
            FROM patients
            WHERE city = 'Lucknow';","{'Plan': {'Node Type': 'Seq Scan', 'Parallel Aware': False, 'Async Capable': False, 'Relation Name': 'patients', 'Alias': 'patients', 'Startup Cost': 0.0, 'Total Cost': 2083.0, 'Plan Rows': 24850, 'Plan Width': 32, 'Disabled': False, 'Filter': ""((city)::text = 'Lucknow'::text)""}}",22.644100012257695
Q628,1,"SELECT *
            FROM patients
            WHERE age > 18;","{'Plan': {'Node Type': 'Seq Scan', 'Parallel Aware': False, 'Async Capable': False, 'Relation Name': 'patients', 'Alias': 'patients', 'Startup Cost': 0.0, 'Total Cost': 2083.0, 'Plan Rows': 98410, 'Plan Width': 32, 'Disabled': False, 'Filter': '(age > 18)'}}",98.65900012664497
Q629,4,"SELECT p.name, a.appointment_date
            FROM patients p
            JOIN appointments a
            ON p.patient_id = a.patient_id;","{'Plan': {'Node Type': 'Hash Join', 'Parallel Aware': False, 'Async Capable': False, 'Join Type': 'Inner', 'Startup Cost': 3083.0, 'Total Cost': 13072.56, 'Plan Rows': 500000, 'Plan Width': 17, 'Disabled': False, 'Inner Unique': True, 'Hash Cond': '(a.patient_id = p.patient_id)', 'Plans': [{'Node Type': 'Seq Scan', 'Parent Relationship': 'Outer', 'Parallel Aware': False, 'Async Capable': False, 'Relation Name': 'appointments', 'Alias': 'a', 'Startup Cost': 0.0, 'Total Cost': 8677.0, 'Plan Rows': 500000, 'Plan Width': 8, 'Disabled': False}, {'Node Type': 'Hash', 'Parent Relationship': 'Inner', 'Parallel Aware': False, 'Async Capable': False, 'Startup Cost': 1833.0, 'Total Cost': 1833.0, 'Plan Rows': 100000, 'Plan Width': 17, 'Disabled': False, 'Plans': [{'Node Type': 'Seq Scan', 'Parent Relationship': 'Outer', 'Parallel Aware': False, 'Async Capable': False, 'Relation Name': 'patients', 'Alias': 'p', 'Startup Cost': 0.0, 'Total Cost': 1833.0, 'Plan Rows': 100000, 'Plan Width': 17, 'Disabled': False}]}]}}",642.6490999292582
Q630,2,"SELECT *
            FROM patients
            WHERE city = 'Mumbai';","{'Plan': {'Node Type': 'Seq Scan', 'Parallel Aware': False, 'Async Capable': False, 'Relation Name': 'patients', 'Alias': 'patients', 'Startup Cost': 0.0, 'Total Cost': 2083.0, 'Plan Rows': 25007, 'Plan Width': 32, 'Disabled': False, 'Filter': ""((city)::text = 'Mumbai'::text)""}}",30.054599978029728
Q631,5,"SELECT p.city, COUNT(a.appointment_id)
            FROM patients p
            JOIN appointments a
            ON p.patient_id = a.patient_id
            WHERE p.city = 'Delhi'
            GROUP BY p.city;","{'Plan': {'Node Type': 'Aggregate', 'Strategy': 'Sorted', 'Partial Mode': 'Finalize', 'Parallel Aware': False, 'Async Capable': False, 'Startup Cost': 3394.84, 'Total Cost': 9832.22, 'Plan Rows': 1, 'Plan Width': 14, 'Disabled': False, 'Plans': [{'Node Type': 'Gather', 'Parent Relationship': 'Outer', 'Parallel Aware': False, 'Async Capable': False, 'Startup Cost': 3394.84, 'Total Cost': 9832.21, 'Plan Rows': 2, 'Plan Width': 14, 'Disabled': False, 'Workers Planned': 2, 'Single Copy': False, 'Plans': [{'Node Type': 'Aggregate', 'Strategy': 'Sorted', 'Partial Mode': 'Partial', 'Parent Relationship': 'Outer', 'Parallel Aware': False, 'Async Capable': False, 'Startup Cost': 2394.84, 'Total Cost': 8832.01, 'Plan Rows': 1, 'Plan Width': 14, 'Disabled': False, 'Plans': [{'Node Type': 'Hash Join', 'Parent Relationship': 'Outer', 'Parallel Aware': False, 'Async Capable': False, 'Join Type': 'Inner', 'Startup Cost': 2394.84, 'Total Cost': 8702.07, 'Plan Rows': 51973, 'Plan Width': 10, 'Disabled': False, 'Inner Unique': True, 'Hash Cond': '(a.patient_id = p.patient_id)', 'Plans': [{'Node Type': 'Seq Scan', 'Parent Relationship': 'Outer', 'Parallel Aware': True, 'Async Capable': False, 'Relation Name': 'appointments', 'Alias': 'a', 'Startup Cost': 0.0, 'Total Cost': 5760.33, 'Plan Rows': 208333, 'Plan Width': 8, 'Disabled': False}, {'Node Type': 'Hash', 'Parent Relationship': 'Inner', 'Parallel Aware': False, 'Async Capable': False, 'Startup Cost': 2083.0, 'Total Cost': 2083.0, 'Plan Rows': 24947, 'Plan Width': 10, 'Disabled': False, 'Plans': [{'Node Type': 'Seq Scan', 'Parent Relationship': 'Outer', 'Parallel Aware': False, 'Async Capable': False, 'Relation Name': 'patients', 'Alias': 'p', 'Startup Cost': 0.0, 'Total Cost': 2083.0, 'Plan Rows': 24947, 'Plan Width': 10, 'Disabled': False, 'Filter': ""((city)::text = 'Delhi'::text)""}]}]}]}]}]}}",92.20770001411438
Q632,1,"SELECT *
            FROM patients
            WHERE age > 64;","{'Plan': {'Node Type': 'Seq Scan', 'Parallel Aware': False, 'Async Capable': False, 'Relation Name': 'patients', 'Alias': 'patients', 'Startup Cost': 0.0, 'Total Cost': 2083.0, 'Plan Rows': 25233, 'Plan Width': 32, 'Disabled': False, 'Filter': '(age > 64)'}}",36.85479983687401
Q633,5,"SELECT p.city, COUNT(a.appointment_id)
            FROM patients p
            JOIN appointments a
            ON p.patient_id = a.patient_id
            WHERE p.city = 'Mumbai'
            GROUP BY p.city;","{'Plan': {'Node Type': 'Aggregate', 'Strategy': 'Sorted', 'Partial Mode': 'Finalize', 'Parallel Aware': False, 'Async Capable': False, 'Startup Cost': 3395.59, 'Total Cost': 9833.29, 'Plan Rows': 1, 'Plan Width': 14, 'Disabled': False, 'Plans': [{'Node Type': 'Gather', 'Parent Relationship': 'Outer', 'Parallel Aware': False, 'Async Capable': False, 'Startup Cost': 3395.59, 'Total Cost': 9833.27, 'Plan Rows': 2, 'Plan Width': 14, 'Disabled': False, 'Workers Planned': 2, 'Single Copy': False, 'Plans': [{'Node Type': 'Aggregate', 'Strategy': 'Sorted', 'Partial Mode': 'Partial', 'Parent Relationship': 'Outer', 'Parallel Aware': False, 'Async Capable': False, 'Startup Cost': 2395.59, 'Total Cost': 8833.07, 'Plan Rows': 1, 'Plan Width': 14, 'Disabled': False, 'Plans': [{'Node Type': 'Hash Join', 'Parent Relationship': 'Outer', 'Parallel Aware': False, 'Async Capable': False, 'Join Type': 'Inner', 'Startup Cost': 2395.59, 'Total Cost': 8702.82, 'Plan Rows': 52098, 'Plan Width': 10, 'Disabled': False, 'Inner Unique': True, 'Hash Cond': '(a.patient_id = p.patient_id)', 'Plans': [{'Node Type': 'Seq Scan', 'Parent Relationship': 'Outer', 'Parallel Aware': True, 'Async Capable': False, 'Relation Name': 'appointments', 'Alias': 'a', 'Startup Cost': 0.0, 'Total Cost': 5760.33, 'Plan Rows': 208333, 'Plan Width': 8, 'Disabled': False}, {'Node Type': 'Hash', 'Parent Relationship': 'Inner', 'Parallel Aware': False, 'Async Capable': False, 'Startup Cost': 2083.0, 'Total Cost': 2083.0, 'Plan Rows': 25007, 'Plan Width': 10, 'Disabled': False, 'Plans': [{'Node Type': 'Seq Scan', 'Parent Relationship': 'Outer', 'Parallel Aware': False, 'Async Capable': False, 'Relation Name': 'patients', 'Alias': 'p', 'Startup Cost': 0.0, 'Total Cost': 2083.0, 'Plan Rows': 25007, 'Plan Width': 10, 'Disabled': False, 'Filter': ""((city)::text = 'Mumbai'::text)""}]}]}]}]}]}}",83.51600007154047
Q634,1,"SELECT *
            FROM patients
            WHERE age > 61;","{'Plan': {'Node Type': 'Seq Scan', 'Parallel Aware': False, 'Async Capable': False, 'Relation Name': 'patients', 'Alias': 'patients', 'Startup Cost': 0.0, 'Total Cost': 2083.0, 'Plan Rows': 29877, 'Plan Width': 32, 'Disabled': False, 'Filter': '(age > 61)'}}",33.493699971586466
Q635,1,"SELECT *
            FROM patients
            WHERE age > 36;","{'Plan': {'Node Type': 'Seq Scan', 'Parallel Aware': False, 'Async Capable': False, 'Relation Name': 'patients', 'Alias': 'patients', 'Startup Cost': 0.0, 'Total Cost': 2083.0, 'Plan Rows': 69837, 'Plan Width': 32, 'Disabled': False, 'Filter': '(age > 36)'}}",73.17200000397861
Q636,3,"SELECT city, COUNT(*)
            FROM patients
            GROUP BY city;","{'Plan': {'Node Type': 'Aggregate', 'Strategy': 'Hashed', 'Partial Mode': 'Simple', 'Parallel Aware': False, 'Async Capable': False, 'Startup Cost': 2333.0, 'Total Cost': 2333.04, 'Plan Rows': 4, 'Plan Width': 14, 'Disabled': False, 'Group Key': ['city'], 'Planned Partitions': 0, 'Plans': [{'Node Type': 'Seq Scan', 'Parent Relationship': 'Outer', 'Parallel Aware': False, 'Async Capable': False, 'Relation Name': 'patients', 'Alias': 'patients', 'Startup Cost': 0.0, 'Total Cost': 1833.0, 'Plan Rows': 100000, 'Plan Width': 6, 'Disabled': False}]}}",13.957499992102385
Q637,1,"SELECT *
            FROM patients
            WHERE age > 29;","{'Plan': {'Node Type': 'Seq Scan', 'Parallel Aware': False, 'Async Capable': False, 'Relation Name': 'patients', 'Alias': 'patients', 'Startup Cost': 0.0, 'Total Cost': 2083.0, 'Plan Rows': 80983, 'Plan Width': 32, 'Disabled': False, 'Filter': '(age > 29)'}}",77.84140016883612
Q638,3,"SELECT city, COUNT(*)
            FROM patients
            GROUP BY city;","{'Plan': {'Node Type': 'Aggregate', 'Strategy': 'Hashed', 'Partial Mode': 'Simple', 'Parallel Aware': False, 'Async Capable': False, 'Startup Cost': 2333.0, 'Total Cost': 2333.04, 'Plan Rows': 4, 'Plan Width': 14, 'Disabled': False, 'Group Key': ['city'], 'Planned Partitions': 0, 'Plans': [{'Node Type': 'Seq Scan', 'Parent Relationship': 'Outer', 'Parallel Aware': False, 'Async Capable': False, 'Relation Name': 'patients', 'Alias': 'patients', 'Startup Cost': 0.0, 'Total Cost': 1833.0, 'Plan Rows': 100000, 'Plan Width': 6, 'Disabled': False}]}}",13.627399923279881
Q639,4,"SELECT p.name, a.appointment_date
            FROM patients p
            JOIN appointments a
            ON p.patient_id = a.patient_id;","{'Plan': {'Node Type': 'Hash Join', 'Parallel Aware': False, 'Async Capable': False, 'Join Type': 'Inner', 'Startup Cost': 3083.0, 'Total Cost': 13072.56, 'Plan Rows': 500000, 'Plan Width': 17, 'Disabled': False, 'Inner Unique': True, 'Hash Cond': '(a.patient_id = p.patient_id)', 'Plans': [{'Node Type': 'Seq Scan', 'Parent Relationship': 'Outer', 'Parallel Aware': False, 'Async Capable': False, 'Relation Name': 'appointments', 'Alias': 'a', 'Startup Cost': 0.0, 'Total Cost': 8677.0, 'Plan Rows': 500000, 'Plan Width': 8, 'Disabled': False}, {'Node Type': 'Hash', 'Parent Relationship': 'Inner', 'Parallel Aware': False, 'Async Capable': False, 'Startup Cost': 1833.0, 'Total Cost': 1833.0, 'Plan Rows': 100000, 'Plan Width': 17, 'Disabled': False, 'Plans': [{'Node Type': 'Seq Scan', 'Parent Relationship': 'Outer', 'Parallel Aware': False, 'Async Capable': False, 'Relation Name': 'patients', 'Alias': 'p', 'Startup Cost': 0.0, 'Total Cost': 1833.0, 'Plan Rows': 100000, 'Plan Width': 17, 'Disabled': False}]}]}}",641.6642998810858
Q640,2,"SELECT *
            FROM patients
            WHERE city = 'Mumbai';","{'Plan': {'Node Type': 'Seq Scan', 'Parallel Aware': False, 'Async Capable': False, 'Relation Name': 'patients', 'Alias': 'patients', 'Startup Cost': 0.0, 'Total Cost': 2083.0, 'Plan Rows': 25007, 'Plan Width': 32, 'Disabled': False, 'Filter': ""((city)::text = 'Mumbai'::text)""}}",32.292400021106005
Q641,4,"SELECT p.name, a.appointment_date
            FROM patients p
            JOIN appointments a
            ON p.patient_id = a.patient_id;","{'Plan': {'Node Type': 'Hash Join', 'Parallel Aware': False, 'Async Capable': False, 'Join Type': 'Inner', 'Startup Cost': 3083.0, 'Total Cost': 13072.56, 'Plan Rows': 500000, 'Plan Width': 17, 'Disabled': False, 'Inner Unique': True, 'Hash Cond': '(a.patient_id = p.patient_id)', 'Plans': [{'Node Type': 'Seq Scan', 'Parent Relationship': 'Outer', 'Parallel Aware': False, 'Async Capable': False, 'Relation Name': 'appointments', 'Alias': 'a', 'Startup Cost': 0.0, 'Total Cost': 8677.0, 'Plan Rows': 500000, 'Plan Width': 8, 'Disabled': False}, {'Node Type': 'Hash', 'Parent Relationship': 'Inner', 'Parallel Aware': False, 'Async Capable': False, 'Startup Cost': 1833.0, 'Total Cost': 1833.0, 'Plan Rows': 100000, 'Plan Width': 17, 'Disabled': False, 'Plans': [{'Node Type': 'Seq Scan', 'Parent Relationship': 'Outer', 'Parallel Aware': False, 'Async Capable': False, 'Relation Name': 'patients', 'Alias': 'p', 'Startup Cost': 0.0, 'Total Cost': 1833.0, 'Plan Rows': 100000, 'Plan Width': 17, 'Disabled': False}]}]}}",647.8651999495924
Q642,2,"SELECT *
            FROM patients
            WHERE city = 'Lucknow';","{'Plan': {'Node Type': 'Seq Scan', 'Parallel Aware': False, 'Async Capable': False, 'Relation Name': 'patients', 'Alias': 'patients', 'Startup Cost': 0.0, 'Total Cost': 2083.0, 'Plan Rows': 24850, 'Plan Width': 32, 'Disabled': False, 'Filter': ""((city)::text = 'Lucknow'::text)""}}",30.003200052306056
Q643,1,"SELECT *
            FROM patients
            WHERE age > 70;","{'Plan': {'Node Type': 'Seq Scan', 'Parallel Aware': False, 'Async Capable': False, 'Relation Name': 'patients', 'Alias': 'patients', 'Startup Cost': 0.0, 'Total Cost': 2083.0, 'Plan Rows': 15643, 'Plan Width': 32, 'Disabled': False, 'Filter': '(age > 70)'}}",26.158900000154972
Q644,2,"SELECT *
            FROM patients
            WHERE city = 'Kanpur';","{'Plan': {'Node Type': 'Seq Scan', 'Parallel Aware': False, 'Async Capable': False, 'Relation Name': 'patients', 'Alias': 'patients', 'Startup Cost': 0.0, 'Total Cost': 2083.0, 'Plan Rows': 25197, 'Plan Width': 32, 'Disabled': False, 'Filter': ""((city)::text = 'Kanpur'::text)""}}",29.47370009496808
Q645,5,"SELECT p.city, COUNT(a.appointment_id)
            FROM patients p
            JOIN appointments a
            ON p.patient_id = a.patient_id
            WHERE p.city = 'Kanpur'
            GROUP BY p.city;","{'Plan': {'Node Type': 'Aggregate', 'Strategy': 'Sorted', 'Partial Mode': 'Finalize', 'Parallel Aware': False, 'Async Capable': False, 'Startup Cost': 3397.96, 'Total Cost': 9836.65, 'Plan Rows': 1, 'Plan Width': 14, 'Disabled': False, 'Plans': [{'Node Type': 'Gather', 'Parent Relationship': 'Outer', 'Parallel Aware': False, 'Async Capable': False, 'Startup Cost': 3397.96, 'Total Cost': 9836.64, 'Plan Rows': 2, 'Plan Width': 14, 'Disabled': False, 'Workers Planned': 2, 'Single Copy': False, 'Plans': [{'Node Type': 'Aggregate', 'Strategy': 'Sorted', 'Partial Mode': 'Partial', 'Parent Relationship': 'Outer', 'Parallel Aware': False, 'Async Capable': False, 'Startup Cost': 2397.96, 'Total Cost': 8836.44, 'Plan Rows': 1, 'Plan Width': 14, 'Disabled': False, 'Plans': [{'Node Type': 'Hash Join', 'Parent Relationship': 'Outer', 'Parallel Aware': False, 'Async Capable': False, 'Join Type': 'Inner', 'Startup Cost': 2397.96, 'Total Cost': 8705.19, 'Plan Rows': 52494, 'Plan Width': 10, 'Disabled': False, 'Inner Unique': True, 'Hash Cond': '(a.patient_id = p.patient_id)', 'Plans': [{'Node Type': 'Seq Scan', 'Parent Relationship': 'Outer', 'Parallel Aware': True, 'Async Capable': False, 'Relation Name': 'appointments', 'Alias': 'a', 'Startup Cost': 0.0, 'Total Cost': 5760.33, 'Plan Rows': 208333, 'Plan Width': 8, 'Disabled': False}, {'Node Type': 'Hash', 'Parent Relationship': 'Inner', 'Parallel Aware': False, 'Async Capable': False, 'Startup Cost': 2083.0, 'Total Cost': 2083.0, 'Plan Rows': 25197, 'Plan Width': 10, 'Disabled': False, 'Plans': [{'Node Type': 'Seq Scan', 'Parent Relationship': 'Outer', 'Parallel Aware': False, 'Async Capable': False, 'Relation Name': 'patients', 'Alias': 'p', 'Startup Cost': 0.0, 'Total Cost': 2083.0, 'Plan Rows': 25197, 'Plan Width': 10, 'Disabled': False, 'Filter': ""((city)::text = 'Kanpur'::text)""}]}]}]}]}]}}",100.57240002788603
Q646,5,"SELECT p.city, COUNT(a.appointment_id)
            FROM patients p
            JOIN appointments a
            ON p.patient_id = a.patient_id
            WHERE p.city = 'Mumbai'
            GROUP BY p.city;","{'Plan': {'Node Type': 'Aggregate', 'Strategy': 'Sorted', 'Partial Mode': 'Finalize', 'Parallel Aware': False, 'Async Capable': False, 'Startup Cost': 3395.59, 'Total Cost': 9833.29, 'Plan Rows': 1, 'Plan Width': 14, 'Disabled': False, 'Plans': [{'Node Type': 'Gather', 'Parent Relationship': 'Outer', 'Parallel Aware': False, 'Async Capable': False, 'Startup Cost': 3395.59, 'Total Cost': 9833.27, 'Plan Rows': 2, 'Plan Width': 14, 'Disabled': False, 'Workers Planned': 2, 'Single Copy': False, 'Plans': [{'Node Type': 'Aggregate', 'Strategy': 'Sorted', 'Partial Mode': 'Partial', 'Parent Relationship': 'Outer', 'Parallel Aware': False, 'Async Capable': False, 'Startup Cost': 2395.59, 'Total Cost': 8833.07, 'Plan Rows': 1, 'Plan Width': 14, 'Disabled': False, 'Plans': [{'Node Type': 'Hash Join', 'Parent Relationship': 'Outer', 'Parallel Aware': False, 'Async Capable': False, 'Join Type': 'Inner', 'Startup Cost': 2395.59, 'Total Cost': 8702.82, 'Plan Rows': 52098, 'Plan Width': 10, 'Disabled': False, 'Inner Unique': True, 'Hash Cond': '(a.patient_id = p.patient_id)', 'Plans': [{'Node Type': 'Seq Scan', 'Parent Relationship': 'Outer', 'Parallel Aware': True, 'Async Capable': False, 'Relation Name': 'appointments', 'Alias': 'a', 'Startup Cost': 0.0, 'Total Cost': 5760.33, 'Plan Rows': 208333, 'Plan Width': 8, 'Disabled': False}, {'Node Type': 'Hash', 'Parent Relationship': 'Inner', 'Parallel Aware': False, 'Async Capable': False, 'Startup Cost': 2083.0, 'Total Cost': 2083.0, 'Plan Rows': 25007, 'Plan Width': 10, 'Disabled': False, 'Plans': [{'Node Type': 'Seq Scan', 'Parent Relationship': 'Outer', 'Parallel Aware': False, 'Async Capable': False, 'Relation Name': 'patients', 'Alias': 'p', 'Startup Cost': 0.0, 'Total Cost': 2083.0, 'Plan Rows': 25007, 'Plan Width': 10, 'Disabled': False, 'Filter': ""((city)::text = 'Mumbai'::text)""}]}]}]}]}]}}",83.61859992146492
Q647,1,"SELECT *
            FROM patients
            WHERE age > 67;","{'Plan': {'Node Type': 'Seq Scan', 'Parallel Aware': False, 'Async Capable': False, 'Relation Name': 'patients', 'Alias': 'patients', 'Startup Cost': 0.0, 'Total Cost': 2083.0, 'Plan Rows': 20623, 'Plan Width': 32, 'Disabled': False, 'Filter': '(age > 67)'}}",27.570600155740976
Q648,5,"SELECT p.city, COUNT(a.appointment_id)
            FROM patients p
            JOIN appointments a
            ON p.patient_id = a.patient_id
            WHERE p.city = 'Delhi'
            GROUP BY p.city;","{'Plan': {'Node Type': 'Aggregate', 'Strategy': 'Sorted', 'Partial Mode': 'Finalize', 'Parallel Aware': False, 'Async Capable': False, 'Startup Cost': 3394.84, 'Total Cost': 9832.22, 'Plan Rows': 1, 'Plan Width': 14, 'Disabled': False, 'Plans': [{'Node Type': 'Gather', 'Parent Relationship': 'Outer', 'Parallel Aware': False, 'Async Capable': False, 'Startup Cost': 3394.84, 'Total Cost': 9832.21, 'Plan Rows': 2, 'Plan Width': 14, 'Disabled': False, 'Workers Planned': 2, 'Single Copy': False, 'Plans': [{'Node Type': 'Aggregate', 'Strategy': 'Sorted', 'Partial Mode': 'Partial', 'Parent Relationship': 'Outer', 'Parallel Aware': False, 'Async Capable': False, 'Startup Cost': 2394.84, 'Total Cost': 8832.01, 'Plan Rows': 1, 'Plan Width': 14, 'Disabled': False, 'Plans': [{'Node Type': 'Hash Join', 'Parent Relationship': 'Outer', 'Parallel Aware': False, 'Async Capable': False, 'Join Type': 'Inner', 'Startup Cost': 2394.84, 'Total Cost': 8702.07, 'Plan Rows': 51973, 'Plan Width': 10, 'Disabled': False, 'Inner Unique': True, 'Hash Cond': '(a.patient_id = p.patient_id)', 'Plans': [{'Node Type': 'Seq Scan', 'Parent Relationship': 'Outer', 'Parallel Aware': True, 'Async Capable': False, 'Relation Name': 'appointments', 'Alias': 'a', 'Startup Cost': 0.0, 'Total Cost': 5760.33, 'Plan Rows': 208333, 'Plan Width': 8, 'Disabled': False}, {'Node Type': 'Hash', 'Parent Relationship': 'Inner', 'Parallel Aware': False, 'Async Capable': False, 'Startup Cost': 2083.0, 'Total Cost': 2083.0, 'Plan Rows': 24947, 'Plan Width': 10, 'Disabled': False, 'Plans': [{'Node Type': 'Seq Scan', 'Parent Relationship': 'Outer', 'Parallel Aware': False, 'Async Capable': False, 'Relation Name': 'patients', 'Alias': 'p', 'Startup Cost': 0.0, 'Total Cost': 2083.0, 'Plan Rows': 24947, 'Plan Width': 10, 'Disabled': False, 'Filter': ""((city)::text = 'Delhi'::text)""}]}]}]}]}]}}",90.00670001842082
Q649,3,"SELECT city, COUNT(*)
            FROM patients
            GROUP BY city;","{'Plan': {'Node Type': 'Aggregate', 'Strategy': 'Hashed', 'Partial Mode': 'Simple', 'Parallel Aware': False, 'Async Capable': False, 'Startup Cost': 2333.0, 'Total Cost': 2333.04, 'Plan Rows': 4, 'Plan Width': 14, 'Disabled': False, 'Group Key': ['city'], 'Planned Partitions': 0, 'Plans': [{'Node Type': 'Seq Scan', 'Parent Relationship': 'Outer', 'Parallel Aware': False, 'Async Capable': False, 'Relation Name': 'patients', 'Alias': 'patients', 'Startup Cost': 0.0, 'Total Cost': 1833.0, 'Plan Rows': 100000, 'Plan Width': 6, 'Disabled': False}]}}",20.74499987065792
Q650,2,"SELECT *
            FROM patients
            WHERE city = 'Mumbai';","{'Plan': {'Node Type': 'Seq Scan', 'Parallel Aware': False, 'Async Capable': False, 'Relation Name': 'patients', 'Alias': 'patients', 'Startup Cost': 0.0, 'Total Cost': 2083.0, 'Plan Rows': 25007, 'Plan Width': 32, 'Disabled': False, 'Filter': ""((city)::text = 'Mumbai'::text)""}}",32.11420006118715
Q651,2,"SELECT *
            FROM patients
            WHERE city = 'Kanpur';","{'Plan': {'Node Type': 'Seq Scan', 'Parallel Aware': False, 'Async Capable': False, 'Relation Name': 'patients', 'Alias': 'patients', 'Startup Cost': 0.0, 'Total Cost': 2083.0, 'Plan Rows': 25197, 'Plan Width': 32, 'Disabled': False, 'Filter': ""((city)::text = 'Kanpur'::text)""}}",32.249300042167306
Q652,1,"SELECT *
            FROM patients
            WHERE age > 35;","{'Plan': {'Node Type': 'Seq Scan', 'Parallel Aware': False, 'Async Capable': False, 'Relation Name': 'patients', 'Alias': 'patients', 'Startup Cost': 0.0, 'Total Cost': 2083.0, 'Plan Rows': 71460, 'Plan Width': 32, 'Disabled': False, 'Filter': '(age > 35)'}}",80.4167001042515
Q653,3,"SELECT city, COUNT(*)
            FROM patients
            GROUP BY city;","{'Plan': {'Node Type': 'Aggregate', 'Strategy': 'Hashed', 'Partial Mode': 'Simple', 'Parallel Aware': False, 'Async Capable': False, 'Startup Cost': 2333.0, 'Total Cost': 2333.04, 'Plan Rows': 4, 'Plan Width': 14, 'Disabled': False, 'Group Key': ['city'], 'Planned Partitions': 0, 'Plans': [{'Node Type': 'Seq Scan', 'Parent Relationship': 'Outer', 'Parallel Aware': False, 'Async Capable': False, 'Relation Name': 'patients', 'Alias': 'patients', 'Startup Cost': 0.0, 'Total Cost': 1833.0, 'Plan Rows': 100000, 'Plan Width': 6, 'Disabled': False}]}}",13.337499927729368
Q654,3,"SELECT city, COUNT(*)
            FROM patients
            GROUP BY city;","{'Plan': {'Node Type': 'Aggregate', 'Strategy': 'Hashed', 'Partial Mode': 'Simple', 'Parallel Aware': False, 'Async Capable': False, 'Startup Cost': 2333.0, 'Total Cost': 2333.04, 'Plan Rows': 4, 'Plan Width': 14, 'Disabled': False, 'Group Key': ['city'], 'Planned Partitions': 0, 'Plans': [{'Node Type': 'Seq Scan', 'Parent Relationship': 'Outer', 'Parallel Aware': False, 'Async Capable': False, 'Relation Name': 'patients', 'Alias': 'patients', 'Startup Cost': 0.0, 'Total Cost': 1833.0, 'Plan Rows': 100000, 'Plan Width': 6, 'Disabled': False}]}}",14.951300108805299
Q655,4,"SELECT p.name, a.appointment_date
            FROM patients p
            JOIN appointments a
            ON p.patient_id = a.patient_id;","{'Plan': {'Node Type': 'Hash Join', 'Parallel Aware': False, 'Async Capable': False, 'Join Type': 'Inner', 'Startup Cost': 3083.0, 'Total Cost': 13072.56, 'Plan Rows': 500000, 'Plan Width': 17, 'Disabled': False, 'Inner Unique': True, 'Hash Cond': '(a.patient_id = p.patient_id)', 'Plans': [{'Node Type': 'Seq Scan', 'Parent Relationship': 'Outer', 'Parallel Aware': False, 'Async Capable': False, 'Relation Name': 'appointments', 'Alias': 'a', 'Startup Cost': 0.0, 'Total Cost': 8677.0, 'Plan Rows': 500000, 'Plan Width': 8, 'Disabled': False}, {'Node Type': 'Hash', 'Parent Relationship': 'Inner', 'Parallel Aware': False, 'Async Capable': False, 'Startup Cost': 1833.0, 'Total Cost': 1833.0, 'Plan Rows': 100000, 'Plan Width': 17, 'Disabled': False, 'Plans': [{'Node Type': 'Seq Scan', 'Parent Relationship': 'Outer', 'Parallel Aware': False, 'Async Capable': False, 'Relation Name': 'patients', 'Alias': 'p', 'Startup Cost': 0.0, 'Total Cost': 1833.0, 'Plan Rows': 100000, 'Plan Width': 17, 'Disabled': False}]}]}}",673.4807000029832
Q656,1,"SELECT *
            FROM patients
            WHERE age > 27;","{'Plan': {'Node Type': 'Seq Scan', 'Parallel Aware': False, 'Async Capable': False, 'Relation Name': 'patients', 'Alias': 'patients', 'Startup Cost': 0.0, 'Total Cost': 2083.0, 'Plan Rows': 84117, 'Plan Width': 32, 'Disabled': False, 'Filter': '(age > 27)'}}",65.00860000960529
Q657,1,"SELECT *
            FROM patients
            WHERE age > 19;","{'Plan': {'Node Type': 'Seq Scan', 'Parallel Aware': False, 'Async Capable': False, 'Relation Name': 'patients', 'Alias': 'patients', 'Startup Cost': 0.0, 'Total Cost': 2083.0, 'Plan Rows': 96910, 'Plan Width': 32, 'Disabled': False, 'Filter': '(age > 19)'}}",82.13059999980032
Q658,2,"SELECT *
            FROM patients
            WHERE city = 'Delhi';","{'Plan': {'Node Type': 'Seq Scan', 'Parallel Aware': False, 'Async Capable': False, 'Relation Name': 'patients', 'Alias': 'patients', 'Startup Cost': 0.0, 'Total Cost': 2083.0, 'Plan Rows': 24947, 'Plan Width': 32, 'Disabled': False, 'Filter': ""((city)::text = 'Delhi'::text)""}}",22.676600143313408
Q659,5,"SELECT p.city, COUNT(a.appointment_id)
            FROM patients p
            JOIN appointments a
            ON p.patient_id = a.patient_id
            WHERE p.city = 'Mumbai'
            GROUP BY p.city;","{'Plan': {'Node Type': 'Aggregate', 'Strategy': 'Sorted', 'Partial Mode': 'Finalize', 'Parallel Aware': False, 'Async Capable': False, 'Startup Cost': 3395.59, 'Total Cost': 9833.29, 'Plan Rows': 1, 'Plan Width': 14, 'Disabled': False, 'Plans': [{'Node Type': 'Gather', 'Parent Relationship': 'Outer', 'Parallel Aware': False, 'Async Capable': False, 'Startup Cost': 3395.59, 'Total Cost': 9833.27, 'Plan Rows': 2, 'Plan Width': 14, 'Disabled': False, 'Workers Planned': 2, 'Single Copy': False, 'Plans': [{'Node Type': 'Aggregate', 'Strategy': 'Sorted', 'Partial Mode': 'Partial', 'Parent Relationship': 'Outer', 'Parallel Aware': False, 'Async Capable': False, 'Startup Cost': 2395.59, 'Total Cost': 8833.07, 'Plan Rows': 1, 'Plan Width': 14, 'Disabled': False, 'Plans': [{'Node Type': 'Hash Join', 'Parent Relationship': 'Outer', 'Parallel Aware': False, 'Async Capable': False, 'Join Type': 'Inner', 'Startup Cost': 2395.59, 'Total Cost': 8702.82, 'Plan Rows': 52098, 'Plan Width': 10, 'Disabled': False, 'Inner Unique': True, 'Hash Cond': '(a.patient_id = p.patient_id)', 'Plans': [{'Node Type': 'Seq Scan', 'Parent Relationship': 'Outer', 'Parallel Aware': True, 'Async Capable': False, 'Relation Name': 'appointments', 'Alias': 'a', 'Startup Cost': 0.0, 'Total Cost': 5760.33, 'Plan Rows': 208333, 'Plan Width': 8, 'Disabled': False}, {'Node Type': 'Hash', 'Parent Relationship': 'Inner', 'Parallel Aware': False, 'Async Capable': False, 'Startup Cost': 2083.0, 'Total Cost': 2083.0, 'Plan Rows': 25007, 'Plan Width': 10, 'Disabled': False, 'Plans': [{'Node Type': 'Seq Scan', 'Parent Relationship': 'Outer', 'Parallel Aware': False, 'Async Capable': False, 'Relation Name': 'patients', 'Alias': 'p', 'Startup Cost': 0.0, 'Total Cost': 2083.0, 'Plan Rows': 25007, 'Plan Width': 10, 'Disabled': False, 'Filter': ""((city)::text = 'Mumbai'::text)""}]}]}]}]}]}}",94.75559997372329
Q660,3,"SELECT city, COUNT(*)
            FROM patients
            GROUP BY city;","{'Plan': {'Node Type': 'Aggregate', 'Strategy': 'Hashed', 'Partial Mode': 'Simple', 'Parallel Aware': False, 'Async Capable': False, 'Startup Cost': 2333.0, 'Total Cost': 2333.04, 'Plan Rows': 4, 'Plan Width': 14, 'Disabled': False, 'Group Key': ['city'], 'Planned Partitions': 0, 'Plans': [{'Node Type': 'Seq Scan', 'Parent Relationship': 'Outer', 'Parallel Aware': False, 'Async Capable': False, 'Relation Name': 'patients', 'Alias': 'patients', 'Startup Cost': 0.0, 'Total Cost': 1833.0, 'Plan Rows': 100000, 'Plan Width': 6, 'Disabled': False}]}}",19.669999834150076
Q661,1,"SELECT *
            FROM patients
            WHERE age > 58;","{'Plan': {'Node Type': 'Seq Scan', 'Parallel Aware': False, 'Async Capable': False, 'Relation Name': 'patients', 'Alias': 'patients', 'Startup Cost': 0.0, 'Total Cost': 2083.0, 'Plan Rows': 34510, 'Plan Width': 32, 'Disabled': False, 'Filter': '(age > 58)'}}",47.535400139167905
Q662,1,"SELECT *
            FROM patients
            WHERE age > 57;","{'Plan': {'Node Type': 'Seq Scan', 'Parallel Aware': False, 'Async Capable': False, 'Relation Name': 'patients', 'Alias': 'patients', 'Startup Cost': 0.0, 'Total Cost': 2083.0, 'Plan Rows': 36047, 'Plan Width': 32, 'Disabled': False, 'Filter': '(age > 57)'}}",44.46340003050864
Q663,3,"SELECT city, COUNT(*)
            FROM patients
            GROUP BY city;","{'Plan': {'Node Type': 'Aggregate', 'Strategy': 'Hashed', 'Partial Mode': 'Simple', 'Parallel Aware': False, 'Async Capable': False, 'Startup Cost': 2333.0, 'Total Cost': 2333.04, 'Plan Rows': 4, 'Plan Width': 14, 'Disabled': False, 'Group Key': ['city'], 'Planned Partitions': 0, 'Plans': [{'Node Type': 'Seq Scan', 'Parent Relationship': 'Outer', 'Parallel Aware': False, 'Async Capable': False, 'Relation Name': 'patients', 'Alias': 'patients', 'Startup Cost': 0.0, 'Total Cost': 1833.0, 'Plan Rows': 100000, 'Plan Width': 6, 'Disabled': False}]}}",13.621499994769692
Q664,1,"SELECT *
            FROM patients
            WHERE age > 35;","{'Plan': {'Node Type': 'Seq Scan', 'Parallel Aware': False, 'Async Capable': False, 'Relation Name': 'patients', 'Alias': 'patients', 'Startup Cost': 0.0, 'Total Cost': 2083.0, 'Plan Rows': 71460, 'Plan Width': 32, 'Disabled': False, 'Filter': '(age > 35)'}}",82.89479999803007
Q665,3,"SELECT city, COUNT(*)
            FROM patients
            GROUP BY city;","{'Plan': {'Node Type': 'Aggregate', 'Strategy': 'Hashed', 'Partial Mode': 'Simple', 'Parallel Aware': False, 'Async Capable': False, 'Startup Cost': 2333.0, 'Total Cost': 2333.04, 'Plan Rows': 4, 'Plan Width': 14, 'Disabled': False, 'Group Key': ['city'], 'Planned Partitions': 0, 'Plans': [{'Node Type': 'Seq Scan', 'Parent Relationship': 'Outer', 'Parallel Aware': False, 'Async Capable': False, 'Relation Name': 'patients', 'Alias': 'patients', 'Startup Cost': 0.0, 'Total Cost': 1833.0, 'Plan Rows': 100000, 'Plan Width': 6, 'Disabled': False}]}}",13.54319998063147
Q666,3,"SELECT city, COUNT(*)
            FROM patients
            GROUP BY city;","{'Plan': {'Node Type': 'Aggregate', 'Strategy': 'Hashed', 'Partial Mode': 'Simple', 'Parallel Aware': False, 'Async Capable': False, 'Startup Cost': 2333.0, 'Total Cost': 2333.04, 'Plan Rows': 4, 'Plan Width': 14, 'Disabled': False, 'Group Key': ['city'], 'Planned Partitions': 0, 'Plans': [{'Node Type': 'Seq Scan', 'Parent Relationship': 'Outer', 'Parallel Aware': False, 'Async Capable': False, 'Relation Name': 'patients', 'Alias': 'patients', 'Startup Cost': 0.0, 'Total Cost': 1833.0, 'Plan Rows': 100000, 'Plan Width': 6, 'Disabled': False}]}}",13.283499982208014
Q667,2,"SELECT *
            FROM patients
            WHERE city = 'Delhi';","{'Plan': {'Node Type': 'Seq Scan', 'Parallel Aware': False, 'Async Capable': False, 'Relation Name': 'patients', 'Alias': 'patients', 'Startup Cost': 0.0, 'Total Cost': 2083.0, 'Plan Rows': 24947, 'Plan Width': 32, 'Disabled': False, 'Filter': ""((city)::text = 'Delhi'::text)""}}",37.679600063711405
Q668,3,"SELECT city, COUNT(*)
            FROM patients
            GROUP BY city;","{'Plan': {'Node Type': 'Aggregate', 'Strategy': 'Hashed', 'Partial Mode': 'Simple', 'Parallel Aware': False, 'Async Capable': False, 'Startup Cost': 2333.0, 'Total Cost': 2333.04, 'Plan Rows': 4, 'Plan Width': 14, 'Disabled': False, 'Group Key': ['city'], 'Planned Partitions': 0, 'Plans': [{'Node Type': 'Seq Scan', 'Parent Relationship': 'Outer', 'Parallel Aware': False, 'Async Capable': False, 'Relation Name': 'patients', 'Alias': 'patients', 'Startup Cost': 0.0, 'Total Cost': 1833.0, 'Plan Rows': 100000, 'Plan Width': 6, 'Disabled': False}]}}",23.930999916046858
Q669,3,"SELECT city, COUNT(*)
            FROM patients
            GROUP BY city;","{'Plan': {'Node Type': 'Aggregate', 'Strategy': 'Hashed', 'Partial Mode': 'Simple', 'Parallel Aware': False, 'Async Capable': False, 'Startup Cost': 2333.0, 'Total Cost': 2333.04, 'Plan Rows': 4, 'Plan Width': 14, 'Disabled': False, 'Group Key': ['city'], 'Planned Partitions': 0, 'Plans': [{'Node Type': 'Seq Scan', 'Parent Relationship': 'Outer', 'Parallel Aware': False, 'Async Capable': False, 'Relation Name': 'patients', 'Alias': 'patients', 'Startup Cost': 0.0, 'Total Cost': 1833.0, 'Plan Rows': 100000, 'Plan Width': 6, 'Disabled': False}]}}",20.632999949157238
Q670,3,"SELECT city, COUNT(*)
            FROM patients
            GROUP BY city;","{'Plan': {'Node Type': 'Aggregate', 'Strategy': 'Hashed', 'Partial Mode': 'Simple', 'Parallel Aware': False, 'Async Capable': False, 'Startup Cost': 2333.0, 'Total Cost': 2333.04, 'Plan Rows': 4, 'Plan Width': 14, 'Disabled': False, 'Group Key': ['city'], 'Planned Partitions': 0, 'Plans': [{'Node Type': 'Seq Scan', 'Parent Relationship': 'Outer', 'Parallel Aware': False, 'Async Capable': False, 'Relation Name': 'patients', 'Alias': 'patients', 'Startup Cost': 0.0, 'Total Cost': 1833.0, 'Plan Rows': 100000, 'Plan Width': 6, 'Disabled': False}]}}",23.372899973765016
Q671,3,"SELECT city, COUNT(*)
            FROM patients
            GROUP BY city;","{'Plan': {'Node Type': 'Aggregate', 'Strategy': 'Hashed', 'Partial Mode': 'Simple', 'Parallel Aware': False, 'Async Capable': False, 'Startup Cost': 2333.0, 'Total Cost': 2333.04, 'Plan Rows': 4, 'Plan Width': 14, 'Disabled': False, 'Group Key': ['city'], 'Planned Partitions': 0, 'Plans': [{'Node Type': 'Seq Scan', 'Parent Relationship': 'Outer', 'Parallel Aware': False, 'Async Capable': False, 'Relation Name': 'patients', 'Alias': 'patients', 'Startup Cost': 0.0, 'Total Cost': 1833.0, 'Plan Rows': 100000, 'Plan Width': 6, 'Disabled': False}]}}",22.102899849414825
Q672,2,"SELECT *
            FROM patients
            WHERE city = 'Mumbai';","{'Plan': {'Node Type': 'Seq Scan', 'Parallel Aware': False, 'Async Capable': False, 'Relation Name': 'patients', 'Alias': 'patients', 'Startup Cost': 0.0, 'Total Cost': 2083.0, 'Plan Rows': 25007, 'Plan Width': 32, 'Disabled': False, 'Filter': ""((city)::text = 'Mumbai'::text)""}}",52.073400001972914
Q673,4,"SELECT p.name, a.appointment_date
            FROM patients p
            JOIN appointments a
            ON p.patient_id = a.patient_id;","{'Plan': {'Node Type': 'Hash Join', 'Parallel Aware': False, 'Async Capable': False, 'Join Type': 'Inner', 'Startup Cost': 3083.0, 'Total Cost': 13072.56, 'Plan Rows': 500000, 'Plan Width': 17, 'Disabled': False, 'Inner Unique': True, 'Hash Cond': '(a.patient_id = p.patient_id)', 'Plans': [{'Node Type': 'Seq Scan', 'Parent Relationship': 'Outer', 'Parallel Aware': False, 'Async Capable': False, 'Relation Name': 'appointments', 'Alias': 'a', 'Startup Cost': 0.0, 'Total Cost': 8677.0, 'Plan Rows': 500000, 'Plan Width': 8, 'Disabled': False}, {'Node Type': 'Hash', 'Parent Relationship': 'Inner', 'Parallel Aware': False, 'Async Capable': False, 'Startup Cost': 1833.0, 'Total Cost': 1833.0, 'Plan Rows': 100000, 'Plan Width': 17, 'Disabled': False, 'Plans': [{'Node Type': 'Seq Scan', 'Parent Relationship': 'Outer', 'Parallel Aware': False, 'Async Capable': False, 'Relation Name': 'patients', 'Alias': 'p', 'Startup Cost': 0.0, 'Total Cost': 1833.0, 'Plan Rows': 100000, 'Plan Width': 17, 'Disabled': False}]}]}}",663.3216999471188
Q674,5,"SELECT p.city, COUNT(a.appointment_id)
            FROM patients p
            JOIN appointments a
            ON p.patient_id = a.patient_id
            WHERE p.city = 'Lucknow'
            GROUP BY p.city;","{'Plan': {'Node Type': 'Aggregate', 'Strategy': 'Sorted', 'Partial Mode': 'Finalize', 'Parallel Aware': False, 'Async Capable': False, 'Startup Cost': 3393.62, 'Total Cost': 9830.51, 'Plan Rows': 1, 'Plan Width': 14, 'Disabled': False, 'Plans': [{'Node Type': 'Gather', 'Parent Relationship': 'Outer', 'Parallel Aware': False, 'Async Capable': False, 'Startup Cost': 3393.62, 'Total Cost': 9830.49, 'Plan Rows': 2, 'Plan Width': 14, 'Disabled': False, 'Workers Planned': 2, 'Single Copy': False, 'Plans': [{'Node Type': 'Aggregate', 'Strategy': 'Sorted', 'Partial Mode': 'Partial', 'Parent Relationship': 'Outer', 'Parallel Aware': False, 'Async Capable': False, 'Startup Cost': 2393.62, 'Total Cost': 8830.29, 'Plan Rows': 1, 'Plan Width': 14, 'Disabled': False, 'Plans': [{'Node Type': 'Hash Join', 'Parent Relationship': 'Outer', 'Parallel Aware': False, 'Async Capable': False, 'Join Type': 'Inner', 'Startup Cost': 2393.62, 'Total Cost': 8700.85, 'Plan Rows': 51771, 'Plan Width': 10, 'Disabled': False, 'Inner Unique': True, 'Hash Cond': '(a.patient_id = p.patient_id)', 'Plans': [{'Node Type': 'Seq Scan', 'Parent Relationship': 'Outer', 'Parallel Aware': True, 'Async Capable': False, 'Relation Name': 'appointments', 'Alias': 'a', 'Startup Cost': 0.0, 'Total Cost': 5760.33, 'Plan Rows': 208333, 'Plan Width': 8, 'Disabled': False}, {'Node Type': 'Hash', 'Parent Relationship': 'Inner', 'Parallel Aware': False, 'Async Capable': False, 'Startup Cost': 2083.0, 'Total Cost': 2083.0, 'Plan Rows': 24850, 'Plan Width': 10, 'Disabled': False, 'Plans': [{'Node Type': 'Seq Scan', 'Parent Relationship': 'Outer', 'Parallel Aware': False, 'Async Capable': False, 'Relation Name': 'patients', 'Alias': 'p', 'Startup Cost': 0.0, 'Total Cost': 2083.0, 'Plan Rows': 24850, 'Plan Width': 10, 'Disabled': False, 'Filter': ""((city)::text = 'Lucknow'::text)""}]}]}]}]}]}}",97.79640007764101
Q675,4,"SELECT p.name, a.appointment_date
            FROM patients p
            JOIN appointments a
            ON p.patient_id = a.patient_id;","{'Plan': {'Node Type': 'Hash Join', 'Parallel Aware': False, 'Async Capable': False, 'Join Type': 'Inner', 'Startup Cost': 3083.0, 'Total Cost': 13072.56, 'Plan Rows': 500000, 'Plan Width': 17, 'Disabled': False, 'Inner Unique': True, 'Hash Cond': '(a.patient_id = p.patient_id)', 'Plans': [{'Node Type': 'Seq Scan', 'Parent Relationship': 'Outer', 'Parallel Aware': False, 'Async Capable': False, 'Relation Name': 'appointments', 'Alias': 'a', 'Startup Cost': 0.0, 'Total Cost': 8677.0, 'Plan Rows': 500000, 'Plan Width': 8, 'Disabled': False}, {'Node Type': 'Hash', 'Parent Relationship': 'Inner', 'Parallel Aware': False, 'Async Capable': False, 'Startup Cost': 1833.0, 'Total Cost': 1833.0, 'Plan Rows': 100000, 'Plan Width': 17, 'Disabled': False, 'Plans': [{'Node Type': 'Seq Scan', 'Parent Relationship': 'Outer', 'Parallel Aware': False, 'Async Capable': False, 'Relation Name': 'patients', 'Alias': 'p', 'Startup Cost': 0.0, 'Total Cost': 1833.0, 'Plan Rows': 100000, 'Plan Width': 17, 'Disabled': False}]}]}}",654.815100133419
Q676,3,"SELECT city, COUNT(*)
            FROM patients
            GROUP BY city;","{'Plan': {'Node Type': 'Aggregate', 'Strategy': 'Hashed', 'Partial Mode': 'Simple', 'Parallel Aware': False, 'Async Capable': False, 'Startup Cost': 2333.0, 'Total Cost': 2333.04, 'Plan Rows': 4, 'Plan Width': 14, 'Disabled': False, 'Group Key': ['city'], 'Planned Partitions': 0, 'Plans': [{'Node Type': 'Seq Scan', 'Parent Relationship': 'Outer', 'Parallel Aware': False, 'Async Capable': False, 'Relation Name': 'patients', 'Alias': 'patients', 'Startup Cost': 0.0, 'Total Cost': 1833.0, 'Plan Rows': 100000, 'Plan Width': 6, 'Disabled': False}]}}",13.963800156489015
Q677,5,"SELECT p.city, COUNT(a.appointment_id)
            FROM patients p
            JOIN appointments a
            ON p.patient_id = a.patient_id
            WHERE p.city = 'Kanpur'
            GROUP BY p.city;","{'Plan': {'Node Type': 'Aggregate', 'Strategy': 'Sorted', 'Partial Mode': 'Finalize', 'Parallel Aware': False, 'Async Capable': False, 'Startup Cost': 3397.96, 'Total Cost': 9836.65, 'Plan Rows': 1, 'Plan Width': 14, 'Disabled': False, 'Plans': [{'Node Type': 'Gather', 'Parent Relationship': 'Outer', 'Parallel Aware': False, 'Async Capable': False, 'Startup Cost': 3397.96, 'Total Cost': 9836.64, 'Plan Rows': 2, 'Plan Width': 14, 'Disabled': False, 'Workers Planned': 2, 'Single Copy': False, 'Plans': [{'Node Type': 'Aggregate', 'Strategy': 'Sorted', 'Partial Mode': 'Partial', 'Parent Relationship': 'Outer', 'Parallel Aware': False, 'Async Capable': False, 'Startup Cost': 2397.96, 'Total Cost': 8836.44, 'Plan Rows': 1, 'Plan Width': 14, 'Disabled': False, 'Plans': [{'Node Type': 'Hash Join', 'Parent Relationship': 'Outer', 'Parallel Aware': False, 'Async Capable': False, 'Join Type': 'Inner', 'Startup Cost': 2397.96, 'Total Cost': 8705.19, 'Plan Rows': 52494, 'Plan Width': 10, 'Disabled': False, 'Inner Unique': True, 'Hash Cond': '(a.patient_id = p.patient_id)', 'Plans': [{'Node Type': 'Seq Scan', 'Parent Relationship': 'Outer', 'Parallel Aware': True, 'Async Capable': False, 'Relation Name': 'appointments', 'Alias': 'a', 'Startup Cost': 0.0, 'Total Cost': 5760.33, 'Plan Rows': 208333, 'Plan Width': 8, 'Disabled': False}, {'Node Type': 'Hash', 'Parent Relationship': 'Inner', 'Parallel Aware': False, 'Async Capable': False, 'Startup Cost': 2083.0, 'Total Cost': 2083.0, 'Plan Rows': 25197, 'Plan Width': 10, 'Disabled': False, 'Plans': [{'Node Type': 'Seq Scan', 'Parent Relationship': 'Outer', 'Parallel Aware': False, 'Async Capable': False, 'Relation Name': 'patients', 'Alias': 'p', 'Startup Cost': 0.0, 'Total Cost': 2083.0, 'Plan Rows': 25197, 'Plan Width': 10, 'Disabled': False, 'Filter': ""((city)::text = 'Kanpur'::text)""}]}]}]}]}]}}",113.11310017481446
Q678,4,"SELECT p.name, a.appointment_date
            FROM patients p
            JOIN appointments a
            ON p.patient_id = a.patient_id;","{'Plan': {'Node Type': 'Hash Join', 'Parallel Aware': False, 'Async Capable': False, 'Join Type': 'Inner', 'Startup Cost': 3083.0, 'Total Cost': 13072.56, 'Plan Rows': 500000, 'Plan Width': 17, 'Disabled': False, 'Inner Unique': True, 'Hash Cond': '(a.patient_id = p.patient_id)', 'Plans': [{'Node Type': 'Seq Scan', 'Parent Relationship': 'Outer', 'Parallel Aware': False, 'Async Capable': False, 'Relation Name': 'appointments', 'Alias': 'a', 'Startup Cost': 0.0, 'Total Cost': 8677.0, 'Plan Rows': 500000, 'Plan Width': 8, 'Disabled': False}, {'Node Type': 'Hash', 'Parent Relationship': 'Inner', 'Parallel Aware': False, 'Async Capable': False, 'Startup Cost': 1833.0, 'Total Cost': 1833.0, 'Plan Rows': 100000, 'Plan Width': 17, 'Disabled': False, 'Plans': [{'Node Type': 'Seq Scan', 'Parent Relationship': 'Outer', 'Parallel Aware': False, 'Async Capable': False, 'Relation Name': 'patients', 'Alias': 'p', 'Startup Cost': 0.0, 'Total Cost': 1833.0, 'Plan Rows': 100000, 'Plan Width': 17, 'Disabled': False}]}]}}",647.8369000833482
Q679,5,"SELECT p.city, COUNT(a.appointment_id)
            FROM patients p
            JOIN appointments a
            ON p.patient_id = a.patient_id
            WHERE p.city = 'Kanpur'
            GROUP BY p.city;","{'Plan': {'Node Type': 'Aggregate', 'Strategy': 'Sorted', 'Partial Mode': 'Finalize', 'Parallel Aware': False, 'Async Capable': False, 'Startup Cost': 3397.96, 'Total Cost': 9836.65, 'Plan Rows': 1, 'Plan Width': 14, 'Disabled': False, 'Plans': [{'Node Type': 'Gather', 'Parent Relationship': 'Outer', 'Parallel Aware': False, 'Async Capable': False, 'Startup Cost': 3397.96, 'Total Cost': 9836.64, 'Plan Rows': 2, 'Plan Width': 14, 'Disabled': False, 'Workers Planned': 2, 'Single Copy': False, 'Plans': [{'Node Type': 'Aggregate', 'Strategy': 'Sorted', 'Partial Mode': 'Partial', 'Parent Relationship': 'Outer', 'Parallel Aware': False, 'Async Capable': False, 'Startup Cost': 2397.96, 'Total Cost': 8836.44, 'Plan Rows': 1, 'Plan Width': 14, 'Disabled': False, 'Plans': [{'Node Type': 'Hash Join', 'Parent Relationship': 'Outer', 'Parallel Aware': False, 'Async Capable': False, 'Join Type': 'Inner', 'Startup Cost': 2397.96, 'Total Cost': 8705.19, 'Plan Rows': 52494, 'Plan Width': 10, 'Disabled': False, 'Inner Unique': True, 'Hash Cond': '(a.patient_id = p.patient_id)', 'Plans': [{'Node Type': 'Seq Scan', 'Parent Relationship': 'Outer', 'Parallel Aware': True, 'Async Capable': False, 'Relation Name': 'appointments', 'Alias': 'a', 'Startup Cost': 0.0, 'Total Cost': 5760.33, 'Plan Rows': 208333, 'Plan Width': 8, 'Disabled': False}, {'Node Type': 'Hash', 'Parent Relationship': 'Inner', 'Parallel Aware': False, 'Async Capable': False, 'Startup Cost': 2083.0, 'Total Cost': 2083.0, 'Plan Rows': 25197, 'Plan Width': 10, 'Disabled': False, 'Plans': [{'Node Type': 'Seq Scan', 'Parent Relationship': 'Outer', 'Parallel Aware': False, 'Async Capable': False, 'Relation Name': 'patients', 'Alias': 'p', 'Startup Cost': 0.0, 'Total Cost': 2083.0, 'Plan Rows': 25197, 'Plan Width': 10, 'Disabled': False, 'Filter': ""((city)::text = 'Kanpur'::text)""}]}]}]}]}]}}",87.9041999578476
Q680,2,"SELECT *
            FROM patients
            WHERE city = 'Delhi';","{'Plan': {'Node Type': 'Seq Scan', 'Parallel Aware': False, 'Async Capable': False, 'Relation Name': 'patients', 'Alias': 'patients', 'Startup Cost': 0.0, 'Total Cost': 2083.0, 'Plan Rows': 24947, 'Plan Width': 32, 'Disabled': False, 'Filter': ""((city)::text = 'Delhi'::text)""}}",42.927300091832876
Q681,2,"SELECT *
            FROM patients
            WHERE city = 'Delhi';","{'Plan': {'Node Type': 'Seq Scan', 'Parallel Aware': False, 'Async Capable': False, 'Relation Name': 'patients', 'Alias': 'patients', 'Startup Cost': 0.0, 'Total Cost': 2083.0, 'Plan Rows': 24947, 'Plan Width': 32, 'Disabled': False, 'Filter': ""((city)::text = 'Delhi'::text)""}}",34.156200010329485
Q682,3,"SELECT city, COUNT(*)
            FROM patients
            GROUP BY city;","{'Plan': {'Node Type': 'Aggregate', 'Strategy': 'Hashed', 'Partial Mode': 'Simple', 'Parallel Aware': False, 'Async Capable': False, 'Startup Cost': 2333.0, 'Total Cost': 2333.04, 'Plan Rows': 4, 'Plan Width': 14, 'Disabled': False, 'Group Key': ['city'], 'Planned Partitions': 0, 'Plans': [{'Node Type': 'Seq Scan', 'Parent Relationship': 'Outer', 'Parallel Aware': False, 'Async Capable': False, 'Relation Name': 'patients', 'Alias': 'patients', 'Startup Cost': 0.0, 'Total Cost': 1833.0, 'Plan Rows': 100000, 'Plan Width': 6, 'Disabled': False}]}}",21.024700021371245
Q683,1,"SELECT *
            FROM patients
            WHERE age > 50;","{'Plan': {'Node Type': 'Seq Scan', 'Parallel Aware': False, 'Async Capable': False, 'Relation Name': 'patients', 'Alias': 'patients', 'Startup Cost': 0.0, 'Total Cost': 2083.0, 'Plan Rows': 47137, 'Plan Width': 32, 'Disabled': False, 'Filter': '(age > 50)'}}",47.62840014882386
Q684,1,"SELECT *
            FROM patients
            WHERE age > 37;","{'Plan': {'Node Type': 'Seq Scan', 'Parallel Aware': False, 'Async Capable': False, 'Relation Name': 'patients', 'Alias': 'patients', 'Startup Cost': 0.0, 'Total Cost': 2083.0, 'Plan Rows': 68290, 'Plan Width': 32, 'Disabled': False, 'Filter': '(age > 37)'}}",84.52270017005503
Q685,2,"SELECT *
            FROM patients
            WHERE city = 'Lucknow';","{'Plan': {'Node Type': 'Seq Scan', 'Parallel Aware': False, 'Async Capable': False, 'Relation Name': 'patients', 'Alias': 'patients', 'Startup Cost': 0.0, 'Total Cost': 2083.0, 'Plan Rows': 24850, 'Plan Width': 32, 'Disabled': False, 'Filter': ""((city)::text = 'Lucknow'::text)""}}",35.51850002259016
Q686,4,"SELECT p.name, a.appointment_date
            FROM patients p
            JOIN appointments a
            ON p.patient_id = a.patient_id;","{'Plan': {'Node Type': 'Hash Join', 'Parallel Aware': False, 'Async Capable': False, 'Join Type': 'Inner', 'Startup Cost': 3083.0, 'Total Cost': 13072.56, 'Plan Rows': 500000, 'Plan Width': 17, 'Disabled': False, 'Inner Unique': True, 'Hash Cond': '(a.patient_id = p.patient_id)', 'Plans': [{'Node Type': 'Seq Scan', 'Parent Relationship': 'Outer', 'Parallel Aware': False, 'Async Capable': False, 'Relation Name': 'appointments', 'Alias': 'a', 'Startup Cost': 0.0, 'Total Cost': 8677.0, 'Plan Rows': 500000, 'Plan Width': 8, 'Disabled': False}, {'Node Type': 'Hash', 'Parent Relationship': 'Inner', 'Parallel Aware': False, 'Async Capable': False, 'Startup Cost': 1833.0, 'Total Cost': 1833.0, 'Plan Rows': 100000, 'Plan Width': 17, 'Disabled': False, 'Plans': [{'Node Type': 'Seq Scan', 'Parent Relationship': 'Outer', 'Parallel Aware': False, 'Async Capable': False, 'Relation Name': 'patients', 'Alias': 'p', 'Startup Cost': 0.0, 'Total Cost': 1833.0, 'Plan Rows': 100000, 'Plan Width': 17, 'Disabled': False}]}]}}",609.47380005382
Q687,5,"SELECT p.city, COUNT(a.appointment_id)
            FROM patients p
            JOIN appointments a
            ON p.patient_id = a.patient_id
            WHERE p.city = 'Delhi'
            GROUP BY p.city;","{'Plan': {'Node Type': 'Aggregate', 'Strategy': 'Sorted', 'Partial Mode': 'Finalize', 'Parallel Aware': False, 'Async Capable': False, 'Startup Cost': 3394.84, 'Total Cost': 9832.22, 'Plan Rows': 1, 'Plan Width': 14, 'Disabled': False, 'Plans': [{'Node Type': 'Gather', 'Parent Relationship': 'Outer', 'Parallel Aware': False, 'Async Capable': False, 'Startup Cost': 3394.84, 'Total Cost': 9832.21, 'Plan Rows': 2, 'Plan Width': 14, 'Disabled': False, 'Workers Planned': 2, 'Single Copy': False, 'Plans': [{'Node Type': 'Aggregate', 'Strategy': 'Sorted', 'Partial Mode': 'Partial', 'Parent Relationship': 'Outer', 'Parallel Aware': False, 'Async Capable': False, 'Startup Cost': 2394.84, 'Total Cost': 8832.01, 'Plan Rows': 1, 'Plan Width': 14, 'Disabled': False, 'Plans': [{'Node Type': 'Hash Join', 'Parent Relationship': 'Outer', 'Parallel Aware': False, 'Async Capable': False, 'Join Type': 'Inner', 'Startup Cost': 2394.84, 'Total Cost': 8702.07, 'Plan Rows': 51973, 'Plan Width': 10, 'Disabled': False, 'Inner Unique': True, 'Hash Cond': '(a.patient_id = p.patient_id)', 'Plans': [{'Node Type': 'Seq Scan', 'Parent Relationship': 'Outer', 'Parallel Aware': True, 'Async Capable': False, 'Relation Name': 'appointments', 'Alias': 'a', 'Startup Cost': 0.0, 'Total Cost': 5760.33, 'Plan Rows': 208333, 'Plan Width': 8, 'Disabled': False}, {'Node Type': 'Hash', 'Parent Relationship': 'Inner', 'Parallel Aware': False, 'Async Capable': False, 'Startup Cost': 2083.0, 'Total Cost': 2083.0, 'Plan Rows': 24947, 'Plan Width': 10, 'Disabled': False, 'Plans': [{'Node Type': 'Seq Scan', 'Parent Relationship': 'Outer', 'Parallel Aware': False, 'Async Capable': False, 'Relation Name': 'patients', 'Alias': 'p', 'Startup Cost': 0.0, 'Total Cost': 2083.0, 'Plan Rows': 24947, 'Plan Width': 10, 'Disabled': False, 'Filter': ""((city)::text = 'Delhi'::text)""}]}]}]}]}]}}",83.04650010541081
Q688,4,"SELECT p.name, a.appointment_date
            FROM patients p
            JOIN appointments a
            ON p.patient_id = a.patient_id;","{'Plan': {'Node Type': 'Hash Join', 'Parallel Aware': False, 'Async Capable': False, 'Join Type': 'Inner', 'Startup Cost': 3083.0, 'Total Cost': 13072.56, 'Plan Rows': 500000, 'Plan Width': 17, 'Disabled': False, 'Inner Unique': True, 'Hash Cond': '(a.patient_id = p.patient_id)', 'Plans': [{'Node Type': 'Seq Scan', 'Parent Relationship': 'Outer', 'Parallel Aware': False, 'Async Capable': False, 'Relation Name': 'appointments', 'Alias': 'a', 'Startup Cost': 0.0, 'Total Cost': 8677.0, 'Plan Rows': 500000, 'Plan Width': 8, 'Disabled': False}, {'Node Type': 'Hash', 'Parent Relationship': 'Inner', 'Parallel Aware': False, 'Async Capable': False, 'Startup Cost': 1833.0, 'Total Cost': 1833.0, 'Plan Rows': 100000, 'Plan Width': 17, 'Disabled': False, 'Plans': [{'Node Type': 'Seq Scan', 'Parent Relationship': 'Outer', 'Parallel Aware': False, 'Async Capable': False, 'Relation Name': 'patients', 'Alias': 'p', 'Startup Cost': 0.0, 'Total Cost': 1833.0, 'Plan Rows': 100000, 'Plan Width': 17, 'Disabled': False}]}]}}",640.9400999546051
Q689,1,"SELECT *
            FROM patients
            WHERE age > 29;","{'Plan': {'Node Type': 'Seq Scan', 'Parallel Aware': False, 'Async Capable': False, 'Relation Name': 'patients', 'Alias': 'patients', 'Startup Cost': 0.0, 'Total Cost': 2083.0, 'Plan Rows': 80983, 'Plan Width': 32, 'Disabled': False, 'Filter': '(age > 29)'}}",61.96109997108579
Q690,5,"SELECT p.city, COUNT(a.appointment_id)
            FROM patients p
            JOIN appointments a
            ON p.patient_id = a.patient_id
            WHERE p.city = 'Mumbai'
            GROUP BY p.city;","{'Plan': {'Node Type': 'Aggregate', 'Strategy': 'Sorted', 'Partial Mode': 'Finalize', 'Parallel Aware': False, 'Async Capable': False, 'Startup Cost': 3395.59, 'Total Cost': 9833.29, 'Plan Rows': 1, 'Plan Width': 14, 'Disabled': False, 'Plans': [{'Node Type': 'Gather', 'Parent Relationship': 'Outer', 'Parallel Aware': False, 'Async Capable': False, 'Startup Cost': 3395.59, 'Total Cost': 9833.27, 'Plan Rows': 2, 'Plan Width': 14, 'Disabled': False, 'Workers Planned': 2, 'Single Copy': False, 'Plans': [{'Node Type': 'Aggregate', 'Strategy': 'Sorted', 'Partial Mode': 'Partial', 'Parent Relationship': 'Outer', 'Parallel Aware': False, 'Async Capable': False, 'Startup Cost': 2395.59, 'Total Cost': 8833.07, 'Plan Rows': 1, 'Plan Width': 14, 'Disabled': False, 'Plans': [{'Node Type': 'Hash Join', 'Parent Relationship': 'Outer', 'Parallel Aware': False, 'Async Capable': False, 'Join Type': 'Inner', 'Startup Cost': 2395.59, 'Total Cost': 8702.82, 'Plan Rows': 52098, 'Plan Width': 10, 'Disabled': False, 'Inner Unique': True, 'Hash Cond': '(a.patient_id = p.patient_id)', 'Plans': [{'Node Type': 'Seq Scan', 'Parent Relationship': 'Outer', 'Parallel Aware': True, 'Async Capable': False, 'Relation Name': 'appointments', 'Alias': 'a', 'Startup Cost': 0.0, 'Total Cost': 5760.33, 'Plan Rows': 208333, 'Plan Width': 8, 'Disabled': False}, {'Node Type': 'Hash', 'Parent Relationship': 'Inner', 'Parallel Aware': False, 'Async Capable': False, 'Startup Cost': 2083.0, 'Total Cost': 2083.0, 'Plan Rows': 25007, 'Plan Width': 10, 'Disabled': False, 'Plans': [{'Node Type': 'Seq Scan', 'Parent Relationship': 'Outer', 'Parallel Aware': False, 'Async Capable': False, 'Relation Name': 'patients', 'Alias': 'p', 'Startup Cost': 0.0, 'Total Cost': 2083.0, 'Plan Rows': 25007, 'Plan Width': 10, 'Disabled': False, 'Filter': ""((city)::text = 'Mumbai'::text)""}]}]}]}]}]}}",78.58690014109015
Q691,1,"SELECT *
            FROM patients
            WHERE age > 25;","{'Plan': {'Node Type': 'Seq Scan', 'Parallel Aware': False, 'Async Capable': False, 'Relation Name': 'patients', 'Alias': 'patients', 'Startup Cost': 0.0, 'Total Cost': 2083.0, 'Plan Rows': 87343, 'Plan Width': 32, 'Disabled': False, 'Filter': '(age > 25)'}}",110.32680002972484
Q692,1,"SELECT *
            FROM patients
            WHERE age > 56;","{'Plan': {'Node Type': 'Seq Scan', 'Parallel Aware': False, 'Async Capable': False, 'Relation Name': 'patients', 'Alias': 'patients', 'Startup Cost': 0.0, 'Total Cost': 2083.0, 'Plan Rows': 37503, 'Plan Width': 32, 'Disabled': False, 'Filter': '(age > 56)'}}",29.401500010862947
Q693,4,"SELECT p.name, a.appointment_date
            FROM patients p
            JOIN appointments a
            ON p.patient_id = a.patient_id;","{'Plan': {'Node Type': 'Hash Join', 'Parallel Aware': False, 'Async Capable': False, 'Join Type': 'Inner', 'Startup Cost': 3083.0, 'Total Cost': 13072.56, 'Plan Rows': 500000, 'Plan Width': 17, 'Disabled': False, 'Inner Unique': True, 'Hash Cond': '(a.patient_id = p.patient_id)', 'Plans': [{'Node Type': 'Seq Scan', 'Parent Relationship': 'Outer', 'Parallel Aware': False, 'Async Capable': False, 'Relation Name': 'appointments', 'Alias': 'a', 'Startup Cost': 0.0, 'Total Cost': 8677.0, 'Plan Rows': 500000, 'Plan Width': 8, 'Disabled': False}, {'Node Type': 'Hash', 'Parent Relationship': 'Inner', 'Parallel Aware': False, 'Async Capable': False, 'Startup Cost': 1833.0, 'Total Cost': 1833.0, 'Plan Rows': 100000, 'Plan Width': 17, 'Disabled': False, 'Plans': [{'Node Type': 'Seq Scan', 'Parent Relationship': 'Outer', 'Parallel Aware': False, 'Async Capable': False, 'Relation Name': 'patients', 'Alias': 'p', 'Startup Cost': 0.0, 'Total Cost': 1833.0, 'Plan Rows': 100000, 'Plan Width': 17, 'Disabled': False}]}]}}",641.1857998464257
Q694,2,"SELECT *
            FROM patients
            WHERE city = 'Kanpur';","{'Plan': {'Node Type': 'Seq Scan', 'Parallel Aware': False, 'Async Capable': False, 'Relation Name': 'patients', 'Alias': 'patients', 'Startup Cost': 0.0, 'Total Cost': 2083.0, 'Plan Rows': 25197, 'Plan Width': 32, 'Disabled': False, 'Filter': ""((city)::text = 'Kanpur'::text)""}}",36.9758999440819
Q695,4,"SELECT p.name, a.appointment_date
            FROM patients p
            JOIN appointments a
            ON p.patient_id = a.patient_id;","{'Plan': {'Node Type': 'Hash Join', 'Parallel Aware': False, 'Async Capable': False, 'Join Type': 'Inner', 'Startup Cost': 3083.0, 'Total Cost': 13072.56, 'Plan Rows': 500000, 'Plan Width': 17, 'Disabled': False, 'Inner Unique': True, 'Hash Cond': '(a.patient_id = p.patient_id)', 'Plans': [{'Node Type': 'Seq Scan', 'Parent Relationship': 'Outer', 'Parallel Aware': False, 'Async Capable': False, 'Relation Name': 'appointments', 'Alias': 'a', 'Startup Cost': 0.0, 'Total Cost': 8677.0, 'Plan Rows': 500000, 'Plan Width': 8, 'Disabled': False}, {'Node Type': 'Hash', 'Parent Relationship': 'Inner', 'Parallel Aware': False, 'Async Capable': False, 'Startup Cost': 1833.0, 'Total Cost': 1833.0, 'Plan Rows': 100000, 'Plan Width': 17, 'Disabled': False, 'Plans': [{'Node Type': 'Seq Scan', 'Parent Relationship': 'Outer', 'Parallel Aware': False, 'Async Capable': False, 'Relation Name': 'patients', 'Alias': 'p', 'Startup Cost': 0.0, 'Total Cost': 1833.0, 'Plan Rows': 100000, 'Plan Width': 17, 'Disabled': False}]}]}}",647.4947000388056
Q696,2,"SELECT *
            FROM patients
            WHERE city = 'Delhi';","{'Plan': {'Node Type': 'Seq Scan', 'Parallel Aware': False, 'Async Capable': False, 'Relation Name': 'patients', 'Alias': 'patients', 'Startup Cost': 0.0, 'Total Cost': 2083.0, 'Plan Rows': 24947, 'Plan Width': 32, 'Disabled': False, 'Filter': ""((city)::text = 'Delhi'::text)""}}",36.71119990758598
Q697,3,"SELECT city, COUNT(*)
            FROM patients
            GROUP BY city;","{'Plan': {'Node Type': 'Aggregate', 'Strategy': 'Hashed', 'Partial Mode': 'Simple', 'Parallel Aware': False, 'Async Capable': False, 'Startup Cost': 2333.0, 'Total Cost': 2333.04, 'Plan Rows': 4, 'Plan Width': 14, 'Disabled': False, 'Group Key': ['city'], 'Planned Partitions': 0, 'Plans': [{'Node Type': 'Seq Scan', 'Parent Relationship': 'Outer', 'Parallel Aware': False, 'Async Capable': False, 'Relation Name': 'patients', 'Alias': 'patients', 'Startup Cost': 0.0, 'Total Cost': 1833.0, 'Plan Rows': 100000, 'Plan Width': 6, 'Disabled': False}]}}",13.478700071573257
Q698,3,"SELECT city, COUNT(*)
            FROM patients
            GROUP BY city;","{'Plan': {'Node Type': 'Aggregate', 'Strategy': 'Hashed', 'Partial Mode': 'Simple', 'Parallel Aware': False, 'Async Capable': False, 'Startup Cost': 2333.0, 'Total Cost': 2333.04, 'Plan Rows': 4, 'Plan Width': 14, 'Disabled': False, 'Group Key': ['city'], 'Planned Partitions': 0, 'Plans': [{'Node Type': 'Seq Scan', 'Parent Relationship': 'Outer', 'Parallel Aware': False, 'Async Capable': False, 'Relation Name': 'patients', 'Alias': 'patients', 'Startup Cost': 0.0, 'Total Cost': 1833.0, 'Plan Rows': 100000, 'Plan Width': 6, 'Disabled': False}]}}",13.879199977964163
Q699,1,"SELECT *
            FROM patients
            WHERE age > 23;","{'Plan': {'Node Type': 'Seq Scan', 'Parallel Aware': False, 'Async Capable': False, 'Relation Name': 'patients', 'Alias': 'patients', 'Startup Cost': 0.0, 'Total Cost': 2083.0, 'Plan Rows': 90417, 'Plan Width': 32, 'Disabled': False, 'Filter': '(age > 23)'}}",85.70160018280149
Q700,4,"SELECT p.name, a.appointment_date
            FROM patients p
            JOIN appointments a
            ON p.patient_id = a.patient_id;","{'Plan': {'Node Type': 'Hash Join', 'Parallel Aware': False, 'Async Capable': False, 'Join Type': 'Inner', 'Startup Cost': 3083.0, 'Total Cost': 13072.56, 'Plan Rows': 500000, 'Plan Width': 17, 'Disabled': False, 'Inner Unique': True, 'Hash Cond': '(a.patient_id = p.patient_id)', 'Plans': [{'Node Type': 'Seq Scan', 'Parent Relationship': 'Outer', 'Parallel Aware': False, 'Async Capable': False, 'Relation Name': 'appointments', 'Alias': 'a', 'Startup Cost': 0.0, 'Total Cost': 8677.0, 'Plan Rows': 500000, 'Plan Width': 8, 'Disabled': False}, {'Node Type': 'Hash', 'Parent Relationship': 'Inner', 'Parallel Aware': False, 'Async Capable': False, 'Startup Cost': 1833.0, 'Total Cost': 1833.0, 'Plan Rows': 100000, 'Plan Width': 17, 'Disabled': False, 'Plans': [{'Node Type': 'Seq Scan', 'Parent Relationship': 'Outer', 'Parallel Aware': False, 'Async Capable': False, 'Relation Name': 'patients', 'Alias': 'p', 'Startup Cost': 0.0, 'Total Cost': 1833.0, 'Plan Rows': 100000, 'Plan Width': 17, 'Disabled': False}]}]}}",633.0142999067903
Q701,4,"SELECT p.name, a.appointment_date
            FROM patients p
            JOIN appointments a
            ON p.patient_id = a.patient_id;","{'Plan': {'Node Type': 'Hash Join', 'Parallel Aware': False, 'Async Capable': False, 'Join Type': 'Inner', 'Startup Cost': 3083.0, 'Total Cost': 13072.56, 'Plan Rows': 500000, 'Plan Width': 17, 'Disabled': False, 'Inner Unique': True, 'Hash Cond': '(a.patient_id = p.patient_id)', 'Plans': [{'Node Type': 'Seq Scan', 'Parent Relationship': 'Outer', 'Parallel Aware': False, 'Async Capable': False, 'Relation Name': 'appointments', 'Alias': 'a', 'Startup Cost': 0.0, 'Total Cost': 8677.0, 'Plan Rows': 500000, 'Plan Width': 8, 'Disabled': False}, {'Node Type': 'Hash', 'Parent Relationship': 'Inner', 'Parallel Aware': False, 'Async Capable': False, 'Startup Cost': 1833.0, 'Total Cost': 1833.0, 'Plan Rows': 100000, 'Plan Width': 17, 'Disabled': False, 'Plans': [{'Node Type': 'Seq Scan', 'Parent Relationship': 'Outer', 'Parallel Aware': False, 'Async Capable': False, 'Relation Name': 'patients', 'Alias': 'p', 'Startup Cost': 0.0, 'Total Cost': 1833.0, 'Plan Rows': 100000, 'Plan Width': 17, 'Disabled': False}]}]}}",669.1626999527216
Q702,5,"SELECT p.city, COUNT(a.appointment_id)
            FROM patients p
            JOIN appointments a
            ON p.patient_id = a.patient_id
            WHERE p.city = 'Kanpur'
            GROUP BY p.city;","{'Plan': {'Node Type': 'Aggregate', 'Strategy': 'Sorted', 'Partial Mode': 'Finalize', 'Parallel Aware': False, 'Async Capable': False, 'Startup Cost': 3397.96, 'Total Cost': 9836.65, 'Plan Rows': 1, 'Plan Width': 14, 'Disabled': False, 'Plans': [{'Node Type': 'Gather', 'Parent Relationship': 'Outer', 'Parallel Aware': False, 'Async Capable': False, 'Startup Cost': 3397.96, 'Total Cost': 9836.64, 'Plan Rows': 2, 'Plan Width': 14, 'Disabled': False, 'Workers Planned': 2, 'Single Copy': False, 'Plans': [{'Node Type': 'Aggregate', 'Strategy': 'Sorted', 'Partial Mode': 'Partial', 'Parent Relationship': 'Outer', 'Parallel Aware': False, 'Async Capable': False, 'Startup Cost': 2397.96, 'Total Cost': 8836.44, 'Plan Rows': 1, 'Plan Width': 14, 'Disabled': False, 'Plans': [{'Node Type': 'Hash Join', 'Parent Relationship': 'Outer', 'Parallel Aware': False, 'Async Capable': False, 'Join Type': 'Inner', 'Startup Cost': 2397.96, 'Total Cost': 8705.19, 'Plan Rows': 52494, 'Plan Width': 10, 'Disabled': False, 'Inner Unique': True, 'Hash Cond': '(a.patient_id = p.patient_id)', 'Plans': [{'Node Type': 'Seq Scan', 'Parent Relationship': 'Outer', 'Parallel Aware': True, 'Async Capable': False, 'Relation Name': 'appointments', 'Alias': 'a', 'Startup Cost': 0.0, 'Total Cost': 5760.33, 'Plan Rows': 208333, 'Plan Width': 8, 'Disabled': False}, {'Node Type': 'Hash', 'Parent Relationship': 'Inner', 'Parallel Aware': False, 'Async Capable': False, 'Startup Cost': 2083.0, 'Total Cost': 2083.0, 'Plan Rows': 25197, 'Plan Width': 10, 'Disabled': False, 'Plans': [{'Node Type': 'Seq Scan', 'Parent Relationship': 'Outer', 'Parallel Aware': False, 'Async Capable': False, 'Relation Name': 'patients', 'Alias': 'p', 'Startup Cost': 0.0, 'Total Cost': 2083.0, 'Plan Rows': 25197, 'Plan Width': 10, 'Disabled': False, 'Filter': ""((city)::text = 'Kanpur'::text)""}]}]}]}]}]}}",99.16970017366111
Q703,5,"SELECT p.city, COUNT(a.appointment_id)
            FROM patients p
            JOIN appointments a
            ON p.patient_id = a.patient_id
            WHERE p.city = 'Delhi'
            GROUP BY p.city;","{'Plan': {'Node Type': 'Aggregate', 'Strategy': 'Sorted', 'Partial Mode': 'Finalize', 'Parallel Aware': False, 'Async Capable': False, 'Startup Cost': 3394.84, 'Total Cost': 9832.22, 'Plan Rows': 1, 'Plan Width': 14, 'Disabled': False, 'Plans': [{'Node Type': 'Gather', 'Parent Relationship': 'Outer', 'Parallel Aware': False, 'Async Capable': False, 'Startup Cost': 3394.84, 'Total Cost': 9832.21, 'Plan Rows': 2, 'Plan Width': 14, 'Disabled': False, 'Workers Planned': 2, 'Single Copy': False, 'Plans': [{'Node Type': 'Aggregate', 'Strategy': 'Sorted', 'Partial Mode': 'Partial', 'Parent Relationship': 'Outer', 'Parallel Aware': False, 'Async Capable': False, 'Startup Cost': 2394.84, 'Total Cost': 8832.01, 'Plan Rows': 1, 'Plan Width': 14, 'Disabled': False, 'Plans': [{'Node Type': 'Hash Join', 'Parent Relationship': 'Outer', 'Parallel Aware': False, 'Async Capable': False, 'Join Type': 'Inner', 'Startup Cost': 2394.84, 'Total Cost': 8702.07, 'Plan Rows': 51973, 'Plan Width': 10, 'Disabled': False, 'Inner Unique': True, 'Hash Cond': '(a.patient_id = p.patient_id)', 'Plans': [{'Node Type': 'Seq Scan', 'Parent Relationship': 'Outer', 'Parallel Aware': True, 'Async Capable': False, 'Relation Name': 'appointments', 'Alias': 'a', 'Startup Cost': 0.0, 'Total Cost': 5760.33, 'Plan Rows': 208333, 'Plan Width': 8, 'Disabled': False}, {'Node Type': 'Hash', 'Parent Relationship': 'Inner', 'Parallel Aware': False, 'Async Capable': False, 'Startup Cost': 2083.0, 'Total Cost': 2083.0, 'Plan Rows': 24947, 'Plan Width': 10, 'Disabled': False, 'Plans': [{'Node Type': 'Seq Scan', 'Parent Relationship': 'Outer', 'Parallel Aware': False, 'Async Capable': False, 'Relation Name': 'patients', 'Alias': 'p', 'Startup Cost': 0.0, 'Total Cost': 2083.0, 'Plan Rows': 24947, 'Plan Width': 10, 'Disabled': False, 'Filter': ""((city)::text = 'Delhi'::text)""}]}]}]}]}]}}",82.43920002132654
Q704,4,"SELECT p.name, a.appointment_date
            FROM patients p
            JOIN appointments a
            ON p.patient_id = a.patient_id;","{'Plan': {'Node Type': 'Hash Join', 'Parallel Aware': False, 'Async Capable': False, 'Join Type': 'Inner', 'Startup Cost': 3083.0, 'Total Cost': 13072.56, 'Plan Rows': 500000, 'Plan Width': 17, 'Disabled': False, 'Inner Unique': True, 'Hash Cond': '(a.patient_id = p.patient_id)', 'Plans': [{'Node Type': 'Seq Scan', 'Parent Relationship': 'Outer', 'Parallel Aware': False, 'Async Capable': False, 'Relation Name': 'appointments', 'Alias': 'a', 'Startup Cost': 0.0, 'Total Cost': 8677.0, 'Plan Rows': 500000, 'Plan Width': 8, 'Disabled': False}, {'Node Type': 'Hash', 'Parent Relationship': 'Inner', 'Parallel Aware': False, 'Async Capable': False, 'Startup Cost': 1833.0, 'Total Cost': 1833.0, 'Plan Rows': 100000, 'Plan Width': 17, 'Disabled': False, 'Plans': [{'Node Type': 'Seq Scan', 'Parent Relationship': 'Outer', 'Parallel Aware': False, 'Async Capable': False, 'Relation Name': 'patients', 'Alias': 'p', 'Startup Cost': 0.0, 'Total Cost': 1833.0, 'Plan Rows': 100000, 'Plan Width': 17, 'Disabled': False}]}]}}",644.8532999493182
Q705,3,"SELECT city, COUNT(*)
            FROM patients
            GROUP BY city;","{'Plan': {'Node Type': 'Aggregate', 'Strategy': 'Hashed', 'Partial Mode': 'Simple', 'Parallel Aware': False, 'Async Capable': False, 'Startup Cost': 2333.0, 'Total Cost': 2333.04, 'Plan Rows': 4, 'Plan Width': 14, 'Disabled': False, 'Group Key': ['city'], 'Planned Partitions': 0, 'Plans': [{'Node Type': 'Seq Scan', 'Parent Relationship': 'Outer', 'Parallel Aware': False, 'Async Capable': False, 'Relation Name': 'patients', 'Alias': 'patients', 'Startup Cost': 0.0, 'Total Cost': 1833.0, 'Plan Rows': 100000, 'Plan Width': 6, 'Disabled': False}]}}",14.189100125804543
Q706,3,"SELECT city, COUNT(*)
            FROM patients
            GROUP BY city;","{'Plan': {'Node Type': 'Aggregate', 'Strategy': 'Hashed', 'Partial Mode': 'Simple', 'Parallel Aware': False, 'Async Capable': False, 'Startup Cost': 2333.0, 'Total Cost': 2333.04, 'Plan Rows': 4, 'Plan Width': 14, 'Disabled': False, 'Group Key': ['city'], 'Planned Partitions': 0, 'Plans': [{'Node Type': 'Seq Scan', 'Parent Relationship': 'Outer', 'Parallel Aware': False, 'Async Capable': False, 'Relation Name': 'patients', 'Alias': 'patients', 'Startup Cost': 0.0, 'Total Cost': 1833.0, 'Plan Rows': 100000, 'Plan Width': 6, 'Disabled': False}]}}",12.821199838072062
Q707,5,"SELECT p.city, COUNT(a.appointment_id)
            FROM patients p
            JOIN appointments a
            ON p.patient_id = a.patient_id
            WHERE p.city = 'Lucknow'
            GROUP BY p.city;","{'Plan': {'Node Type': 'Aggregate', 'Strategy': 'Sorted', 'Partial Mode': 'Finalize', 'Parallel Aware': False, 'Async Capable': False, 'Startup Cost': 3393.62, 'Total Cost': 9830.51, 'Plan Rows': 1, 'Plan Width': 14, 'Disabled': False, 'Plans': [{'Node Type': 'Gather', 'Parent Relationship': 'Outer', 'Parallel Aware': False, 'Async Capable': False, 'Startup Cost': 3393.62, 'Total Cost': 9830.49, 'Plan Rows': 2, 'Plan Width': 14, 'Disabled': False, 'Workers Planned': 2, 'Single Copy': False, 'Plans': [{'Node Type': 'Aggregate', 'Strategy': 'Sorted', 'Partial Mode': 'Partial', 'Parent Relationship': 'Outer', 'Parallel Aware': False, 'Async Capable': False, 'Startup Cost': 2393.62, 'Total Cost': 8830.29, 'Plan Rows': 1, 'Plan Width': 14, 'Disabled': False, 'Plans': [{'Node Type': 'Hash Join', 'Parent Relationship': 'Outer', 'Parallel Aware': False, 'Async Capable': False, 'Join Type': 'Inner', 'Startup Cost': 2393.62, 'Total Cost': 8700.85, 'Plan Rows': 51771, 'Plan Width': 10, 'Disabled': False, 'Inner Unique': True, 'Hash Cond': '(a.patient_id = p.patient_id)', 'Plans': [{'Node Type': 'Seq Scan', 'Parent Relationship': 'Outer', 'Parallel Aware': True, 'Async Capable': False, 'Relation Name': 'appointments', 'Alias': 'a', 'Startup Cost': 0.0, 'Total Cost': 5760.33, 'Plan Rows': 208333, 'Plan Width': 8, 'Disabled': False}, {'Node Type': 'Hash', 'Parent Relationship': 'Inner', 'Parallel Aware': False, 'Async Capable': False, 'Startup Cost': 2083.0, 'Total Cost': 2083.0, 'Plan Rows': 24850, 'Plan Width': 10, 'Disabled': False, 'Plans': [{'Node Type': 'Seq Scan', 'Parent Relationship': 'Outer', 'Parallel Aware': False, 'Async Capable': False, 'Relation Name': 'patients', 'Alias': 'p', 'Startup Cost': 0.0, 'Total Cost': 2083.0, 'Plan Rows': 24850, 'Plan Width': 10, 'Disabled': False, 'Filter': ""((city)::text = 'Lucknow'::text)""}]}]}]}]}]}}",87.03699987381697
Q708,2,"SELECT *
            FROM patients
            WHERE city = 'Mumbai';","{'Plan': {'Node Type': 'Seq Scan', 'Parallel Aware': False, 'Async Capable': False, 'Relation Name': 'patients', 'Alias': 'patients', 'Startup Cost': 0.0, 'Total Cost': 2083.0, 'Plan Rows': 25007, 'Plan Width': 32, 'Disabled': False, 'Filter': ""((city)::text = 'Mumbai'::text)""}}",40.293899830430746
Q709,3,"SELECT city, COUNT(*)
            FROM patients
            GROUP BY city;","{'Plan': {'Node Type': 'Aggregate', 'Strategy': 'Hashed', 'Partial Mode': 'Simple', 'Parallel Aware': False, 'Async Capable': False, 'Startup Cost': 2333.0, 'Total Cost': 2333.04, 'Plan Rows': 4, 'Plan Width': 14, 'Disabled': False, 'Group Key': ['city'], 'Planned Partitions': 0, 'Plans': [{'Node Type': 'Seq Scan', 'Parent Relationship': 'Outer', 'Parallel Aware': False, 'Async Capable': False, 'Relation Name': 'patients', 'Alias': 'patients', 'Startup Cost': 0.0, 'Total Cost': 1833.0, 'Plan Rows': 100000, 'Plan Width': 6, 'Disabled': False}]}}",20.865399856120348
Q710,2,"SELECT *
            FROM patients
            WHERE city = 'Mumbai';","{'Plan': {'Node Type': 'Seq Scan', 'Parallel Aware': False, 'Async Capable': False, 'Relation Name': 'patients', 'Alias': 'patients', 'Startup Cost': 0.0, 'Total Cost': 2083.0, 'Plan Rows': 25007, 'Plan Width': 32, 'Disabled': False, 'Filter': ""((city)::text = 'Mumbai'::text)""}}",34.14840018376708
Q711,1,"SELECT *
            FROM patients
            WHERE age > 40;","{'Plan': {'Node Type': 'Seq Scan', 'Parallel Aware': False, 'Async Capable': False, 'Relation Name': 'patients', 'Alias': 'patients', 'Startup Cost': 0.0, 'Total Cost': 2083.0, 'Plan Rows': 63643, 'Plan Width': 32, 'Disabled': False, 'Filter': '(age > 40)'}}",69.82189998961985
Q712,5,"SELECT p.city, COUNT(a.appointment_id)
            FROM patients p
            JOIN appointments a
            ON p.patient_id = a.patient_id
            WHERE p.city = 'Lucknow'
            GROUP BY p.city;","{'Plan': {'Node Type': 'Aggregate', 'Strategy': 'Sorted', 'Partial Mode': 'Finalize', 'Parallel Aware': False, 'Async Capable': False, 'Startup Cost': 3393.62, 'Total Cost': 9830.51, 'Plan Rows': 1, 'Plan Width': 14, 'Disabled': False, 'Plans': [{'Node Type': 'Gather', 'Parent Relationship': 'Outer', 'Parallel Aware': False, 'Async Capable': False, 'Startup Cost': 3393.62, 'Total Cost': 9830.49, 'Plan Rows': 2, 'Plan Width': 14, 'Disabled': False, 'Workers Planned': 2, 'Single Copy': False, 'Plans': [{'Node Type': 'Aggregate', 'Strategy': 'Sorted', 'Partial Mode': 'Partial', 'Parent Relationship': 'Outer', 'Parallel Aware': False, 'Async Capable': False, 'Startup Cost': 2393.62, 'Total Cost': 8830.29, 'Plan Rows': 1, 'Plan Width': 14, 'Disabled': False, 'Plans': [{'Node Type': 'Hash Join', 'Parent Relationship': 'Outer', 'Parallel Aware': False, 'Async Capable': False, 'Join Type': 'Inner', 'Startup Cost': 2393.62, 'Total Cost': 8700.85, 'Plan Rows': 51771, 'Plan Width': 10, 'Disabled': False, 'Inner Unique': True, 'Hash Cond': '(a.patient_id = p.patient_id)', 'Plans': [{'Node Type': 'Seq Scan', 'Parent Relationship': 'Outer', 'Parallel Aware': True, 'Async Capable': False, 'Relation Name': 'appointments', 'Alias': 'a', 'Startup Cost': 0.0, 'Total Cost': 5760.33, 'Plan Rows': 208333, 'Plan Width': 8, 'Disabled': False}, {'Node Type': 'Hash', 'Parent Relationship': 'Inner', 'Parallel Aware': False, 'Async Capable': False, 'Startup Cost': 2083.0, 'Total Cost': 2083.0, 'Plan Rows': 24850, 'Plan Width': 10, 'Disabled': False, 'Plans': [{'Node Type': 'Seq Scan', 'Parent Relationship': 'Outer', 'Parallel Aware': False, 'Async Capable': False, 'Relation Name': 'patients', 'Alias': 'p', 'Startup Cost': 0.0, 'Total Cost': 2083.0, 'Plan Rows': 24850, 'Plan Width': 10, 'Disabled': False, 'Filter': ""((city)::text = 'Lucknow'::text)""}]}]}]}]}]}}",175.61259982176125
Q713,2,"SELECT *
            FROM patients
            WHERE city = 'Kanpur';","{'Plan': {'Node Type': 'Seq Scan', 'Parallel Aware': False, 'Async Capable': False, 'Relation Name': 'patients', 'Alias': 'patients', 'Startup Cost': 0.0, 'Total Cost': 2083.0, 'Plan Rows': 25197, 'Plan Width': 32, 'Disabled': False, 'Filter': ""((city)::text = 'Kanpur'::text)""}}",37.56940015591681
Q714,4,"SELECT p.name, a.appointment_date
            FROM patients p
            JOIN appointments a
            ON p.patient_id = a.patient_id;","{'Plan': {'Node Type': 'Hash Join', 'Parallel Aware': False, 'Async Capable': False, 'Join Type': 'Inner', 'Startup Cost': 3083.0, 'Total Cost': 13072.56, 'Plan Rows': 500000, 'Plan Width': 17, 'Disabled': False, 'Inner Unique': True, 'Hash Cond': '(a.patient_id = p.patient_id)', 'Plans': [{'Node Type': 'Seq Scan', 'Parent Relationship': 'Outer', 'Parallel Aware': False, 'Async Capable': False, 'Relation Name': 'appointments', 'Alias': 'a', 'Startup Cost': 0.0, 'Total Cost': 8677.0, 'Plan Rows': 500000, 'Plan Width': 8, 'Disabled': False}, {'Node Type': 'Hash', 'Parent Relationship': 'Inner', 'Parallel Aware': False, 'Async Capable': False, 'Startup Cost': 1833.0, 'Total Cost': 1833.0, 'Plan Rows': 100000, 'Plan Width': 17, 'Disabled': False, 'Plans': [{'Node Type': 'Seq Scan', 'Parent Relationship': 'Outer', 'Parallel Aware': False, 'Async Capable': False, 'Relation Name': 'patients', 'Alias': 'p', 'Startup Cost': 0.0, 'Total Cost': 1833.0, 'Plan Rows': 100000, 'Plan Width': 17, 'Disabled': False}]}]}}",672.3323001060635
Q715,3,"SELECT city, COUNT(*)
            FROM patients
            GROUP BY city;","{'Plan': {'Node Type': 'Aggregate', 'Strategy': 'Hashed', 'Partial Mode': 'Simple', 'Parallel Aware': False, 'Async Capable': False, 'Startup Cost': 2333.0, 'Total Cost': 2333.04, 'Plan Rows': 4, 'Plan Width': 14, 'Disabled': False, 'Group Key': ['city'], 'Planned Partitions': 0, 'Plans': [{'Node Type': 'Seq Scan', 'Parent Relationship': 'Outer', 'Parallel Aware': False, 'Async Capable': False, 'Relation Name': 'patients', 'Alias': 'patients', 'Startup Cost': 0.0, 'Total Cost': 1833.0, 'Plan Rows': 100000, 'Plan Width': 6, 'Disabled': False}]}}",13.807600131258368
Q716,4,"SELECT p.name, a.appointment_date
            FROM patients p
            JOIN appointments a
            ON p.patient_id = a.patient_id;","{'Plan': {'Node Type': 'Hash Join', 'Parallel Aware': False, 'Async Capable': False, 'Join Type': 'Inner', 'Startup Cost': 3083.0, 'Total Cost': 13072.56, 'Plan Rows': 500000, 'Plan Width': 17, 'Disabled': False, 'Inner Unique': True, 'Hash Cond': '(a.patient_id = p.patient_id)', 'Plans': [{'Node Type': 'Seq Scan', 'Parent Relationship': 'Outer', 'Parallel Aware': False, 'Async Capable': False, 'Relation Name': 'appointments', 'Alias': 'a', 'Startup Cost': 0.0, 'Total Cost': 8677.0, 'Plan Rows': 500000, 'Plan Width': 8, 'Disabled': False}, {'Node Type': 'Hash', 'Parent Relationship': 'Inner', 'Parallel Aware': False, 'Async Capable': False, 'Startup Cost': 1833.0, 'Total Cost': 1833.0, 'Plan Rows': 100000, 'Plan Width': 17, 'Disabled': False, 'Plans': [{'Node Type': 'Seq Scan', 'Parent Relationship': 'Outer', 'Parallel Aware': False, 'Async Capable': False, 'Relation Name': 'patients', 'Alias': 'p', 'Startup Cost': 0.0, 'Total Cost': 1833.0, 'Plan Rows': 100000, 'Plan Width': 17, 'Disabled': False}]}]}}",635.1286999415606
Q717,1,"SELECT *
            FROM patients
            WHERE age > 60;","{'Plan': {'Node Type': 'Seq Scan', 'Parallel Aware': False, 'Async Capable': False, 'Relation Name': 'patients', 'Alias': 'patients', 'Startup Cost': 0.0, 'Total Cost': 2083.0, 'Plan Rows': 31347, 'Plan Width': 32, 'Disabled': False, 'Filter': '(age > 60)'}}",42.59909992106259
Q718,5,"SELECT p.city, COUNT(a.appointment_id)
            FROM patients p
            JOIN appointments a
            ON p.patient_id = a.patient_id
            WHERE p.city = 'Kanpur'
            GROUP BY p.city;","{'Plan': {'Node Type': 'Aggregate', 'Strategy': 'Sorted', 'Partial Mode': 'Finalize', 'Parallel Aware': False, 'Async Capable': False, 'Startup Cost': 3397.96, 'Total Cost': 9836.65, 'Plan Rows': 1, 'Plan Width': 14, 'Disabled': False, 'Plans': [{'Node Type': 'Gather', 'Parent Relationship': 'Outer', 'Parallel Aware': False, 'Async Capable': False, 'Startup Cost': 3397.96, 'Total Cost': 9836.64, 'Plan Rows': 2, 'Plan Width': 14, 'Disabled': False, 'Workers Planned': 2, 'Single Copy': False, 'Plans': [{'Node Type': 'Aggregate', 'Strategy': 'Sorted', 'Partial Mode': 'Partial', 'Parent Relationship': 'Outer', 'Parallel Aware': False, 'Async Capable': False, 'Startup Cost': 2397.96, 'Total Cost': 8836.44, 'Plan Rows': 1, 'Plan Width': 14, 'Disabled': False, 'Plans': [{'Node Type': 'Hash Join', 'Parent Relationship': 'Outer', 'Parallel Aware': False, 'Async Capable': False, 'Join Type': 'Inner', 'Startup Cost': 2397.96, 'Total Cost': 8705.19, 'Plan Rows': 52494, 'Plan Width': 10, 'Disabled': False, 'Inner Unique': True, 'Hash Cond': '(a.patient_id = p.patient_id)', 'Plans': [{'Node Type': 'Seq Scan', 'Parent Relationship': 'Outer', 'Parallel Aware': True, 'Async Capable': False, 'Relation Name': 'appointments', 'Alias': 'a', 'Startup Cost': 0.0, 'Total Cost': 5760.33, 'Plan Rows': 208333, 'Plan Width': 8, 'Disabled': False}, {'Node Type': 'Hash', 'Parent Relationship': 'Inner', 'Parallel Aware': False, 'Async Capable': False, 'Startup Cost': 2083.0, 'Total Cost': 2083.0, 'Plan Rows': 25197, 'Plan Width': 10, 'Disabled': False, 'Plans': [{'Node Type': 'Seq Scan', 'Parent Relationship': 'Outer', 'Parallel Aware': False, 'Async Capable': False, 'Relation Name': 'patients', 'Alias': 'p', 'Startup Cost': 0.0, 'Total Cost': 2083.0, 'Plan Rows': 25197, 'Plan Width': 10, 'Disabled': False, 'Filter': ""((city)::text = 'Kanpur'::text)""}]}]}]}]}]}}",95.3072002157569
Q719,2,"SELECT *
            FROM patients
            WHERE city = 'Lucknow';","{'Plan': {'Node Type': 'Seq Scan', 'Parallel Aware': False, 'Async Capable': False, 'Relation Name': 'patients', 'Alias': 'patients', 'Startup Cost': 0.0, 'Total Cost': 2083.0, 'Plan Rows': 24850, 'Plan Width': 32, 'Disabled': False, 'Filter': ""((city)::text = 'Lucknow'::text)""}}",31.63230000063777
Q720,4,"SELECT p.name, a.appointment_date
            FROM patients p
            JOIN appointments a
            ON p.patient_id = a.patient_id;","{'Plan': {'Node Type': 'Hash Join', 'Parallel Aware': False, 'Async Capable': False, 'Join Type': 'Inner', 'Startup Cost': 3083.0, 'Total Cost': 13072.56, 'Plan Rows': 500000, 'Plan Width': 17, 'Disabled': False, 'Inner Unique': True, 'Hash Cond': '(a.patient_id = p.patient_id)', 'Plans': [{'Node Type': 'Seq Scan', 'Parent Relationship': 'Outer', 'Parallel Aware': False, 'Async Capable': False, 'Relation Name': 'appointments', 'Alias': 'a', 'Startup Cost': 0.0, 'Total Cost': 8677.0, 'Plan Rows': 500000, 'Plan Width': 8, 'Disabled': False}, {'Node Type': 'Hash', 'Parent Relationship': 'Inner', 'Parallel Aware': False, 'Async Capable': False, 'Startup Cost': 1833.0, 'Total Cost': 1833.0, 'Plan Rows': 100000, 'Plan Width': 17, 'Disabled': False, 'Plans': [{'Node Type': 'Seq Scan', 'Parent Relationship': 'Outer', 'Parallel Aware': False, 'Async Capable': False, 'Relation Name': 'patients', 'Alias': 'p', 'Startup Cost': 0.0, 'Total Cost': 1833.0, 'Plan Rows': 100000, 'Plan Width': 17, 'Disabled': False}]}]}}",617.4843001645058
Q721,2,"SELECT *
            FROM patients
            WHERE city = 'Delhi';","{'Plan': {'Node Type': 'Seq Scan', 'Parallel Aware': False, 'Async Capable': False, 'Relation Name': 'patients', 'Alias': 'patients', 'Startup Cost': 0.0, 'Total Cost': 2083.0, 'Plan Rows': 24947, 'Plan Width': 32, 'Disabled': False, 'Filter': ""((city)::text = 'Delhi'::text)""}}",35.86319996975362
Q722,2,"SELECT *
            FROM patients
            WHERE city = 'Kanpur';","{'Plan': {'Node Type': 'Seq Scan', 'Parallel Aware': False, 'Async Capable': False, 'Relation Name': 'patients', 'Alias': 'patients', 'Startup Cost': 0.0, 'Total Cost': 2083.0, 'Plan Rows': 25197, 'Plan Width': 32, 'Disabled': False, 'Filter': ""((city)::text = 'Kanpur'::text)""}}",21.130500128492713
Q723,3,"SELECT city, COUNT(*)
            FROM patients
            GROUP BY city;","{'Plan': {'Node Type': 'Aggregate', 'Strategy': 'Hashed', 'Partial Mode': 'Simple', 'Parallel Aware': False, 'Async Capable': False, 'Startup Cost': 2333.0, 'Total Cost': 2333.04, 'Plan Rows': 4, 'Plan Width': 14, 'Disabled': False, 'Group Key': ['city'], 'Planned Partitions': 0, 'Plans': [{'Node Type': 'Seq Scan', 'Parent Relationship': 'Outer', 'Parallel Aware': False, 'Async Capable': False, 'Relation Name': 'patients', 'Alias': 'patients', 'Startup Cost': 0.0, 'Total Cost': 1833.0, 'Plan Rows': 100000, 'Plan Width': 6, 'Disabled': False}]}}",19.372199894860387
Q724,4,"SELECT p.name, a.appointment_date
            FROM patients p
            JOIN appointments a
            ON p.patient_id = a.patient_id;","{'Plan': {'Node Type': 'Hash Join', 'Parallel Aware': False, 'Async Capable': False, 'Join Type': 'Inner', 'Startup Cost': 3083.0, 'Total Cost': 13072.56, 'Plan Rows': 500000, 'Plan Width': 17, 'Disabled': False, 'Inner Unique': True, 'Hash Cond': '(a.patient_id = p.patient_id)', 'Plans': [{'Node Type': 'Seq Scan', 'Parent Relationship': 'Outer', 'Parallel Aware': False, 'Async Capable': False, 'Relation Name': 'appointments', 'Alias': 'a', 'Startup Cost': 0.0, 'Total Cost': 8677.0, 'Plan Rows': 500000, 'Plan Width': 8, 'Disabled': False}, {'Node Type': 'Hash', 'Parent Relationship': 'Inner', 'Parallel Aware': False, 'Async Capable': False, 'Startup Cost': 1833.0, 'Total Cost': 1833.0, 'Plan Rows': 100000, 'Plan Width': 17, 'Disabled': False, 'Plans': [{'Node Type': 'Seq Scan', 'Parent Relationship': 'Outer', 'Parallel Aware': False, 'Async Capable': False, 'Relation Name': 'patients', 'Alias': 'p', 'Startup Cost': 0.0, 'Total Cost': 1833.0, 'Plan Rows': 100000, 'Plan Width': 17, 'Disabled': False}]}]}}",656.9447999354452
Q725,5,"SELECT p.city, COUNT(a.appointment_id)
            FROM patients p
            JOIN appointments a
            ON p.patient_id = a.patient_id
            WHERE p.city = 'Kanpur'
            GROUP BY p.city;","{'Plan': {'Node Type': 'Aggregate', 'Strategy': 'Sorted', 'Partial Mode': 'Finalize', 'Parallel Aware': False, 'Async Capable': False, 'Startup Cost': 3397.96, 'Total Cost': 9836.65, 'Plan Rows': 1, 'Plan Width': 14, 'Disabled': False, 'Plans': [{'Node Type': 'Gather', 'Parent Relationship': 'Outer', 'Parallel Aware': False, 'Async Capable': False, 'Startup Cost': 3397.96, 'Total Cost': 9836.64, 'Plan Rows': 2, 'Plan Width': 14, 'Disabled': False, 'Workers Planned': 2, 'Single Copy': False, 'Plans': [{'Node Type': 'Aggregate', 'Strategy': 'Sorted', 'Partial Mode': 'Partial', 'Parent Relationship': 'Outer', 'Parallel Aware': False, 'Async Capable': False, 'Startup Cost': 2397.96, 'Total Cost': 8836.44, 'Plan Rows': 1, 'Plan Width': 14, 'Disabled': False, 'Plans': [{'Node Type': 'Hash Join', 'Parent Relationship': 'Outer', 'Parallel Aware': False, 'Async Capable': False, 'Join Type': 'Inner', 'Startup Cost': 2397.96, 'Total Cost': 8705.19, 'Plan Rows': 52494, 'Plan Width': 10, 'Disabled': False, 'Inner Unique': True, 'Hash Cond': '(a.patient_id = p.patient_id)', 'Plans': [{'Node Type': 'Seq Scan', 'Parent Relationship': 'Outer', 'Parallel Aware': True, 'Async Capable': False, 'Relation Name': 'appointments', 'Alias': 'a', 'Startup Cost': 0.0, 'Total Cost': 5760.33, 'Plan Rows': 208333, 'Plan Width': 8, 'Disabled': False}, {'Node Type': 'Hash', 'Parent Relationship': 'Inner', 'Parallel Aware': False, 'Async Capable': False, 'Startup Cost': 2083.0, 'Total Cost': 2083.0, 'Plan Rows': 25197, 'Plan Width': 10, 'Disabled': False, 'Plans': [{'Node Type': 'Seq Scan', 'Parent Relationship': 'Outer', 'Parallel Aware': False, 'Async Capable': False, 'Relation Name': 'patients', 'Alias': 'p', 'Startup Cost': 0.0, 'Total Cost': 2083.0, 'Plan Rows': 25197, 'Plan Width': 10, 'Disabled': False, 'Filter': ""((city)::text = 'Kanpur'::text)""}]}]}]}]}]}}",102.7728000190109
Q726,5,"SELECT p.city, COUNT(a.appointment_id)
            FROM patients p
            JOIN appointments a
            ON p.patient_id = a.patient_id
            WHERE p.city = 'Kanpur'
            GROUP BY p.city;","{'Plan': {'Node Type': 'Aggregate', 'Strategy': 'Sorted', 'Partial Mode': 'Finalize', 'Parallel Aware': False, 'Async Capable': False, 'Startup Cost': 3397.96, 'Total Cost': 9836.65, 'Plan Rows': 1, 'Plan Width': 14, 'Disabled': False, 'Plans': [{'Node Type': 'Gather', 'Parent Relationship': 'Outer', 'Parallel Aware': False, 'Async Capable': False, 'Startup Cost': 3397.96, 'Total Cost': 9836.64, 'Plan Rows': 2, 'Plan Width': 14, 'Disabled': False, 'Workers Planned': 2, 'Single Copy': False, 'Plans': [{'Node Type': 'Aggregate', 'Strategy': 'Sorted', 'Partial Mode': 'Partial', 'Parent Relationship': 'Outer', 'Parallel Aware': False, 'Async Capable': False, 'Startup Cost': 2397.96, 'Total Cost': 8836.44, 'Plan Rows': 1, 'Plan Width': 14, 'Disabled': False, 'Plans': [{'Node Type': 'Hash Join', 'Parent Relationship': 'Outer', 'Parallel Aware': False, 'Async Capable': False, 'Join Type': 'Inner', 'Startup Cost': 2397.96, 'Total Cost': 8705.19, 'Plan Rows': 52494, 'Plan Width': 10, 'Disabled': False, 'Inner Unique': True, 'Hash Cond': '(a.patient_id = p.patient_id)', 'Plans': [{'Node Type': 'Seq Scan', 'Parent Relationship': 'Outer', 'Parallel Aware': True, 'Async Capable': False, 'Relation Name': 'appointments', 'Alias': 'a', 'Startup Cost': 0.0, 'Total Cost': 5760.33, 'Plan Rows': 208333, 'Plan Width': 8, 'Disabled': False}, {'Node Type': 'Hash', 'Parent Relationship': 'Inner', 'Parallel Aware': False, 'Async Capable': False, 'Startup Cost': 2083.0, 'Total Cost': 2083.0, 'Plan Rows': 25197, 'Plan Width': 10, 'Disabled': False, 'Plans': [{'Node Type': 'Seq Scan', 'Parent Relationship': 'Outer', 'Parallel Aware': False, 'Async Capable': False, 'Relation Name': 'patients', 'Alias': 'p', 'Startup Cost': 0.0, 'Total Cost': 2083.0, 'Plan Rows': 25197, 'Plan Width': 10, 'Disabled': False, 'Filter': ""((city)::text = 'Kanpur'::text)""}]}]}]}]}]}}",161.19259991683066
Q727,5,"SELECT p.city, COUNT(a.appointment_id)
            FROM patients p
            JOIN appointments a
            ON p.patient_id = a.patient_id
            WHERE p.city = 'Kanpur'
            GROUP BY p.city;","{'Plan': {'Node Type': 'Aggregate', 'Strategy': 'Sorted', 'Partial Mode': 'Finalize', 'Parallel Aware': False, 'Async Capable': False, 'Startup Cost': 3397.96, 'Total Cost': 9836.65, 'Plan Rows': 1, 'Plan Width': 14, 'Disabled': False, 'Plans': [{'Node Type': 'Gather', 'Parent Relationship': 'Outer', 'Parallel Aware': False, 'Async Capable': False, 'Startup Cost': 3397.96, 'Total Cost': 9836.64, 'Plan Rows': 2, 'Plan Width': 14, 'Disabled': False, 'Workers Planned': 2, 'Single Copy': False, 'Plans': [{'Node Type': 'Aggregate', 'Strategy': 'Sorted', 'Partial Mode': 'Partial', 'Parent Relationship': 'Outer', 'Parallel Aware': False, 'Async Capable': False, 'Startup Cost': 2397.96, 'Total Cost': 8836.44, 'Plan Rows': 1, 'Plan Width': 14, 'Disabled': False, 'Plans': [{'Node Type': 'Hash Join', 'Parent Relationship': 'Outer', 'Parallel Aware': False, 'Async Capable': False, 'Join Type': 'Inner', 'Startup Cost': 2397.96, 'Total Cost': 8705.19, 'Plan Rows': 52494, 'Plan Width': 10, 'Disabled': False, 'Inner Unique': True, 'Hash Cond': '(a.patient_id = p.patient_id)', 'Plans': [{'Node Type': 'Seq Scan', 'Parent Relationship': 'Outer', 'Parallel Aware': True, 'Async Capable': False, 'Relation Name': 'appointments', 'Alias': 'a', 'Startup Cost': 0.0, 'Total Cost': 5760.33, 'Plan Rows': 208333, 'Plan Width': 8, 'Disabled': False}, {'Node Type': 'Hash', 'Parent Relationship': 'Inner', 'Parallel Aware': False, 'Async Capable': False, 'Startup Cost': 2083.0, 'Total Cost': 2083.0, 'Plan Rows': 25197, 'Plan Width': 10, 'Disabled': False, 'Plans': [{'Node Type': 'Seq Scan', 'Parent Relationship': 'Outer', 'Parallel Aware': False, 'Async Capable': False, 'Relation Name': 'patients', 'Alias': 'p', 'Startup Cost': 0.0, 'Total Cost': 2083.0, 'Plan Rows': 25197, 'Plan Width': 10, 'Disabled': False, 'Filter': ""((city)::text = 'Kanpur'::text)""}]}]}]}]}]}}",89.03180016204715
Q728,5,"SELECT p.city, COUNT(a.appointment_id)
            FROM patients p
            JOIN appointments a
            ON p.patient_id = a.patient_id
            WHERE p.city = 'Lucknow'
            GROUP BY p.city;","{'Plan': {'Node Type': 'Aggregate', 'Strategy': 'Sorted', 'Partial Mode': 'Finalize', 'Parallel Aware': False, 'Async Capable': False, 'Startup Cost': 3393.62, 'Total Cost': 9830.51, 'Plan Rows': 1, 'Plan Width': 14, 'Disabled': False, 'Plans': [{'Node Type': 'Gather', 'Parent Relationship': 'Outer', 'Parallel Aware': False, 'Async Capable': False, 'Startup Cost': 3393.62, 'Total Cost': 9830.49, 'Plan Rows': 2, 'Plan Width': 14, 'Disabled': False, 'Workers Planned': 2, 'Single Copy': False, 'Plans': [{'Node Type': 'Aggregate', 'Strategy': 'Sorted', 'Partial Mode': 'Partial', 'Parent Relationship': 'Outer', 'Parallel Aware': False, 'Async Capable': False, 'Startup Cost': 2393.62, 'Total Cost': 8830.29, 'Plan Rows': 1, 'Plan Width': 14, 'Disabled': False, 'Plans': [{'Node Type': 'Hash Join', 'Parent Relationship': 'Outer', 'Parallel Aware': False, 'Async Capable': False, 'Join Type': 'Inner', 'Startup Cost': 2393.62, 'Total Cost': 8700.85, 'Plan Rows': 51771, 'Plan Width': 10, 'Disabled': False, 'Inner Unique': True, 'Hash Cond': '(a.patient_id = p.patient_id)', 'Plans': [{'Node Type': 'Seq Scan', 'Parent Relationship': 'Outer', 'Parallel Aware': True, 'Async Capable': False, 'Relation Name': 'appointments', 'Alias': 'a', 'Startup Cost': 0.0, 'Total Cost': 5760.33, 'Plan Rows': 208333, 'Plan Width': 8, 'Disabled': False}, {'Node Type': 'Hash', 'Parent Relationship': 'Inner', 'Parallel Aware': False, 'Async Capable': False, 'Startup Cost': 2083.0, 'Total Cost': 2083.0, 'Plan Rows': 24850, 'Plan Width': 10, 'Disabled': False, 'Plans': [{'Node Type': 'Seq Scan', 'Parent Relationship': 'Outer', 'Parallel Aware': False, 'Async Capable': False, 'Relation Name': 'patients', 'Alias': 'p', 'Startup Cost': 0.0, 'Total Cost': 2083.0, 'Plan Rows': 24850, 'Plan Width': 10, 'Disabled': False, 'Filter': ""((city)::text = 'Lucknow'::text)""}]}]}]}]}]}}",89.5299999974668
Q729,2,"SELECT *
            FROM patients
            WHERE city = 'Mumbai';","{'Plan': {'Node Type': 'Seq Scan', 'Parallel Aware': False, 'Async Capable': False, 'Relation Name': 'patients', 'Alias': 'patients', 'Startup Cost': 0.0, 'Total Cost': 2083.0, 'Plan Rows': 25007, 'Plan Width': 32, 'Disabled': False, 'Filter': ""((city)::text = 'Mumbai'::text)""}}",38.52599998936057
Q730,3,"SELECT city, COUNT(*)
            FROM patients
            GROUP BY city;","{'Plan': {'Node Type': 'Aggregate', 'Strategy': 'Hashed', 'Partial Mode': 'Simple', 'Parallel Aware': False, 'Async Capable': False, 'Startup Cost': 2333.0, 'Total Cost': 2333.04, 'Plan Rows': 4, 'Plan Width': 14, 'Disabled': False, 'Group Key': ['city'], 'Planned Partitions': 0, 'Plans': [{'Node Type': 'Seq Scan', 'Parent Relationship': 'Outer', 'Parallel Aware': False, 'Async Capable': False, 'Relation Name': 'patients', 'Alias': 'patients', 'Startup Cost': 0.0, 'Total Cost': 1833.0, 'Plan Rows': 100000, 'Plan Width': 6, 'Disabled': False}]}}",21.385200088843703
Q731,3,"SELECT city, COUNT(*)
            FROM patients
            GROUP BY city;","{'Plan': {'Node Type': 'Aggregate', 'Strategy': 'Hashed', 'Partial Mode': 'Simple', 'Parallel Aware': False, 'Async Capable': False, 'Startup Cost': 2333.0, 'Total Cost': 2333.04, 'Plan Rows': 4, 'Plan Width': 14, 'Disabled': False, 'Group Key': ['city'], 'Planned Partitions': 0, 'Plans': [{'Node Type': 'Seq Scan', 'Parent Relationship': 'Outer', 'Parallel Aware': False, 'Async Capable': False, 'Relation Name': 'patients', 'Alias': 'patients', 'Startup Cost': 0.0, 'Total Cost': 1833.0, 'Plan Rows': 100000, 'Plan Width': 6, 'Disabled': False}]}}",20.106200128793716
Q732,3,"SELECT city, COUNT(*)
            FROM patients
            GROUP BY city;","{'Plan': {'Node Type': 'Aggregate', 'Strategy': 'Hashed', 'Partial Mode': 'Simple', 'Parallel Aware': False, 'Async Capable': False, 'Startup Cost': 2333.0, 'Total Cost': 2333.04, 'Plan Rows': 4, 'Plan Width': 14, 'Disabled': False, 'Group Key': ['city'], 'Planned Partitions': 0, 'Plans': [{'Node Type': 'Seq Scan', 'Parent Relationship': 'Outer', 'Parallel Aware': False, 'Async Capable': False, 'Relation Name': 'patients', 'Alias': 'patients', 'Startup Cost': 0.0, 'Total Cost': 1833.0, 'Plan Rows': 100000, 'Plan Width': 6, 'Disabled': False}]}}",21.441299933940172
Q733,1,"SELECT *
            FROM patients
            WHERE age > 28;","{'Plan': {'Node Type': 'Seq Scan', 'Parallel Aware': False, 'Async Capable': False, 'Relation Name': 'patients', 'Alias': 'patients', 'Startup Cost': 0.0, 'Total Cost': 2083.0, 'Plan Rows': 82527, 'Plan Width': 32, 'Disabled': False, 'Filter': '(age > 28)'}}",96.6271001379937
Q734,5,"SELECT p.city, COUNT(a.appointment_id)
            FROM patients p
            JOIN appointments a
            ON p.patient_id = a.patient_id
            WHERE p.city = 'Lucknow'
            GROUP BY p.city;","{'Plan': {'Node Type': 'Aggregate', 'Strategy': 'Sorted', 'Partial Mode': 'Finalize', 'Parallel Aware': False, 'Async Capable': False, 'Startup Cost': 3393.62, 'Total Cost': 9830.51, 'Plan Rows': 1, 'Plan Width': 14, 'Disabled': False, 'Plans': [{'Node Type': 'Gather', 'Parent Relationship': 'Outer', 'Parallel Aware': False, 'Async Capable': False, 'Startup Cost': 3393.62, 'Total Cost': 9830.49, 'Plan Rows': 2, 'Plan Width': 14, 'Disabled': False, 'Workers Planned': 2, 'Single Copy': False, 'Plans': [{'Node Type': 'Aggregate', 'Strategy': 'Sorted', 'Partial Mode': 'Partial', 'Parent Relationship': 'Outer', 'Parallel Aware': False, 'Async Capable': False, 'Startup Cost': 2393.62, 'Total Cost': 8830.29, 'Plan Rows': 1, 'Plan Width': 14, 'Disabled': False, 'Plans': [{'Node Type': 'Hash Join', 'Parent Relationship': 'Outer', 'Parallel Aware': False, 'Async Capable': False, 'Join Type': 'Inner', 'Startup Cost': 2393.62, 'Total Cost': 8700.85, 'Plan Rows': 51771, 'Plan Width': 10, 'Disabled': False, 'Inner Unique': True, 'Hash Cond': '(a.patient_id = p.patient_id)', 'Plans': [{'Node Type': 'Seq Scan', 'Parent Relationship': 'Outer', 'Parallel Aware': True, 'Async Capable': False, 'Relation Name': 'appointments', 'Alias': 'a', 'Startup Cost': 0.0, 'Total Cost': 5760.33, 'Plan Rows': 208333, 'Plan Width': 8, 'Disabled': False}, {'Node Type': 'Hash', 'Parent Relationship': 'Inner', 'Parallel Aware': False, 'Async Capable': False, 'Startup Cost': 2083.0, 'Total Cost': 2083.0, 'Plan Rows': 24850, 'Plan Width': 10, 'Disabled': False, 'Plans': [{'Node Type': 'Seq Scan', 'Parent Relationship': 'Outer', 'Parallel Aware': False, 'Async Capable': False, 'Relation Name': 'patients', 'Alias': 'p', 'Startup Cost': 0.0, 'Total Cost': 2083.0, 'Plan Rows': 24850, 'Plan Width': 10, 'Disabled': False, 'Filter': ""((city)::text = 'Lucknow'::text)""}]}]}]}]}]}}",84.82580003328621
Q735,3,"SELECT city, COUNT(*)
            FROM patients
            GROUP BY city;","{'Plan': {'Node Type': 'Aggregate', 'Strategy': 'Hashed', 'Partial Mode': 'Simple', 'Parallel Aware': False, 'Async Capable': False, 'Startup Cost': 2333.0, 'Total Cost': 2333.04, 'Plan Rows': 4, 'Plan Width': 14, 'Disabled': False, 'Group Key': ['city'], 'Planned Partitions': 0, 'Plans': [{'Node Type': 'Seq Scan', 'Parent Relationship': 'Outer', 'Parallel Aware': False, 'Async Capable': False, 'Relation Name': 'patients', 'Alias': 'patients', 'Startup Cost': 0.0, 'Total Cost': 1833.0, 'Plan Rows': 100000, 'Plan Width': 6, 'Disabled': False}]}}",19.461199874058366
Q736,2,"SELECT *
            FROM patients
            WHERE city = 'Kanpur';","{'Plan': {'Node Type': 'Seq Scan', 'Parallel Aware': False, 'Async Capable': False, 'Relation Name': 'patients', 'Alias': 'patients', 'Startup Cost': 0.0, 'Total Cost': 2083.0, 'Plan Rows': 25197, 'Plan Width': 32, 'Disabled': False, 'Filter': ""((city)::text = 'Kanpur'::text)""}}",36.827499978244305
Q737,5,"SELECT p.city, COUNT(a.appointment_id)
            FROM patients p
            JOIN appointments a
            ON p.patient_id = a.patient_id
            WHERE p.city = 'Delhi'
            GROUP BY p.city;","{'Plan': {'Node Type': 'Aggregate', 'Strategy': 'Sorted', 'Partial Mode': 'Finalize', 'Parallel Aware': False, 'Async Capable': False, 'Startup Cost': 3394.84, 'Total Cost': 9832.22, 'Plan Rows': 1, 'Plan Width': 14, 'Disabled': False, 'Plans': [{'Node Type': 'Gather', 'Parent Relationship': 'Outer', 'Parallel Aware': False, 'Async Capable': False, 'Startup Cost': 3394.84, 'Total Cost': 9832.21, 'Plan Rows': 2, 'Plan Width': 14, 'Disabled': False, 'Workers Planned': 2, 'Single Copy': False, 'Plans': [{'Node Type': 'Aggregate', 'Strategy': 'Sorted', 'Partial Mode': 'Partial', 'Parent Relationship': 'Outer', 'Parallel Aware': False, 'Async Capable': False, 'Startup Cost': 2394.84, 'Total Cost': 8832.01, 'Plan Rows': 1, 'Plan Width': 14, 'Disabled': False, 'Plans': [{'Node Type': 'Hash Join', 'Parent Relationship': 'Outer', 'Parallel Aware': False, 'Async Capable': False, 'Join Type': 'Inner', 'Startup Cost': 2394.84, 'Total Cost': 8702.07, 'Plan Rows': 51973, 'Plan Width': 10, 'Disabled': False, 'Inner Unique': True, 'Hash Cond': '(a.patient_id = p.patient_id)', 'Plans': [{'Node Type': 'Seq Scan', 'Parent Relationship': 'Outer', 'Parallel Aware': True, 'Async Capable': False, 'Relation Name': 'appointments', 'Alias': 'a', 'Startup Cost': 0.0, 'Total Cost': 5760.33, 'Plan Rows': 208333, 'Plan Width': 8, 'Disabled': False}, {'Node Type': 'Hash', 'Parent Relationship': 'Inner', 'Parallel Aware': False, 'Async Capable': False, 'Startup Cost': 2083.0, 'Total Cost': 2083.0, 'Plan Rows': 24947, 'Plan Width': 10, 'Disabled': False, 'Plans': [{'Node Type': 'Seq Scan', 'Parent Relationship': 'Outer', 'Parallel Aware': False, 'Async Capable': False, 'Relation Name': 'patients', 'Alias': 'p', 'Startup Cost': 0.0, 'Total Cost': 2083.0, 'Plan Rows': 24947, 'Plan Width': 10, 'Disabled': False, 'Filter': ""((city)::text = 'Delhi'::text)""}]}]}]}]}]}}",92.26049995049834
Q738,3,"SELECT city, COUNT(*)
            FROM patients
            GROUP BY city;","{'Plan': {'Node Type': 'Aggregate', 'Strategy': 'Hashed', 'Partial Mode': 'Simple', 'Parallel Aware': False, 'Async Capable': False, 'Startup Cost': 2333.0, 'Total Cost': 2333.04, 'Plan Rows': 4, 'Plan Width': 14, 'Disabled': False, 'Group Key': ['city'], 'Planned Partitions': 0, 'Plans': [{'Node Type': 'Seq Scan', 'Parent Relationship': 'Outer', 'Parallel Aware': False, 'Async Capable': False, 'Relation Name': 'patients', 'Alias': 'patients', 'Startup Cost': 0.0, 'Total Cost': 1833.0, 'Plan Rows': 100000, 'Plan Width': 6, 'Disabled': False}]}}",20.25629999116063
Q739,3,"SELECT city, COUNT(*)
            FROM patients
            GROUP BY city;","{'Plan': {'Node Type': 'Aggregate', 'Strategy': 'Hashed', 'Partial Mode': 'Simple', 'Parallel Aware': False, 'Async Capable': False, 'Startup Cost': 2333.0, 'Total Cost': 2333.04, 'Plan Rows': 4, 'Plan Width': 14, 'Disabled': False, 'Group Key': ['city'], 'Planned Partitions': 0, 'Plans': [{'Node Type': 'Seq Scan', 'Parent Relationship': 'Outer', 'Parallel Aware': False, 'Async Capable': False, 'Relation Name': 'patients', 'Alias': 'patients', 'Startup Cost': 0.0, 'Total Cost': 1833.0, 'Plan Rows': 100000, 'Plan Width': 6, 'Disabled': False}]}}",21.193200023844838
Q740,5,"SELECT p.city, COUNT(a.appointment_id)
            FROM patients p
            JOIN appointments a
            ON p.patient_id = a.patient_id
            WHERE p.city = 'Kanpur'
            GROUP BY p.city;","{'Plan': {'Node Type': 'Aggregate', 'Strategy': 'Sorted', 'Partial Mode': 'Finalize', 'Parallel Aware': False, 'Async Capable': False, 'Startup Cost': 3397.96, 'Total Cost': 9836.65, 'Plan Rows': 1, 'Plan Width': 14, 'Disabled': False, 'Plans': [{'Node Type': 'Gather', 'Parent Relationship': 'Outer', 'Parallel Aware': False, 'Async Capable': False, 'Startup Cost': 3397.96, 'Total Cost': 9836.64, 'Plan Rows': 2, 'Plan Width': 14, 'Disabled': False, 'Workers Planned': 2, 'Single Copy': False, 'Plans': [{'Node Type': 'Aggregate', 'Strategy': 'Sorted', 'Partial Mode': 'Partial', 'Parent Relationship': 'Outer', 'Parallel Aware': False, 'Async Capable': False, 'Startup Cost': 2397.96, 'Total Cost': 8836.44, 'Plan Rows': 1, 'Plan Width': 14, 'Disabled': False, 'Plans': [{'Node Type': 'Hash Join', 'Parent Relationship': 'Outer', 'Parallel Aware': False, 'Async Capable': False, 'Join Type': 'Inner', 'Startup Cost': 2397.96, 'Total Cost': 8705.19, 'Plan Rows': 52494, 'Plan Width': 10, 'Disabled': False, 'Inner Unique': True, 'Hash Cond': '(a.patient_id = p.patient_id)', 'Plans': [{'Node Type': 'Seq Scan', 'Parent Relationship': 'Outer', 'Parallel Aware': True, 'Async Capable': False, 'Relation Name': 'appointments', 'Alias': 'a', 'Startup Cost': 0.0, 'Total Cost': 5760.33, 'Plan Rows': 208333, 'Plan Width': 8, 'Disabled': False}, {'Node Type': 'Hash', 'Parent Relationship': 'Inner', 'Parallel Aware': False, 'Async Capable': False, 'Startup Cost': 2083.0, 'Total Cost': 2083.0, 'Plan Rows': 25197, 'Plan Width': 10, 'Disabled': False, 'Plans': [{'Node Type': 'Seq Scan', 'Parent Relationship': 'Outer', 'Parallel Aware': False, 'Async Capable': False, 'Relation Name': 'patients', 'Alias': 'p', 'Startup Cost': 0.0, 'Total Cost': 2083.0, 'Plan Rows': 25197, 'Plan Width': 10, 'Disabled': False, 'Filter': ""((city)::text = 'Kanpur'::text)""}]}]}]}]}]}}",86.2373998388648
Q741,1,"SELECT *
            FROM patients
            WHERE age > 45;","{'Plan': {'Node Type': 'Seq Scan', 'Parallel Aware': False, 'Async Capable': False, 'Relation Name': 'patients', 'Alias': 'patients', 'Startup Cost': 0.0, 'Total Cost': 2083.0, 'Plan Rows': 55220, 'Plan Width': 32, 'Disabled': False, 'Filter': '(age > 45)'}}",72.71880004554987
Q742,3,"SELECT city, COUNT(*)
            FROM patients
            GROUP BY city;","{'Plan': {'Node Type': 'Aggregate', 'Strategy': 'Hashed', 'Partial Mode': 'Simple', 'Parallel Aware': False, 'Async Capable': False, 'Startup Cost': 2333.0, 'Total Cost': 2333.04, 'Plan Rows': 4, 'Plan Width': 14, 'Disabled': False, 'Group Key': ['city'], 'Planned Partitions': 0, 'Plans': [{'Node Type': 'Seq Scan', 'Parent Relationship': 'Outer', 'Parallel Aware': False, 'Async Capable': False, 'Relation Name': 'patients', 'Alias': 'patients', 'Startup Cost': 0.0, 'Total Cost': 1833.0, 'Plan Rows': 100000, 'Plan Width': 6, 'Disabled': False}]}}",13.873100047931075
Q743,5,"SELECT p.city, COUNT(a.appointment_id)
            FROM patients p
            JOIN appointments a
            ON p.patient_id = a.patient_id
            WHERE p.city = 'Lucknow'
            GROUP BY p.city;","{'Plan': {'Node Type': 'Aggregate', 'Strategy': 'Sorted', 'Partial Mode': 'Finalize', 'Parallel Aware': False, 'Async Capable': False, 'Startup Cost': 3393.62, 'Total Cost': 9830.51, 'Plan Rows': 1, 'Plan Width': 14, 'Disabled': False, 'Plans': [{'Node Type': 'Gather', 'Parent Relationship': 'Outer', 'Parallel Aware': False, 'Async Capable': False, 'Startup Cost': 3393.62, 'Total Cost': 9830.49, 'Plan Rows': 2, 'Plan Width': 14, 'Disabled': False, 'Workers Planned': 2, 'Single Copy': False, 'Plans': [{'Node Type': 'Aggregate', 'Strategy': 'Sorted', 'Partial Mode': 'Partial', 'Parent Relationship': 'Outer', 'Parallel Aware': False, 'Async Capable': False, 'Startup Cost': 2393.62, 'Total Cost': 8830.29, 'Plan Rows': 1, 'Plan Width': 14, 'Disabled': False, 'Plans': [{'Node Type': 'Hash Join', 'Parent Relationship': 'Outer', 'Parallel Aware': False, 'Async Capable': False, 'Join Type': 'Inner', 'Startup Cost': 2393.62, 'Total Cost': 8700.85, 'Plan Rows': 51771, 'Plan Width': 10, 'Disabled': False, 'Inner Unique': True, 'Hash Cond': '(a.patient_id = p.patient_id)', 'Plans': [{'Node Type': 'Seq Scan', 'Parent Relationship': 'Outer', 'Parallel Aware': True, 'Async Capable': False, 'Relation Name': 'appointments', 'Alias': 'a', 'Startup Cost': 0.0, 'Total Cost': 5760.33, 'Plan Rows': 208333, 'Plan Width': 8, 'Disabled': False}, {'Node Type': 'Hash', 'Parent Relationship': 'Inner', 'Parallel Aware': False, 'Async Capable': False, 'Startup Cost': 2083.0, 'Total Cost': 2083.0, 'Plan Rows': 24850, 'Plan Width': 10, 'Disabled': False, 'Plans': [{'Node Type': 'Seq Scan', 'Parent Relationship': 'Outer', 'Parallel Aware': False, 'Async Capable': False, 'Relation Name': 'patients', 'Alias': 'p', 'Startup Cost': 0.0, 'Total Cost': 2083.0, 'Plan Rows': 24850, 'Plan Width': 10, 'Disabled': False, 'Filter': ""((city)::text = 'Lucknow'::text)""}]}]}]}]}]}}",88.39050005190074
Q744,3,"SELECT city, COUNT(*)
            FROM patients
            GROUP BY city;","{'Plan': {'Node Type': 'Aggregate', 'Strategy': 'Hashed', 'Partial Mode': 'Simple', 'Parallel Aware': False, 'Async Capable': False, 'Startup Cost': 2333.0, 'Total Cost': 2333.04, 'Plan Rows': 4, 'Plan Width': 14, 'Disabled': False, 'Group Key': ['city'], 'Planned Partitions': 0, 'Plans': [{'Node Type': 'Seq Scan', 'Parent Relationship': 'Outer', 'Parallel Aware': False, 'Async Capable': False, 'Relation Name': 'patients', 'Alias': 'patients', 'Startup Cost': 0.0, 'Total Cost': 1833.0, 'Plan Rows': 100000, 'Plan Width': 6, 'Disabled': False}]}}",20.12309990823269
Q745,2,"SELECT *
            FROM patients
            WHERE city = 'Delhi';","{'Plan': {'Node Type': 'Seq Scan', 'Parallel Aware': False, 'Async Capable': False, 'Relation Name': 'patients', 'Alias': 'patients', 'Startup Cost': 0.0, 'Total Cost': 2083.0, 'Plan Rows': 24947, 'Plan Width': 32, 'Disabled': False, 'Filter': ""((city)::text = 'Delhi'::text)""}}",31.528000021353364
Q746,3,"SELECT city, COUNT(*)
            FROM patients
            GROUP BY city;","{'Plan': {'Node Type': 'Aggregate', 'Strategy': 'Hashed', 'Partial Mode': 'Simple', 'Parallel Aware': False, 'Async Capable': False, 'Startup Cost': 2333.0, 'Total Cost': 2333.04, 'Plan Rows': 4, 'Plan Width': 14, 'Disabled': False, 'Group Key': ['city'], 'Planned Partitions': 0, 'Plans': [{'Node Type': 'Seq Scan', 'Parent Relationship': 'Outer', 'Parallel Aware': False, 'Async Capable': False, 'Relation Name': 'patients', 'Alias': 'patients', 'Startup Cost': 0.0, 'Total Cost': 1833.0, 'Plan Rows': 100000, 'Plan Width': 6, 'Disabled': False}]}}",21.83300000615418
Q747,2,"SELECT *
            FROM patients
            WHERE city = 'Mumbai';","{'Plan': {'Node Type': 'Seq Scan', 'Parallel Aware': False, 'Async Capable': False, 'Relation Name': 'patients', 'Alias': 'patients', 'Startup Cost': 0.0, 'Total Cost': 2083.0, 'Plan Rows': 25007, 'Plan Width': 32, 'Disabled': False, 'Filter': ""((city)::text = 'Mumbai'::text)""}}",33.11079996638
Q748,5,"SELECT p.city, COUNT(a.appointment_id)
            FROM patients p
            JOIN appointments a
            ON p.patient_id = a.patient_id
            WHERE p.city = 'Kanpur'
            GROUP BY p.city;","{'Plan': {'Node Type': 'Aggregate', 'Strategy': 'Sorted', 'Partial Mode': 'Finalize', 'Parallel Aware': False, 'Async Capable': False, 'Startup Cost': 3397.96, 'Total Cost': 9836.65, 'Plan Rows': 1, 'Plan Width': 14, 'Disabled': False, 'Plans': [{'Node Type': 'Gather', 'Parent Relationship': 'Outer', 'Parallel Aware': False, 'Async Capable': False, 'Startup Cost': 3397.96, 'Total Cost': 9836.64, 'Plan Rows': 2, 'Plan Width': 14, 'Disabled': False, 'Workers Planned': 2, 'Single Copy': False, 'Plans': [{'Node Type': 'Aggregate', 'Strategy': 'Sorted', 'Partial Mode': 'Partial', 'Parent Relationship': 'Outer', 'Parallel Aware': False, 'Async Capable': False, 'Startup Cost': 2397.96, 'Total Cost': 8836.44, 'Plan Rows': 1, 'Plan Width': 14, 'Disabled': False, 'Plans': [{'Node Type': 'Hash Join', 'Parent Relationship': 'Outer', 'Parallel Aware': False, 'Async Capable': False, 'Join Type': 'Inner', 'Startup Cost': 2397.96, 'Total Cost': 8705.19, 'Plan Rows': 52494, 'Plan Width': 10, 'Disabled': False, 'Inner Unique': True, 'Hash Cond': '(a.patient_id = p.patient_id)', 'Plans': [{'Node Type': 'Seq Scan', 'Parent Relationship': 'Outer', 'Parallel Aware': True, 'Async Capable': False, 'Relation Name': 'appointments', 'Alias': 'a', 'Startup Cost': 0.0, 'Total Cost': 5760.33, 'Plan Rows': 208333, 'Plan Width': 8, 'Disabled': False}, {'Node Type': 'Hash', 'Parent Relationship': 'Inner', 'Parallel Aware': False, 'Async Capable': False, 'Startup Cost': 2083.0, 'Total Cost': 2083.0, 'Plan Rows': 25197, 'Plan Width': 10, 'Disabled': False, 'Plans': [{'Node Type': 'Seq Scan', 'Parent Relationship': 'Outer', 'Parallel Aware': False, 'Async Capable': False, 'Relation Name': 'patients', 'Alias': 'p', 'Startup Cost': 0.0, 'Total Cost': 2083.0, 'Plan Rows': 25197, 'Plan Width': 10, 'Disabled': False, 'Filter': ""((city)::text = 'Kanpur'::text)""}]}]}]}]}]}}",91.3474999833852
Q749,2,"SELECT *
            FROM patients
            WHERE city = 'Kanpur';","{'Plan': {'Node Type': 'Seq Scan', 'Parallel Aware': False, 'Async Capable': False, 'Relation Name': 'patients', 'Alias': 'patients', 'Startup Cost': 0.0, 'Total Cost': 2083.0, 'Plan Rows': 25197, 'Plan Width': 32, 'Disabled': False, 'Filter': ""((city)::text = 'Kanpur'::text)""}}",35.08340008556843
Q750,1,"SELECT *
            FROM patients
            WHERE age > 56;","{'Plan': {'Node Type': 'Seq Scan', 'Parallel Aware': False, 'Async Capable': False, 'Relation Name': 'patients', 'Alias': 'patients', 'Startup Cost': 0.0, 'Total Cost': 2083.0, 'Plan Rows': 37503, 'Plan Width': 32, 'Disabled': False, 'Filter': '(age > 56)'}}",50.70329993031919
Q751,5,"SELECT p.city, COUNT(a.appointment_id)
            FROM patients p
            JOIN appointments a
            ON p.patient_id = a.patient_id
            WHERE p.city = 'Mumbai'
            GROUP BY p.city;","{'Plan': {'Node Type': 'Aggregate', 'Strategy': 'Sorted', 'Partial Mode': 'Finalize', 'Parallel Aware': False, 'Async Capable': False, 'Startup Cost': 3395.59, 'Total Cost': 9833.29, 'Plan Rows': 1, 'Plan Width': 14, 'Disabled': False, 'Plans': [{'Node Type': 'Gather', 'Parent Relationship': 'Outer', 'Parallel Aware': False, 'Async Capable': False, 'Startup Cost': 3395.59, 'Total Cost': 9833.27, 'Plan Rows': 2, 'Plan Width': 14, 'Disabled': False, 'Workers Planned': 2, 'Single Copy': False, 'Plans': [{'Node Type': 'Aggregate', 'Strategy': 'Sorted', 'Partial Mode': 'Partial', 'Parent Relationship': 'Outer', 'Parallel Aware': False, 'Async Capable': False, 'Startup Cost': 2395.59, 'Total Cost': 8833.07, 'Plan Rows': 1, 'Plan Width': 14, 'Disabled': False, 'Plans': [{'Node Type': 'Hash Join', 'Parent Relationship': 'Outer', 'Parallel Aware': False, 'Async Capable': False, 'Join Type': 'Inner', 'Startup Cost': 2395.59, 'Total Cost': 8702.82, 'Plan Rows': 52098, 'Plan Width': 10, 'Disabled': False, 'Inner Unique': True, 'Hash Cond': '(a.patient_id = p.patient_id)', 'Plans': [{'Node Type': 'Seq Scan', 'Parent Relationship': 'Outer', 'Parallel Aware': True, 'Async Capable': False, 'Relation Name': 'appointments', 'Alias': 'a', 'Startup Cost': 0.0, 'Total Cost': 5760.33, 'Plan Rows': 208333, 'Plan Width': 8, 'Disabled': False}, {'Node Type': 'Hash', 'Parent Relationship': 'Inner', 'Parallel Aware': False, 'Async Capable': False, 'Startup Cost': 2083.0, 'Total Cost': 2083.0, 'Plan Rows': 25007, 'Plan Width': 10, 'Disabled': False, 'Plans': [{'Node Type': 'Seq Scan', 'Parent Relationship': 'Outer', 'Parallel Aware': False, 'Async Capable': False, 'Relation Name': 'patients', 'Alias': 'p', 'Startup Cost': 0.0, 'Total Cost': 2083.0, 'Plan Rows': 25007, 'Plan Width': 10, 'Disabled': False, 'Filter': ""((city)::text = 'Mumbai'::text)""}]}]}]}]}]}}",85.76969988644123
Q752,1,"SELECT *
            FROM patients
            WHERE age > 24;","{'Plan': {'Node Type': 'Seq Scan', 'Parallel Aware': False, 'Async Capable': False, 'Relation Name': 'patients', 'Alias': 'patients', 'Startup Cost': 0.0, 'Total Cost': 2083.0, 'Plan Rows': 88920, 'Plan Width': 32, 'Disabled': False, 'Filter': '(age > 24)'}}",99.29240006022155
Q753,1,"SELECT *
            FROM patients
            WHERE age > 56;","{'Plan': {'Node Type': 'Seq Scan', 'Parallel Aware': False, 'Async Capable': False, 'Relation Name': 'patients', 'Alias': 'patients', 'Startup Cost': 0.0, 'Total Cost': 2083.0, 'Plan Rows': 37503, 'Plan Width': 32, 'Disabled': False, 'Filter': '(age > 56)'}}",31.40689991414547
Q754,2,"SELECT *
            FROM patients
            WHERE city = 'Lucknow';","{'Plan': {'Node Type': 'Seq Scan', 'Parallel Aware': False, 'Async Capable': False, 'Relation Name': 'patients', 'Alias': 'patients', 'Startup Cost': 0.0, 'Total Cost': 2083.0, 'Plan Rows': 24850, 'Plan Width': 32, 'Disabled': False, 'Filter': ""((city)::text = 'Lucknow'::text)""}}",25.420099962502718
Q755,4,"SELECT p.name, a.appointment_date
            FROM patients p
            JOIN appointments a
            ON p.patient_id = a.patient_id;","{'Plan': {'Node Type': 'Hash Join', 'Parallel Aware': False, 'Async Capable': False, 'Join Type': 'Inner', 'Startup Cost': 3083.0, 'Total Cost': 13072.56, 'Plan Rows': 500000, 'Plan Width': 17, 'Disabled': False, 'Inner Unique': True, 'Hash Cond': '(a.patient_id = p.patient_id)', 'Plans': [{'Node Type': 'Seq Scan', 'Parent Relationship': 'Outer', 'Parallel Aware': False, 'Async Capable': False, 'Relation Name': 'appointments', 'Alias': 'a', 'Startup Cost': 0.0, 'Total Cost': 8677.0, 'Plan Rows': 500000, 'Plan Width': 8, 'Disabled': False}, {'Node Type': 'Hash', 'Parent Relationship': 'Inner', 'Parallel Aware': False, 'Async Capable': False, 'Startup Cost': 1833.0, 'Total Cost': 1833.0, 'Plan Rows': 100000, 'Plan Width': 17, 'Disabled': False, 'Plans': [{'Node Type': 'Seq Scan', 'Parent Relationship': 'Outer', 'Parallel Aware': False, 'Async Capable': False, 'Relation Name': 'patients', 'Alias': 'p', 'Startup Cost': 0.0, 'Total Cost': 1833.0, 'Plan Rows': 100000, 'Plan Width': 17, 'Disabled': False}]}]}}",653.1436999794096
Q756,5,"SELECT p.city, COUNT(a.appointment_id)
            FROM patients p
            JOIN appointments a
            ON p.patient_id = a.patient_id
            WHERE p.city = 'Lucknow'
            GROUP BY p.city;","{'Plan': {'Node Type': 'Aggregate', 'Strategy': 'Sorted', 'Partial Mode': 'Finalize', 'Parallel Aware': False, 'Async Capable': False, 'Startup Cost': 3393.62, 'Total Cost': 9830.51, 'Plan Rows': 1, 'Plan Width': 14, 'Disabled': False, 'Plans': [{'Node Type': 'Gather', 'Parent Relationship': 'Outer', 'Parallel Aware': False, 'Async Capable': False, 'Startup Cost': 3393.62, 'Total Cost': 9830.49, 'Plan Rows': 2, 'Plan Width': 14, 'Disabled': False, 'Workers Planned': 2, 'Single Copy': False, 'Plans': [{'Node Type': 'Aggregate', 'Strategy': 'Sorted', 'Partial Mode': 'Partial', 'Parent Relationship': 'Outer', 'Parallel Aware': False, 'Async Capable': False, 'Startup Cost': 2393.62, 'Total Cost': 8830.29, 'Plan Rows': 1, 'Plan Width': 14, 'Disabled': False, 'Plans': [{'Node Type': 'Hash Join', 'Parent Relationship': 'Outer', 'Parallel Aware': False, 'Async Capable': False, 'Join Type': 'Inner', 'Startup Cost': 2393.62, 'Total Cost': 8700.85, 'Plan Rows': 51771, 'Plan Width': 10, 'Disabled': False, 'Inner Unique': True, 'Hash Cond': '(a.patient_id = p.patient_id)', 'Plans': [{'Node Type': 'Seq Scan', 'Parent Relationship': 'Outer', 'Parallel Aware': True, 'Async Capable': False, 'Relation Name': 'appointments', 'Alias': 'a', 'Startup Cost': 0.0, 'Total Cost': 5760.33, 'Plan Rows': 208333, 'Plan Width': 8, 'Disabled': False}, {'Node Type': 'Hash', 'Parent Relationship': 'Inner', 'Parallel Aware': False, 'Async Capable': False, 'Startup Cost': 2083.0, 'Total Cost': 2083.0, 'Plan Rows': 24850, 'Plan Width': 10, 'Disabled': False, 'Plans': [{'Node Type': 'Seq Scan', 'Parent Relationship': 'Outer', 'Parallel Aware': False, 'Async Capable': False, 'Relation Name': 'patients', 'Alias': 'p', 'Startup Cost': 0.0, 'Total Cost': 2083.0, 'Plan Rows': 24850, 'Plan Width': 10, 'Disabled': False, 'Filter': ""((city)::text = 'Lucknow'::text)""}]}]}]}]}]}}",90.1774000376463
Q757,5,"SELECT p.city, COUNT(a.appointment_id)
            FROM patients p
            JOIN appointments a
            ON p.patient_id = a.patient_id
            WHERE p.city = 'Kanpur'
            GROUP BY p.city;","{'Plan': {'Node Type': 'Aggregate', 'Strategy': 'Sorted', 'Partial Mode': 'Finalize', 'Parallel Aware': False, 'Async Capable': False, 'Startup Cost': 3397.96, 'Total Cost': 9836.65, 'Plan Rows': 1, 'Plan Width': 14, 'Disabled': False, 'Plans': [{'Node Type': 'Gather', 'Parent Relationship': 'Outer', 'Parallel Aware': False, 'Async Capable': False, 'Startup Cost': 3397.96, 'Total Cost': 9836.64, 'Plan Rows': 2, 'Plan Width': 14, 'Disabled': False, 'Workers Planned': 2, 'Single Copy': False, 'Plans': [{'Node Type': 'Aggregate', 'Strategy': 'Sorted', 'Partial Mode': 'Partial', 'Parent Relationship': 'Outer', 'Parallel Aware': False, 'Async Capable': False, 'Startup Cost': 2397.96, 'Total Cost': 8836.44, 'Plan Rows': 1, 'Plan Width': 14, 'Disabled': False, 'Plans': [{'Node Type': 'Hash Join', 'Parent Relationship': 'Outer', 'Parallel Aware': False, 'Async Capable': False, 'Join Type': 'Inner', 'Startup Cost': 2397.96, 'Total Cost': 8705.19, 'Plan Rows': 52494, 'Plan Width': 10, 'Disabled': False, 'Inner Unique': True, 'Hash Cond': '(a.patient_id = p.patient_id)', 'Plans': [{'Node Type': 'Seq Scan', 'Parent Relationship': 'Outer', 'Parallel Aware': True, 'Async Capable': False, 'Relation Name': 'appointments', 'Alias': 'a', 'Startup Cost': 0.0, 'Total Cost': 5760.33, 'Plan Rows': 208333, 'Plan Width': 8, 'Disabled': False}, {'Node Type': 'Hash', 'Parent Relationship': 'Inner', 'Parallel Aware': False, 'Async Capable': False, 'Startup Cost': 2083.0, 'Total Cost': 2083.0, 'Plan Rows': 25197, 'Plan Width': 10, 'Disabled': False, 'Plans': [{'Node Type': 'Seq Scan', 'Parent Relationship': 'Outer', 'Parallel Aware': False, 'Async Capable': False, 'Relation Name': 'patients', 'Alias': 'p', 'Startup Cost': 0.0, 'Total Cost': 2083.0, 'Plan Rows': 25197, 'Plan Width': 10, 'Disabled': False, 'Filter': ""((city)::text = 'Kanpur'::text)""}]}]}]}]}]}}",85.31710016541183
Q758,2,"SELECT *
            FROM patients
            WHERE city = 'Delhi';","{'Plan': {'Node Type': 'Seq Scan', 'Parallel Aware': False, 'Async Capable': False, 'Relation Name': 'patients', 'Alias': 'patients', 'Startup Cost': 0.0, 'Total Cost': 2083.0, 'Plan Rows': 24947, 'Plan Width': 32, 'Disabled': False, 'Filter': ""((city)::text = 'Delhi'::text)""}}",33.123600063845515
Q759,5,"SELECT p.city, COUNT(a.appointment_id)
            FROM patients p
            JOIN appointments a
            ON p.patient_id = a.patient_id
            WHERE p.city = 'Mumbai'
            GROUP BY p.city;","{'Plan': {'Node Type': 'Aggregate', 'Strategy': 'Sorted', 'Partial Mode': 'Finalize', 'Parallel Aware': False, 'Async Capable': False, 'Startup Cost': 3395.59, 'Total Cost': 9833.29, 'Plan Rows': 1, 'Plan Width': 14, 'Disabled': False, 'Plans': [{'Node Type': 'Gather', 'Parent Relationship': 'Outer', 'Parallel Aware': False, 'Async Capable': False, 'Startup Cost': 3395.59, 'Total Cost': 9833.27, 'Plan Rows': 2, 'Plan Width': 14, 'Disabled': False, 'Workers Planned': 2, 'Single Copy': False, 'Plans': [{'Node Type': 'Aggregate', 'Strategy': 'Sorted', 'Partial Mode': 'Partial', 'Parent Relationship': 'Outer', 'Parallel Aware': False, 'Async Capable': False, 'Startup Cost': 2395.59, 'Total Cost': 8833.07, 'Plan Rows': 1, 'Plan Width': 14, 'Disabled': False, 'Plans': [{'Node Type': 'Hash Join', 'Parent Relationship': 'Outer', 'Parallel Aware': False, 'Async Capable': False, 'Join Type': 'Inner', 'Startup Cost': 2395.59, 'Total Cost': 8702.82, 'Plan Rows': 52098, 'Plan Width': 10, 'Disabled': False, 'Inner Unique': True, 'Hash Cond': '(a.patient_id = p.patient_id)', 'Plans': [{'Node Type': 'Seq Scan', 'Parent Relationship': 'Outer', 'Parallel Aware': True, 'Async Capable': False, 'Relation Name': 'appointments', 'Alias': 'a', 'Startup Cost': 0.0, 'Total Cost': 5760.33, 'Plan Rows': 208333, 'Plan Width': 8, 'Disabled': False}, {'Node Type': 'Hash', 'Parent Relationship': 'Inner', 'Parallel Aware': False, 'Async Capable': False, 'Startup Cost': 2083.0, 'Total Cost': 2083.0, 'Plan Rows': 25007, 'Plan Width': 10, 'Disabled': False, 'Plans': [{'Node Type': 'Seq Scan', 'Parent Relationship': 'Outer', 'Parallel Aware': False, 'Async Capable': False, 'Relation Name': 'patients', 'Alias': 'p', 'Startup Cost': 0.0, 'Total Cost': 2083.0, 'Plan Rows': 25007, 'Plan Width': 10, 'Disabled': False, 'Filter': ""((city)::text = 'Mumbai'::text)""}]}]}]}]}]}}",84.57199996337295
Q760,5,"SELECT p.city, COUNT(a.appointment_id)
            FROM patients p
            JOIN appointments a
            ON p.patient_id = a.patient_id
            WHERE p.city = 'Kanpur'
            GROUP BY p.city;","{'Plan': {'Node Type': 'Aggregate', 'Strategy': 'Sorted', 'Partial Mode': 'Finalize', 'Parallel Aware': False, 'Async Capable': False, 'Startup Cost': 3397.96, 'Total Cost': 9836.65, 'Plan Rows': 1, 'Plan Width': 14, 'Disabled': False, 'Plans': [{'Node Type': 'Gather', 'Parent Relationship': 'Outer', 'Parallel Aware': False, 'Async Capable': False, 'Startup Cost': 3397.96, 'Total Cost': 9836.64, 'Plan Rows': 2, 'Plan Width': 14, 'Disabled': False, 'Workers Planned': 2, 'Single Copy': False, 'Plans': [{'Node Type': 'Aggregate', 'Strategy': 'Sorted', 'Partial Mode': 'Partial', 'Parent Relationship': 'Outer', 'Parallel Aware': False, 'Async Capable': False, 'Startup Cost': 2397.96, 'Total Cost': 8836.44, 'Plan Rows': 1, 'Plan Width': 14, 'Disabled': False, 'Plans': [{'Node Type': 'Hash Join', 'Parent Relationship': 'Outer', 'Parallel Aware': False, 'Async Capable': False, 'Join Type': 'Inner', 'Startup Cost': 2397.96, 'Total Cost': 8705.19, 'Plan Rows': 52494, 'Plan Width': 10, 'Disabled': False, 'Inner Unique': True, 'Hash Cond': '(a.patient_id = p.patient_id)', 'Plans': [{'Node Type': 'Seq Scan', 'Parent Relationship': 'Outer', 'Parallel Aware': True, 'Async Capable': False, 'Relation Name': 'appointments', 'Alias': 'a', 'Startup Cost': 0.0, 'Total Cost': 5760.33, 'Plan Rows': 208333, 'Plan Width': 8, 'Disabled': False}, {'Node Type': 'Hash', 'Parent Relationship': 'Inner', 'Parallel Aware': False, 'Async Capable': False, 'Startup Cost': 2083.0, 'Total Cost': 2083.0, 'Plan Rows': 25197, 'Plan Width': 10, 'Disabled': False, 'Plans': [{'Node Type': 'Seq Scan', 'Parent Relationship': 'Outer', 'Parallel Aware': False, 'Async Capable': False, 'Relation Name': 'patients', 'Alias': 'p', 'Startup Cost': 0.0, 'Total Cost': 2083.0, 'Plan Rows': 25197, 'Plan Width': 10, 'Disabled': False, 'Filter': ""((city)::text = 'Kanpur'::text)""}]}]}]}]}]}}",83.41130008921027
Q761,4,"SELECT p.name, a.appointment_date
            FROM patients p
            JOIN appointments a
            ON p.patient_id = a.patient_id;","{'Plan': {'Node Type': 'Hash Join', 'Parallel Aware': False, 'Async Capable': False, 'Join Type': 'Inner', 'Startup Cost': 3083.0, 'Total Cost': 13072.56, 'Plan Rows': 500000, 'Plan Width': 17, 'Disabled': False, 'Inner Unique': True, 'Hash Cond': '(a.patient_id = p.patient_id)', 'Plans': [{'Node Type': 'Seq Scan', 'Parent Relationship': 'Outer', 'Parallel Aware': False, 'Async Capable': False, 'Relation Name': 'appointments', 'Alias': 'a', 'Startup Cost': 0.0, 'Total Cost': 8677.0, 'Plan Rows': 500000, 'Plan Width': 8, 'Disabled': False}, {'Node Type': 'Hash', 'Parent Relationship': 'Inner', 'Parallel Aware': False, 'Async Capable': False, 'Startup Cost': 1833.0, 'Total Cost': 1833.0, 'Plan Rows': 100000, 'Plan Width': 17, 'Disabled': False, 'Plans': [{'Node Type': 'Seq Scan', 'Parent Relationship': 'Outer', 'Parallel Aware': False, 'Async Capable': False, 'Relation Name': 'patients', 'Alias': 'p', 'Startup Cost': 0.0, 'Total Cost': 1833.0, 'Plan Rows': 100000, 'Plan Width': 17, 'Disabled': False}]}]}}",619.3634001538157
Q762,1,"SELECT *
            FROM patients
            WHERE age > 58;","{'Plan': {'Node Type': 'Seq Scan', 'Parallel Aware': False, 'Async Capable': False, 'Relation Name': 'patients', 'Alias': 'patients', 'Startup Cost': 0.0, 'Total Cost': 2083.0, 'Plan Rows': 34510, 'Plan Width': 32, 'Disabled': False, 'Filter': '(age > 58)'}}",30.51940002478659
Q763,5,"SELECT p.city, COUNT(a.appointment_id)
            FROM patients p
            JOIN appointments a
            ON p.patient_id = a.patient_id
            WHERE p.city = 'Kanpur'
            GROUP BY p.city;","{'Plan': {'Node Type': 'Aggregate', 'Strategy': 'Sorted', 'Partial Mode': 'Finalize', 'Parallel Aware': False, 'Async Capable': False, 'Startup Cost': 3397.96, 'Total Cost': 9836.65, 'Plan Rows': 1, 'Plan Width': 14, 'Disabled': False, 'Plans': [{'Node Type': 'Gather', 'Parent Relationship': 'Outer', 'Parallel Aware': False, 'Async Capable': False, 'Startup Cost': 3397.96, 'Total Cost': 9836.64, 'Plan Rows': 2, 'Plan Width': 14, 'Disabled': False, 'Workers Planned': 2, 'Single Copy': False, 'Plans': [{'Node Type': 'Aggregate', 'Strategy': 'Sorted', 'Partial Mode': 'Partial', 'Parent Relationship': 'Outer', 'Parallel Aware': False, 'Async Capable': False, 'Startup Cost': 2397.96, 'Total Cost': 8836.44, 'Plan Rows': 1, 'Plan Width': 14, 'Disabled': False, 'Plans': [{'Node Type': 'Hash Join', 'Parent Relationship': 'Outer', 'Parallel Aware': False, 'Async Capable': False, 'Join Type': 'Inner', 'Startup Cost': 2397.96, 'Total Cost': 8705.19, 'Plan Rows': 52494, 'Plan Width': 10, 'Disabled': False, 'Inner Unique': True, 'Hash Cond': '(a.patient_id = p.patient_id)', 'Plans': [{'Node Type': 'Seq Scan', 'Parent Relationship': 'Outer', 'Parallel Aware': True, 'Async Capable': False, 'Relation Name': 'appointments', 'Alias': 'a', 'Startup Cost': 0.0, 'Total Cost': 5760.33, 'Plan Rows': 208333, 'Plan Width': 8, 'Disabled': False}, {'Node Type': 'Hash', 'Parent Relationship': 'Inner', 'Parallel Aware': False, 'Async Capable': False, 'Startup Cost': 2083.0, 'Total Cost': 2083.0, 'Plan Rows': 25197, 'Plan Width': 10, 'Disabled': False, 'Plans': [{'Node Type': 'Seq Scan', 'Parent Relationship': 'Outer', 'Parallel Aware': False, 'Async Capable': False, 'Relation Name': 'patients', 'Alias': 'p', 'Startup Cost': 0.0, 'Total Cost': 2083.0, 'Plan Rows': 25197, 'Plan Width': 10, 'Disabled': False, 'Filter': ""((city)::text = 'Kanpur'::text)""}]}]}]}]}]}}",121.86779989860952
Q764,3,"SELECT city, COUNT(*)
            FROM patients
            GROUP BY city;","{'Plan': {'Node Type': 'Aggregate', 'Strategy': 'Hashed', 'Partial Mode': 'Simple', 'Parallel Aware': False, 'Async Capable': False, 'Startup Cost': 2333.0, 'Total Cost': 2333.04, 'Plan Rows': 4, 'Plan Width': 14, 'Disabled': False, 'Group Key': ['city'], 'Planned Partitions': 0, 'Plans': [{'Node Type': 'Seq Scan', 'Parent Relationship': 'Outer', 'Parallel Aware': False, 'Async Capable': False, 'Relation Name': 'patients', 'Alias': 'patients', 'Startup Cost': 0.0, 'Total Cost': 1833.0, 'Plan Rows': 100000, 'Plan Width': 6, 'Disabled': False}]}}",20.968199940398335
Q765,2,"SELECT *
            FROM patients
            WHERE city = 'Kanpur';","{'Plan': {'Node Type': 'Seq Scan', 'Parallel Aware': False, 'Async Capable': False, 'Relation Name': 'patients', 'Alias': 'patients', 'Startup Cost': 0.0, 'Total Cost': 2083.0, 'Plan Rows': 25197, 'Plan Width': 32, 'Disabled': False, 'Filter': ""((city)::text = 'Kanpur'::text)""}}",49.915599869564176
Q766,2,"SELECT *
            FROM patients
            WHERE city = 'Kanpur';","{'Plan': {'Node Type': 'Seq Scan', 'Parallel Aware': False, 'Async Capable': False, 'Relation Name': 'patients', 'Alias': 'patients', 'Startup Cost': 0.0, 'Total Cost': 2083.0, 'Plan Rows': 25197, 'Plan Width': 32, 'Disabled': False, 'Filter': ""((city)::text = 'Kanpur'::text)""}}",38.33830007351935
Q767,4,"SELECT p.name, a.appointment_date
            FROM patients p
            JOIN appointments a
            ON p.patient_id = a.patient_id;","{'Plan': {'Node Type': 'Hash Join', 'Parallel Aware': False, 'Async Capable': False, 'Join Type': 'Inner', 'Startup Cost': 3083.0, 'Total Cost': 13072.56, 'Plan Rows': 500000, 'Plan Width': 17, 'Disabled': False, 'Inner Unique': True, 'Hash Cond': '(a.patient_id = p.patient_id)', 'Plans': [{'Node Type': 'Seq Scan', 'Parent Relationship': 'Outer', 'Parallel Aware': False, 'Async Capable': False, 'Relation Name': 'appointments', 'Alias': 'a', 'Startup Cost': 0.0, 'Total Cost': 8677.0, 'Plan Rows': 500000, 'Plan Width': 8, 'Disabled': False}, {'Node Type': 'Hash', 'Parent Relationship': 'Inner', 'Parallel Aware': False, 'Async Capable': False, 'Startup Cost': 1833.0, 'Total Cost': 1833.0, 'Plan Rows': 100000, 'Plan Width': 17, 'Disabled': False, 'Plans': [{'Node Type': 'Seq Scan', 'Parent Relationship': 'Outer', 'Parallel Aware': False, 'Async Capable': False, 'Relation Name': 'patients', 'Alias': 'p', 'Startup Cost': 0.0, 'Total Cost': 1833.0, 'Plan Rows': 100000, 'Plan Width': 17, 'Disabled': False}]}]}}",645.6446000374854
Q768,1,"SELECT *
            FROM patients
            WHERE age > 62;","{'Plan': {'Node Type': 'Seq Scan', 'Parallel Aware': False, 'Async Capable': False, 'Relation Name': 'patients', 'Alias': 'patients', 'Startup Cost': 0.0, 'Total Cost': 2083.0, 'Plan Rows': 28253, 'Plan Width': 32, 'Disabled': False, 'Filter': '(age > 62)'}}",41.57850006595254
Q769,4,"SELECT p.name, a.appointment_date
            FROM patients p
            JOIN appointments a
            ON p.patient_id = a.patient_id;","{'Plan': {'Node Type': 'Hash Join', 'Parallel Aware': False, 'Async Capable': False, 'Join Type': 'Inner', 'Startup Cost': 3083.0, 'Total Cost': 13072.56, 'Plan Rows': 500000, 'Plan Width': 17, 'Disabled': False, 'Inner Unique': True, 'Hash Cond': '(a.patient_id = p.patient_id)', 'Plans': [{'Node Type': 'Seq Scan', 'Parent Relationship': 'Outer', 'Parallel Aware': False, 'Async Capable': False, 'Relation Name': 'appointments', 'Alias': 'a', 'Startup Cost': 0.0, 'Total Cost': 8677.0, 'Plan Rows': 500000, 'Plan Width': 8, 'Disabled': False}, {'Node Type': 'Hash', 'Parent Relationship': 'Inner', 'Parallel Aware': False, 'Async Capable': False, 'Startup Cost': 1833.0, 'Total Cost': 1833.0, 'Plan Rows': 100000, 'Plan Width': 17, 'Disabled': False, 'Plans': [{'Node Type': 'Seq Scan', 'Parent Relationship': 'Outer', 'Parallel Aware': False, 'Async Capable': False, 'Relation Name': 'patients', 'Alias': 'p', 'Startup Cost': 0.0, 'Total Cost': 1833.0, 'Plan Rows': 100000, 'Plan Width': 17, 'Disabled': False}]}]}}",632.7271000482142
Q770,2,"SELECT *
            FROM patients
            WHERE city = 'Lucknow';","{'Plan': {'Node Type': 'Seq Scan', 'Parallel Aware': False, 'Async Capable': False, 'Relation Name': 'patients', 'Alias': 'patients', 'Startup Cost': 0.0, 'Total Cost': 2083.0, 'Plan Rows': 24850, 'Plan Width': 32, 'Disabled': False, 'Filter': ""((city)::text = 'Lucknow'::text)""}}",37.55380003713071
Q771,3,"SELECT city, COUNT(*)
            FROM patients
            GROUP BY city;","{'Plan': {'Node Type': 'Aggregate', 'Strategy': 'Hashed', 'Partial Mode': 'Simple', 'Parallel Aware': False, 'Async Capable': False, 'Startup Cost': 2333.0, 'Total Cost': 2333.04, 'Plan Rows': 4, 'Plan Width': 14, 'Disabled': False, 'Group Key': ['city'], 'Planned Partitions': 0, 'Plans': [{'Node Type': 'Seq Scan', 'Parent Relationship': 'Outer', 'Parallel Aware': False, 'Async Capable': False, 'Relation Name': 'patients', 'Alias': 'patients', 'Startup Cost': 0.0, 'Total Cost': 1833.0, 'Plan Rows': 100000, 'Plan Width': 6, 'Disabled': False}]}}",13.60130007378757
Q772,2,"SELECT *
            FROM patients
            WHERE city = 'Mumbai';","{'Plan': {'Node Type': 'Seq Scan', 'Parallel Aware': False, 'Async Capable': False, 'Relation Name': 'patients', 'Alias': 'patients', 'Startup Cost': 0.0, 'Total Cost': 2083.0, 'Plan Rows': 25007, 'Plan Width': 32, 'Disabled': False, 'Filter': ""((city)::text = 'Mumbai'::text)""}}",21.60220011137426
Q773,4,"SELECT p.name, a.appointment_date
            FROM patients p
            JOIN appointments a
            ON p.patient_id = a.patient_id;","{'Plan': {'Node Type': 'Hash Join', 'Parallel Aware': False, 'Async Capable': False, 'Join Type': 'Inner', 'Startup Cost': 3083.0, 'Total Cost': 13072.56, 'Plan Rows': 500000, 'Plan Width': 17, 'Disabled': False, 'Inner Unique': True, 'Hash Cond': '(a.patient_id = p.patient_id)', 'Plans': [{'Node Type': 'Seq Scan', 'Parent Relationship': 'Outer', 'Parallel Aware': False, 'Async Capable': False, 'Relation Name': 'appointments', 'Alias': 'a', 'Startup Cost': 0.0, 'Total Cost': 8677.0, 'Plan Rows': 500000, 'Plan Width': 8, 'Disabled': False}, {'Node Type': 'Hash', 'Parent Relationship': 'Inner', 'Parallel Aware': False, 'Async Capable': False, 'Startup Cost': 1833.0, 'Total Cost': 1833.0, 'Plan Rows': 100000, 'Plan Width': 17, 'Disabled': False, 'Plans': [{'Node Type': 'Seq Scan', 'Parent Relationship': 'Outer', 'Parallel Aware': False, 'Async Capable': False, 'Relation Name': 'patients', 'Alias': 'p', 'Startup Cost': 0.0, 'Total Cost': 1833.0, 'Plan Rows': 100000, 'Plan Width': 17, 'Disabled': False}]}]}}",623.325000051409
Q774,1,"SELECT *
            FROM patients
            WHERE age > 60;","{'Plan': {'Node Type': 'Seq Scan', 'Parallel Aware': False, 'Async Capable': False, 'Relation Name': 'patients', 'Alias': 'patients', 'Startup Cost': 0.0, 'Total Cost': 2083.0, 'Plan Rows': 31347, 'Plan Width': 32, 'Disabled': False, 'Filter': '(age > 60)'}}",42.69029991701245
Q775,2,"SELECT *
            FROM patients
            WHERE city = 'Mumbai';","{'Plan': {'Node Type': 'Seq Scan', 'Parallel Aware': False, 'Async Capable': False, 'Relation Name': 'patients', 'Alias': 'patients', 'Startup Cost': 0.0, 'Total Cost': 2083.0, 'Plan Rows': 25007, 'Plan Width': 32, 'Disabled': False, 'Filter': ""((city)::text = 'Mumbai'::text)""}}",21.31290012039244
Q776,2,"SELECT *
            FROM patients
            WHERE city = 'Delhi';","{'Plan': {'Node Type': 'Seq Scan', 'Parallel Aware': False, 'Async Capable': False, 'Relation Name': 'patients', 'Alias': 'patients', 'Startup Cost': 0.0, 'Total Cost': 2083.0, 'Plan Rows': 24947, 'Plan Width': 32, 'Disabled': False, 'Filter': ""((city)::text = 'Delhi'::text)""}}",20.263899816200137
Q777,5,"SELECT p.city, COUNT(a.appointment_id)
            FROM patients p
            JOIN appointments a
            ON p.patient_id = a.patient_id
            WHERE p.city = 'Lucknow'
            GROUP BY p.city;","{'Plan': {'Node Type': 'Aggregate', 'Strategy': 'Sorted', 'Partial Mode': 'Finalize', 'Parallel Aware': False, 'Async Capable': False, 'Startup Cost': 3393.62, 'Total Cost': 9830.51, 'Plan Rows': 1, 'Plan Width': 14, 'Disabled': False, 'Plans': [{'Node Type': 'Gather', 'Parent Relationship': 'Outer', 'Parallel Aware': False, 'Async Capable': False, 'Startup Cost': 3393.62, 'Total Cost': 9830.49, 'Plan Rows': 2, 'Plan Width': 14, 'Disabled': False, 'Workers Planned': 2, 'Single Copy': False, 'Plans': [{'Node Type': 'Aggregate', 'Strategy': 'Sorted', 'Partial Mode': 'Partial', 'Parent Relationship': 'Outer', 'Parallel Aware': False, 'Async Capable': False, 'Startup Cost': 2393.62, 'Total Cost': 8830.29, 'Plan Rows': 1, 'Plan Width': 14, 'Disabled': False, 'Plans': [{'Node Type': 'Hash Join', 'Parent Relationship': 'Outer', 'Parallel Aware': False, 'Async Capable': False, 'Join Type': 'Inner', 'Startup Cost': 2393.62, 'Total Cost': 8700.85, 'Plan Rows': 51771, 'Plan Width': 10, 'Disabled': False, 'Inner Unique': True, 'Hash Cond': '(a.patient_id = p.patient_id)', 'Plans': [{'Node Type': 'Seq Scan', 'Parent Relationship': 'Outer', 'Parallel Aware': True, 'Async Capable': False, 'Relation Name': 'appointments', 'Alias': 'a', 'Startup Cost': 0.0, 'Total Cost': 5760.33, 'Plan Rows': 208333, 'Plan Width': 8, 'Disabled': False}, {'Node Type': 'Hash', 'Parent Relationship': 'Inner', 'Parallel Aware': False, 'Async Capable': False, 'Startup Cost': 2083.0, 'Total Cost': 2083.0, 'Plan Rows': 24850, 'Plan Width': 10, 'Disabled': False, 'Plans': [{'Node Type': 'Seq Scan', 'Parent Relationship': 'Outer', 'Parallel Aware': False, 'Async Capable': False, 'Relation Name': 'patients', 'Alias': 'p', 'Startup Cost': 0.0, 'Total Cost': 2083.0, 'Plan Rows': 24850, 'Plan Width': 10, 'Disabled': False, 'Filter': ""((city)::text = 'Lucknow'::text)""}]}]}]}]}]}}",97.77519991621375
Q778,2,"SELECT *
            FROM patients
            WHERE city = 'Mumbai';","{'Plan': {'Node Type': 'Seq Scan', 'Parallel Aware': False, 'Async Capable': False, 'Relation Name': 'patients', 'Alias': 'patients', 'Startup Cost': 0.0, 'Total Cost': 2083.0, 'Plan Rows': 25007, 'Plan Width': 32, 'Disabled': False, 'Filter': ""((city)::text = 'Mumbai'::text)""}}",35.37749988026917
Q779,2,"SELECT *
            FROM patients
            WHERE city = 'Delhi';","{'Plan': {'Node Type': 'Seq Scan', 'Parallel Aware': False, 'Async Capable': False, 'Relation Name': 'patients', 'Alias': 'patients', 'Startup Cost': 0.0, 'Total Cost': 2083.0, 'Plan Rows': 24947, 'Plan Width': 32, 'Disabled': False, 'Filter': ""((city)::text = 'Delhi'::text)""}}",38.588899886235595
Q780,5,"SELECT p.city, COUNT(a.appointment_id)
            FROM patients p
            JOIN appointments a
            ON p.patient_id = a.patient_id
            WHERE p.city = 'Mumbai'
            GROUP BY p.city;","{'Plan': {'Node Type': 'Aggregate', 'Strategy': 'Sorted', 'Partial Mode': 'Finalize', 'Parallel Aware': False, 'Async Capable': False, 'Startup Cost': 3395.59, 'Total Cost': 9833.29, 'Plan Rows': 1, 'Plan Width': 14, 'Disabled': False, 'Plans': [{'Node Type': 'Gather', 'Parent Relationship': 'Outer', 'Parallel Aware': False, 'Async Capable': False, 'Startup Cost': 3395.59, 'Total Cost': 9833.27, 'Plan Rows': 2, 'Plan Width': 14, 'Disabled': False, 'Workers Planned': 2, 'Single Copy': False, 'Plans': [{'Node Type': 'Aggregate', 'Strategy': 'Sorted', 'Partial Mode': 'Partial', 'Parent Relationship': 'Outer', 'Parallel Aware': False, 'Async Capable': False, 'Startup Cost': 2395.59, 'Total Cost': 8833.07, 'Plan Rows': 1, 'Plan Width': 14, 'Disabled': False, 'Plans': [{'Node Type': 'Hash Join', 'Parent Relationship': 'Outer', 'Parallel Aware': False, 'Async Capable': False, 'Join Type': 'Inner', 'Startup Cost': 2395.59, 'Total Cost': 8702.82, 'Plan Rows': 52098, 'Plan Width': 10, 'Disabled': False, 'Inner Unique': True, 'Hash Cond': '(a.patient_id = p.patient_id)', 'Plans': [{'Node Type': 'Seq Scan', 'Parent Relationship': 'Outer', 'Parallel Aware': True, 'Async Capable': False, 'Relation Name': 'appointments', 'Alias': 'a', 'Startup Cost': 0.0, 'Total Cost': 5760.33, 'Plan Rows': 208333, 'Plan Width': 8, 'Disabled': False}, {'Node Type': 'Hash', 'Parent Relationship': 'Inner', 'Parallel Aware': False, 'Async Capable': False, 'Startup Cost': 2083.0, 'Total Cost': 2083.0, 'Plan Rows': 25007, 'Plan Width': 10, 'Disabled': False, 'Plans': [{'Node Type': 'Seq Scan', 'Parent Relationship': 'Outer', 'Parallel Aware': False, 'Async Capable': False, 'Relation Name': 'patients', 'Alias': 'p', 'Startup Cost': 0.0, 'Total Cost': 2083.0, 'Plan Rows': 25007, 'Plan Width': 10, 'Disabled': False, 'Filter': ""((city)::text = 'Mumbai'::text)""}]}]}]}]}]}}",87.67049992457032
Q781,2,"SELECT *
            FROM patients
            WHERE city = 'Mumbai';","{'Plan': {'Node Type': 'Seq Scan', 'Parallel Aware': False, 'Async Capable': False, 'Relation Name': 'patients', 'Alias': 'patients', 'Startup Cost': 0.0, 'Total Cost': 2083.0, 'Plan Rows': 25007, 'Plan Width': 32, 'Disabled': False, 'Filter': ""((city)::text = 'Mumbai'::text)""}}",38.68419979698956
Q782,3,"SELECT city, COUNT(*)
            FROM patients
            GROUP BY city;","{'Plan': {'Node Type': 'Aggregate', 'Strategy': 'Hashed', 'Partial Mode': 'Simple', 'Parallel Aware': False, 'Async Capable': False, 'Startup Cost': 2333.0, 'Total Cost': 2333.04, 'Plan Rows': 4, 'Plan Width': 14, 'Disabled': False, 'Group Key': ['city'], 'Planned Partitions': 0, 'Plans': [{'Node Type': 'Seq Scan', 'Parent Relationship': 'Outer', 'Parallel Aware': False, 'Async Capable': False, 'Relation Name': 'patients', 'Alias': 'patients', 'Startup Cost': 0.0, 'Total Cost': 1833.0, 'Plan Rows': 100000, 'Plan Width': 6, 'Disabled': False}]}}",21.156999981030822
Q783,3,"SELECT city, COUNT(*)
            FROM patients
            GROUP BY city;","{'Plan': {'Node Type': 'Aggregate', 'Strategy': 'Hashed', 'Partial Mode': 'Simple', 'Parallel Aware': False, 'Async Capable': False, 'Startup Cost': 2333.0, 'Total Cost': 2333.04, 'Plan Rows': 4, 'Plan Width': 14, 'Disabled': False, 'Group Key': ['city'], 'Planned Partitions': 0, 'Plans': [{'Node Type': 'Seq Scan', 'Parent Relationship': 'Outer', 'Parallel Aware': False, 'Async Capable': False, 'Relation Name': 'patients', 'Alias': 'patients', 'Startup Cost': 0.0, 'Total Cost': 1833.0, 'Plan Rows': 100000, 'Plan Width': 6, 'Disabled': False}]}}",21.108000073581934
Q784,5,"SELECT p.city, COUNT(a.appointment_id)
            FROM patients p
            JOIN appointments a
            ON p.patient_id = a.patient_id
            WHERE p.city = 'Kanpur'
            GROUP BY p.city;","{'Plan': {'Node Type': 'Aggregate', 'Strategy': 'Sorted', 'Partial Mode': 'Finalize', 'Parallel Aware': False, 'Async Capable': False, 'Startup Cost': 3397.96, 'Total Cost': 9836.65, 'Plan Rows': 1, 'Plan Width': 14, 'Disabled': False, 'Plans': [{'Node Type': 'Gather', 'Parent Relationship': 'Outer', 'Parallel Aware': False, 'Async Capable': False, 'Startup Cost': 3397.96, 'Total Cost': 9836.64, 'Plan Rows': 2, 'Plan Width': 14, 'Disabled': False, 'Workers Planned': 2, 'Single Copy': False, 'Plans': [{'Node Type': 'Aggregate', 'Strategy': 'Sorted', 'Partial Mode': 'Partial', 'Parent Relationship': 'Outer', 'Parallel Aware': False, 'Async Capable': False, 'Startup Cost': 2397.96, 'Total Cost': 8836.44, 'Plan Rows': 1, 'Plan Width': 14, 'Disabled': False, 'Plans': [{'Node Type': 'Hash Join', 'Parent Relationship': 'Outer', 'Parallel Aware': False, 'Async Capable': False, 'Join Type': 'Inner', 'Startup Cost': 2397.96, 'Total Cost': 8705.19, 'Plan Rows': 52494, 'Plan Width': 10, 'Disabled': False, 'Inner Unique': True, 'Hash Cond': '(a.patient_id = p.patient_id)', 'Plans': [{'Node Type': 'Seq Scan', 'Parent Relationship': 'Outer', 'Parallel Aware': True, 'Async Capable': False, 'Relation Name': 'appointments', 'Alias': 'a', 'Startup Cost': 0.0, 'Total Cost': 5760.33, 'Plan Rows': 208333, 'Plan Width': 8, 'Disabled': False}, {'Node Type': 'Hash', 'Parent Relationship': 'Inner', 'Parallel Aware': False, 'Async Capable': False, 'Startup Cost': 2083.0, 'Total Cost': 2083.0, 'Plan Rows': 25197, 'Plan Width': 10, 'Disabled': False, 'Plans': [{'Node Type': 'Seq Scan', 'Parent Relationship': 'Outer', 'Parallel Aware': False, 'Async Capable': False, 'Relation Name': 'patients', 'Alias': 'p', 'Startup Cost': 0.0, 'Total Cost': 2083.0, 'Plan Rows': 25197, 'Plan Width': 10, 'Disabled': False, 'Filter': ""((city)::text = 'Kanpur'::text)""}]}]}]}]}]}}",93.60189992003143
Q785,3,"SELECT city, COUNT(*)
            FROM patients
            GROUP BY city;","{'Plan': {'Node Type': 'Aggregate', 'Strategy': 'Hashed', 'Partial Mode': 'Simple', 'Parallel Aware': False, 'Async Capable': False, 'Startup Cost': 2333.0, 'Total Cost': 2333.04, 'Plan Rows': 4, 'Plan Width': 14, 'Disabled': False, 'Group Key': ['city'], 'Planned Partitions': 0, 'Plans': [{'Node Type': 'Seq Scan', 'Parent Relationship': 'Outer', 'Parallel Aware': False, 'Async Capable': False, 'Relation Name': 'patients', 'Alias': 'patients', 'Startup Cost': 0.0, 'Total Cost': 1833.0, 'Plan Rows': 100000, 'Plan Width': 6, 'Disabled': False}]}}",19.418099895119667
Q786,1,"SELECT *
            FROM patients
            WHERE age > 48;","{'Plan': {'Node Type': 'Seq Scan', 'Parallel Aware': False, 'Async Capable': False, 'Relation Name': 'patients', 'Alias': 'patients', 'Startup Cost': 0.0, 'Total Cost': 2083.0, 'Plan Rows': 50297, 'Plan Width': 32, 'Disabled': False, 'Filter': '(age > 48)'}}",60.10060012340546
Q787,4,"SELECT p.name, a.appointment_date
            FROM patients p
            JOIN appointments a
            ON p.patient_id = a.patient_id;","{'Plan': {'Node Type': 'Hash Join', 'Parallel Aware': False, 'Async Capable': False, 'Join Type': 'Inner', 'Startup Cost': 3083.0, 'Total Cost': 13072.56, 'Plan Rows': 500000, 'Plan Width': 17, 'Disabled': False, 'Inner Unique': True, 'Hash Cond': '(a.patient_id = p.patient_id)', 'Plans': [{'Node Type': 'Seq Scan', 'Parent Relationship': 'Outer', 'Parallel Aware': False, 'Async Capable': False, 'Relation Name': 'appointments', 'Alias': 'a', 'Startup Cost': 0.0, 'Total Cost': 8677.0, 'Plan Rows': 500000, 'Plan Width': 8, 'Disabled': False}, {'Node Type': 'Hash', 'Parent Relationship': 'Inner', 'Parallel Aware': False, 'Async Capable': False, 'Startup Cost': 1833.0, 'Total Cost': 1833.0, 'Plan Rows': 100000, 'Plan Width': 17, 'Disabled': False, 'Plans': [{'Node Type': 'Seq Scan', 'Parent Relationship': 'Outer', 'Parallel Aware': False, 'Async Capable': False, 'Relation Name': 'patients', 'Alias': 'p', 'Startup Cost': 0.0, 'Total Cost': 1833.0, 'Plan Rows': 100000, 'Plan Width': 17, 'Disabled': False}]}]}}",665.0452998001128
Q788,2,"SELECT *
            FROM patients
            WHERE city = 'Kanpur';","{'Plan': {'Node Type': 'Seq Scan', 'Parallel Aware': False, 'Async Capable': False, 'Relation Name': 'patients', 'Alias': 'patients', 'Startup Cost': 0.0, 'Total Cost': 2083.0, 'Plan Rows': 25197, 'Plan Width': 32, 'Disabled': False, 'Filter': ""((city)::text = 'Kanpur'::text)""}}",44.42050005309284
Q789,4,"SELECT p.name, a.appointment_date
            FROM patients p
            JOIN appointments a
            ON p.patient_id = a.patient_id;","{'Plan': {'Node Type': 'Hash Join', 'Parallel Aware': False, 'Async Capable': False, 'Join Type': 'Inner', 'Startup Cost': 3083.0, 'Total Cost': 13072.56, 'Plan Rows': 500000, 'Plan Width': 17, 'Disabled': False, 'Inner Unique': True, 'Hash Cond': '(a.patient_id = p.patient_id)', 'Plans': [{'Node Type': 'Seq Scan', 'Parent Relationship': 'Outer', 'Parallel Aware': False, 'Async Capable': False, 'Relation Name': 'appointments', 'Alias': 'a', 'Startup Cost': 0.0, 'Total Cost': 8677.0, 'Plan Rows': 500000, 'Plan Width': 8, 'Disabled': False}, {'Node Type': 'Hash', 'Parent Relationship': 'Inner', 'Parallel Aware': False, 'Async Capable': False, 'Startup Cost': 1833.0, 'Total Cost': 1833.0, 'Plan Rows': 100000, 'Plan Width': 17, 'Disabled': False, 'Plans': [{'Node Type': 'Seq Scan', 'Parent Relationship': 'Outer', 'Parallel Aware': False, 'Async Capable': False, 'Relation Name': 'patients', 'Alias': 'p', 'Startup Cost': 0.0, 'Total Cost': 1833.0, 'Plan Rows': 100000, 'Plan Width': 17, 'Disabled': False}]}]}}",641.4171000942588
Q790,4,"SELECT p.name, a.appointment_date
            FROM patients p
            JOIN appointments a
            ON p.patient_id = a.patient_id;","{'Plan': {'Node Type': 'Hash Join', 'Parallel Aware': False, 'Async Capable': False, 'Join Type': 'Inner', 'Startup Cost': 3083.0, 'Total Cost': 13072.56, 'Plan Rows': 500000, 'Plan Width': 17, 'Disabled': False, 'Inner Unique': True, 'Hash Cond': '(a.patient_id = p.patient_id)', 'Plans': [{'Node Type': 'Seq Scan', 'Parent Relationship': 'Outer', 'Parallel Aware': False, 'Async Capable': False, 'Relation Name': 'appointments', 'Alias': 'a', 'Startup Cost': 0.0, 'Total Cost': 8677.0, 'Plan Rows': 500000, 'Plan Width': 8, 'Disabled': False}, {'Node Type': 'Hash', 'Parent Relationship': 'Inner', 'Parallel Aware': False, 'Async Capable': False, 'Startup Cost': 1833.0, 'Total Cost': 1833.0, 'Plan Rows': 100000, 'Plan Width': 17, 'Disabled': False, 'Plans': [{'Node Type': 'Seq Scan', 'Parent Relationship': 'Outer', 'Parallel Aware': False, 'Async Capable': False, 'Relation Name': 'patients', 'Alias': 'p', 'Startup Cost': 0.0, 'Total Cost': 1833.0, 'Plan Rows': 100000, 'Plan Width': 17, 'Disabled': False}]}]}}",622.8620000183582
Q791,5,"SELECT p.city, COUNT(a.appointment_id)
            FROM patients p
            JOIN appointments a
            ON p.patient_id = a.patient_id
            WHERE p.city = 'Mumbai'
            GROUP BY p.city;","{'Plan': {'Node Type': 'Aggregate', 'Strategy': 'Sorted', 'Partial Mode': 'Finalize', 'Parallel Aware': False, 'Async Capable': False, 'Startup Cost': 3395.59, 'Total Cost': 9833.29, 'Plan Rows': 1, 'Plan Width': 14, 'Disabled': False, 'Plans': [{'Node Type': 'Gather', 'Parent Relationship': 'Outer', 'Parallel Aware': False, 'Async Capable': False, 'Startup Cost': 3395.59, 'Total Cost': 9833.27, 'Plan Rows': 2, 'Plan Width': 14, 'Disabled': False, 'Workers Planned': 2, 'Single Copy': False, 'Plans': [{'Node Type': 'Aggregate', 'Strategy': 'Sorted', 'Partial Mode': 'Partial', 'Parent Relationship': 'Outer', 'Parallel Aware': False, 'Async Capable': False, 'Startup Cost': 2395.59, 'Total Cost': 8833.07, 'Plan Rows': 1, 'Plan Width': 14, 'Disabled': False, 'Plans': [{'Node Type': 'Hash Join', 'Parent Relationship': 'Outer', 'Parallel Aware': False, 'Async Capable': False, 'Join Type': 'Inner', 'Startup Cost': 2395.59, 'Total Cost': 8702.82, 'Plan Rows': 52098, 'Plan Width': 10, 'Disabled': False, 'Inner Unique': True, 'Hash Cond': '(a.patient_id = p.patient_id)', 'Plans': [{'Node Type': 'Seq Scan', 'Parent Relationship': 'Outer', 'Parallel Aware': True, 'Async Capable': False, 'Relation Name': 'appointments', 'Alias': 'a', 'Startup Cost': 0.0, 'Total Cost': 5760.33, 'Plan Rows': 208333, 'Plan Width': 8, 'Disabled': False}, {'Node Type': 'Hash', 'Parent Relationship': 'Inner', 'Parallel Aware': False, 'Async Capable': False, 'Startup Cost': 2083.0, 'Total Cost': 2083.0, 'Plan Rows': 25007, 'Plan Width': 10, 'Disabled': False, 'Plans': [{'Node Type': 'Seq Scan', 'Parent Relationship': 'Outer', 'Parallel Aware': False, 'Async Capable': False, 'Relation Name': 'patients', 'Alias': 'p', 'Startup Cost': 0.0, 'Total Cost': 2083.0, 'Plan Rows': 25007, 'Plan Width': 10, 'Disabled': False, 'Filter': ""((city)::text = 'Mumbai'::text)""}]}]}]}]}]}}",83.7230000179261
Q792,2,"SELECT *
            FROM patients
            WHERE city = 'Lucknow';","{'Plan': {'Node Type': 'Seq Scan', 'Parallel Aware': False, 'Async Capable': False, 'Relation Name': 'patients', 'Alias': 'patients', 'Startup Cost': 0.0, 'Total Cost': 2083.0, 'Plan Rows': 24850, 'Plan Width': 32, 'Disabled': False, 'Filter': ""((city)::text = 'Lucknow'::text)""}}",35.077800042927265
Q793,2,"SELECT *
            FROM patients
            WHERE city = 'Lucknow';","{'Plan': {'Node Type': 'Seq Scan', 'Parallel Aware': False, 'Async Capable': False, 'Relation Name': 'patients', 'Alias': 'patients', 'Startup Cost': 0.0, 'Total Cost': 2083.0, 'Plan Rows': 24850, 'Plan Width': 32, 'Disabled': False, 'Filter': ""((city)::text = 'Lucknow'::text)""}}",44.426100095734
Q794,1,"SELECT *
            FROM patients
            WHERE age > 18;","{'Plan': {'Node Type': 'Seq Scan', 'Parallel Aware': False, 'Async Capable': False, 'Relation Name': 'patients', 'Alias': 'patients', 'Startup Cost': 0.0, 'Total Cost': 2083.0, 'Plan Rows': 98410, 'Plan Width': 32, 'Disabled': False, 'Filter': '(age > 18)'}}",106.73410003073514
Q795,1,"SELECT *
            FROM patients
            WHERE age > 28;","{'Plan': {'Node Type': 'Seq Scan', 'Parallel Aware': False, 'Async Capable': False, 'Relation Name': 'patients', 'Alias': 'patients', 'Startup Cost': 0.0, 'Total Cost': 2083.0, 'Plan Rows': 82527, 'Plan Width': 32, 'Disabled': False, 'Filter': '(age > 28)'}}",68.1843999773264
Q796,4,"SELECT p.name, a.appointment_date
            FROM patients p
            JOIN appointments a
            ON p.patient_id = a.patient_id;","{'Plan': {'Node Type': 'Hash Join', 'Parallel Aware': False, 'Async Capable': False, 'Join Type': 'Inner', 'Startup Cost': 3083.0, 'Total Cost': 13072.56, 'Plan Rows': 500000, 'Plan Width': 17, 'Disabled': False, 'Inner Unique': True, 'Hash Cond': '(a.patient_id = p.patient_id)', 'Plans': [{'Node Type': 'Seq Scan', 'Parent Relationship': 'Outer', 'Parallel Aware': False, 'Async Capable': False, 'Relation Name': 'appointments', 'Alias': 'a', 'Startup Cost': 0.0, 'Total Cost': 8677.0, 'Plan Rows': 500000, 'Plan Width': 8, 'Disabled': False}, {'Node Type': 'Hash', 'Parent Relationship': 'Inner', 'Parallel Aware': False, 'Async Capable': False, 'Startup Cost': 1833.0, 'Total Cost': 1833.0, 'Plan Rows': 100000, 'Plan Width': 17, 'Disabled': False, 'Plans': [{'Node Type': 'Seq Scan', 'Parent Relationship': 'Outer', 'Parallel Aware': False, 'Async Capable': False, 'Relation Name': 'patients', 'Alias': 'p', 'Startup Cost': 0.0, 'Total Cost': 1833.0, 'Plan Rows': 100000, 'Plan Width': 17, 'Disabled': False}]}]}}",625.3295000642538
Q797,4,"SELECT p.name, a.appointment_date
            FROM patients p
            JOIN appointments a
            ON p.patient_id = a.patient_id;","{'Plan': {'Node Type': 'Hash Join', 'Parallel Aware': False, 'Async Capable': False, 'Join Type': 'Inner', 'Startup Cost': 3083.0, 'Total Cost': 13072.56, 'Plan Rows': 500000, 'Plan Width': 17, 'Disabled': False, 'Inner Unique': True, 'Hash Cond': '(a.patient_id = p.patient_id)', 'Plans': [{'Node Type': 'Seq Scan', 'Parent Relationship': 'Outer', 'Parallel Aware': False, 'Async Capable': False, 'Relation Name': 'appointments', 'Alias': 'a', 'Startup Cost': 0.0, 'Total Cost': 8677.0, 'Plan Rows': 500000, 'Plan Width': 8, 'Disabled': False}, {'Node Type': 'Hash', 'Parent Relationship': 'Inner', 'Parallel Aware': False, 'Async Capable': False, 'Startup Cost': 1833.0, 'Total Cost': 1833.0, 'Plan Rows': 100000, 'Plan Width': 17, 'Disabled': False, 'Plans': [{'Node Type': 'Seq Scan', 'Parent Relationship': 'Outer', 'Parallel Aware': False, 'Async Capable': False, 'Relation Name': 'patients', 'Alias': 'p', 'Startup Cost': 0.0, 'Total Cost': 1833.0, 'Plan Rows': 100000, 'Plan Width': 17, 'Disabled': False}]}]}}",614.1840999480337
Q798,3,"SELECT city, COUNT(*)
            FROM patients
            GROUP BY city;","{'Plan': {'Node Type': 'Aggregate', 'Strategy': 'Hashed', 'Partial Mode': 'Simple', 'Parallel Aware': False, 'Async Capable': False, 'Startup Cost': 2333.0, 'Total Cost': 2333.04, 'Plan Rows': 4, 'Plan Width': 14, 'Disabled': False, 'Group Key': ['city'], 'Planned Partitions': 0, 'Plans': [{'Node Type': 'Seq Scan', 'Parent Relationship': 'Outer', 'Parallel Aware': False, 'Async Capable': False, 'Relation Name': 'patients', 'Alias': 'patients', 'Startup Cost': 0.0, 'Total Cost': 1833.0, 'Plan Rows': 100000, 'Plan Width': 6, 'Disabled': False}]}}",14.08699993044138
Q799,2,"SELECT *
            FROM patients
            WHERE city = 'Mumbai';","{'Plan': {'Node Type': 'Seq Scan', 'Parallel Aware': False, 'Async Capable': False, 'Relation Name': 'patients', 'Alias': 'patients', 'Startup Cost': 0.0, 'Total Cost': 2083.0, 'Plan Rows': 25007, 'Plan Width': 32, 'Disabled': False, 'Filter': ""((city)::text = 'Mumbai'::text)""}}",33.418399980291724
Q800,3,"SELECT city, COUNT(*)
            FROM patients
            GROUP BY city;","{'Plan': {'Node Type': 'Aggregate', 'Strategy': 'Hashed', 'Partial Mode': 'Simple', 'Parallel Aware': False, 'Async Capable': False, 'Startup Cost': 2333.0, 'Total Cost': 2333.04, 'Plan Rows': 4, 'Plan Width': 14, 'Disabled': False, 'Group Key': ['city'], 'Planned Partitions': 0, 'Plans': [{'Node Type': 'Seq Scan', 'Parent Relationship': 'Outer', 'Parallel Aware': False, 'Async Capable': False, 'Relation Name': 'patients', 'Alias': 'patients', 'Startup Cost': 0.0, 'Total Cost': 1833.0, 'Plan Rows': 100000, 'Plan Width': 6, 'Disabled': False}]}}",13.889299938455224
Q801,5,"SELECT p.city, COUNT(a.appointment_id)
            FROM patients p
            JOIN appointments a
            ON p.patient_id = a.patient_id
            WHERE p.city = 'Lucknow'
            GROUP BY p.city;","{'Plan': {'Node Type': 'Aggregate', 'Strategy': 'Sorted', 'Partial Mode': 'Finalize', 'Parallel Aware': False, 'Async Capable': False, 'Startup Cost': 3393.62, 'Total Cost': 9830.51, 'Plan Rows': 1, 'Plan Width': 14, 'Disabled': False, 'Plans': [{'Node Type': 'Gather', 'Parent Relationship': 'Outer', 'Parallel Aware': False, 'Async Capable': False, 'Startup Cost': 3393.62, 'Total Cost': 9830.49, 'Plan Rows': 2, 'Plan Width': 14, 'Disabled': False, 'Workers Planned': 2, 'Single Copy': False, 'Plans': [{'Node Type': 'Aggregate', 'Strategy': 'Sorted', 'Partial Mode': 'Partial', 'Parent Relationship': 'Outer', 'Parallel Aware': False, 'Async Capable': False, 'Startup Cost': 2393.62, 'Total Cost': 8830.29, 'Plan Rows': 1, 'Plan Width': 14, 'Disabled': False, 'Plans': [{'Node Type': 'Hash Join', 'Parent Relationship': 'Outer', 'Parallel Aware': False, 'Async Capable': False, 'Join Type': 'Inner', 'Startup Cost': 2393.62, 'Total Cost': 8700.85, 'Plan Rows': 51771, 'Plan Width': 10, 'Disabled': False, 'Inner Unique': True, 'Hash Cond': '(a.patient_id = p.patient_id)', 'Plans': [{'Node Type': 'Seq Scan', 'Parent Relationship': 'Outer', 'Parallel Aware': True, 'Async Capable': False, 'Relation Name': 'appointments', 'Alias': 'a', 'Startup Cost': 0.0, 'Total Cost': 5760.33, 'Plan Rows': 208333, 'Plan Width': 8, 'Disabled': False}, {'Node Type': 'Hash', 'Parent Relationship': 'Inner', 'Parallel Aware': False, 'Async Capable': False, 'Startup Cost': 2083.0, 'Total Cost': 2083.0, 'Plan Rows': 24850, 'Plan Width': 10, 'Disabled': False, 'Plans': [{'Node Type': 'Seq Scan', 'Parent Relationship': 'Outer', 'Parallel Aware': False, 'Async Capable': False, 'Relation Name': 'patients', 'Alias': 'p', 'Startup Cost': 0.0, 'Total Cost': 2083.0, 'Plan Rows': 24850, 'Plan Width': 10, 'Disabled': False, 'Filter': ""((city)::text = 'Lucknow'::text)""}]}]}]}]}]}}",87.23190007731318
Q802,3,"SELECT city, COUNT(*)
            FROM patients
            GROUP BY city;","{'Plan': {'Node Type': 'Aggregate', 'Strategy': 'Hashed', 'Partial Mode': 'Simple', 'Parallel Aware': False, 'Async Capable': False, 'Startup Cost': 2333.0, 'Total Cost': 2333.04, 'Plan Rows': 4, 'Plan Width': 14, 'Disabled': False, 'Group Key': ['city'], 'Planned Partitions': 0, 'Plans': [{'Node Type': 'Seq Scan', 'Parent Relationship': 'Outer', 'Parallel Aware': False, 'Async Capable': False, 'Relation Name': 'patients', 'Alias': 'patients', 'Startup Cost': 0.0, 'Total Cost': 1833.0, 'Plan Rows': 100000, 'Plan Width': 6, 'Disabled': False}]}}",19.127799896523356
Q803,4,"SELECT p.name, a.appointment_date
            FROM patients p
            JOIN appointments a
            ON p.patient_id = a.patient_id;","{'Plan': {'Node Type': 'Hash Join', 'Parallel Aware': False, 'Async Capable': False, 'Join Type': 'Inner', 'Startup Cost': 3083.0, 'Total Cost': 13072.56, 'Plan Rows': 500000, 'Plan Width': 17, 'Disabled': False, 'Inner Unique': True, 'Hash Cond': '(a.patient_id = p.patient_id)', 'Plans': [{'Node Type': 'Seq Scan', 'Parent Relationship': 'Outer', 'Parallel Aware': False, 'Async Capable': False, 'Relation Name': 'appointments', 'Alias': 'a', 'Startup Cost': 0.0, 'Total Cost': 8677.0, 'Plan Rows': 500000, 'Plan Width': 8, 'Disabled': False}, {'Node Type': 'Hash', 'Parent Relationship': 'Inner', 'Parallel Aware': False, 'Async Capable': False, 'Startup Cost': 1833.0, 'Total Cost': 1833.0, 'Plan Rows': 100000, 'Plan Width': 17, 'Disabled': False, 'Plans': [{'Node Type': 'Seq Scan', 'Parent Relationship': 'Outer', 'Parallel Aware': False, 'Async Capable': False, 'Relation Name': 'patients', 'Alias': 'p', 'Startup Cost': 0.0, 'Total Cost': 1833.0, 'Plan Rows': 100000, 'Plan Width': 17, 'Disabled': False}]}]}}",634.4560999423265
Q804,1,"SELECT *
            FROM patients
            WHERE age > 49;","{'Plan': {'Node Type': 'Seq Scan', 'Parallel Aware': False, 'Async Capable': False, 'Relation Name': 'patients', 'Alias': 'patients', 'Startup Cost': 0.0, 'Total Cost': 2083.0, 'Plan Rows': 48740, 'Plan Width': 32, 'Disabled': False, 'Filter': '(age > 49)'}}",44.23479991964996
Q805,4,"SELECT p.name, a.appointment_date
            FROM patients p
            JOIN appointments a
            ON p.patient_id = a.patient_id;","{'Plan': {'Node Type': 'Hash Join', 'Parallel Aware': False, 'Async Capable': False, 'Join Type': 'Inner', 'Startup Cost': 3083.0, 'Total Cost': 13072.56, 'Plan Rows': 500000, 'Plan Width': 17, 'Disabled': False, 'Inner Unique': True, 'Hash Cond': '(a.patient_id = p.patient_id)', 'Plans': [{'Node Type': 'Seq Scan', 'Parent Relationship': 'Outer', 'Parallel Aware': False, 'Async Capable': False, 'Relation Name': 'appointments', 'Alias': 'a', 'Startup Cost': 0.0, 'Total Cost': 8677.0, 'Plan Rows': 500000, 'Plan Width': 8, 'Disabled': False}, {'Node Type': 'Hash', 'Parent Relationship': 'Inner', 'Parallel Aware': False, 'Async Capable': False, 'Startup Cost': 1833.0, 'Total Cost': 1833.0, 'Plan Rows': 100000, 'Plan Width': 17, 'Disabled': False, 'Plans': [{'Node Type': 'Seq Scan', 'Parent Relationship': 'Outer', 'Parallel Aware': False, 'Async Capable': False, 'Relation Name': 'patients', 'Alias': 'p', 'Startup Cost': 0.0, 'Total Cost': 1833.0, 'Plan Rows': 100000, 'Plan Width': 17, 'Disabled': False}]}]}}",573.0832999106497
Q806,1,"SELECT *
            FROM patients
            WHERE age > 40;","{'Plan': {'Node Type': 'Seq Scan', 'Parallel Aware': False, 'Async Capable': False, 'Relation Name': 'patients', 'Alias': 'patients', 'Startup Cost': 0.0, 'Total Cost': 2083.0, 'Plan Rows': 63643, 'Plan Width': 32, 'Disabled': False, 'Filter': '(age > 40)'}}",60.051100095734
Q807,3,"SELECT city, COUNT(*)
            FROM patients
            GROUP BY city;","{'Plan': {'Node Type': 'Aggregate', 'Strategy': 'Hashed', 'Partial Mode': 'Simple', 'Parallel Aware': False, 'Async Capable': False, 'Startup Cost': 2333.0, 'Total Cost': 2333.04, 'Plan Rows': 4, 'Plan Width': 14, 'Disabled': False, 'Group Key': ['city'], 'Planned Partitions': 0, 'Plans': [{'Node Type': 'Seq Scan', 'Parent Relationship': 'Outer', 'Parallel Aware': False, 'Async Capable': False, 'Relation Name': 'patients', 'Alias': 'patients', 'Startup Cost': 0.0, 'Total Cost': 1833.0, 'Plan Rows': 100000, 'Plan Width': 6, 'Disabled': False}]}}",14.612100087106228
Q808,3,"SELECT city, COUNT(*)
            FROM patients
            GROUP BY city;","{'Plan': {'Node Type': 'Aggregate', 'Strategy': 'Hashed', 'Partial Mode': 'Simple', 'Parallel Aware': False, 'Async Capable': False, 'Startup Cost': 2333.0, 'Total Cost': 2333.04, 'Plan Rows': 4, 'Plan Width': 14, 'Disabled': False, 'Group Key': ['city'], 'Planned Partitions': 0, 'Plans': [{'Node Type': 'Seq Scan', 'Parent Relationship': 'Outer', 'Parallel Aware': False, 'Async Capable': False, 'Relation Name': 'patients', 'Alias': 'patients', 'Startup Cost': 0.0, 'Total Cost': 1833.0, 'Plan Rows': 100000, 'Plan Width': 6, 'Disabled': False}]}}",13.850999996066093
Q809,5,"SELECT p.city, COUNT(a.appointment_id)
            FROM patients p
            JOIN appointments a
            ON p.patient_id = a.patient_id
            WHERE p.city = 'Lucknow'
            GROUP BY p.city;","{'Plan': {'Node Type': 'Aggregate', 'Strategy': 'Sorted', 'Partial Mode': 'Finalize', 'Parallel Aware': False, 'Async Capable': False, 'Startup Cost': 3393.62, 'Total Cost': 9830.51, 'Plan Rows': 1, 'Plan Width': 14, 'Disabled': False, 'Plans': [{'Node Type': 'Gather', 'Parent Relationship': 'Outer', 'Parallel Aware': False, 'Async Capable': False, 'Startup Cost': 3393.62, 'Total Cost': 9830.49, 'Plan Rows': 2, 'Plan Width': 14, 'Disabled': False, 'Workers Planned': 2, 'Single Copy': False, 'Plans': [{'Node Type': 'Aggregate', 'Strategy': 'Sorted', 'Partial Mode': 'Partial', 'Parent Relationship': 'Outer', 'Parallel Aware': False, 'Async Capable': False, 'Startup Cost': 2393.62, 'Total Cost': 8830.29, 'Plan Rows': 1, 'Plan Width': 14, 'Disabled': False, 'Plans': [{'Node Type': 'Hash Join', 'Parent Relationship': 'Outer', 'Parallel Aware': False, 'Async Capable': False, 'Join Type': 'Inner', 'Startup Cost': 2393.62, 'Total Cost': 8700.85, 'Plan Rows': 51771, 'Plan Width': 10, 'Disabled': False, 'Inner Unique': True, 'Hash Cond': '(a.patient_id = p.patient_id)', 'Plans': [{'Node Type': 'Seq Scan', 'Parent Relationship': 'Outer', 'Parallel Aware': True, 'Async Capable': False, 'Relation Name': 'appointments', 'Alias': 'a', 'Startup Cost': 0.0, 'Total Cost': 5760.33, 'Plan Rows': 208333, 'Plan Width': 8, 'Disabled': False}, {'Node Type': 'Hash', 'Parent Relationship': 'Inner', 'Parallel Aware': False, 'Async Capable': False, 'Startup Cost': 2083.0, 'Total Cost': 2083.0, 'Plan Rows': 24850, 'Plan Width': 10, 'Disabled': False, 'Plans': [{'Node Type': 'Seq Scan', 'Parent Relationship': 'Outer', 'Parallel Aware': False, 'Async Capable': False, 'Relation Name': 'patients', 'Alias': 'p', 'Startup Cost': 0.0, 'Total Cost': 2083.0, 'Plan Rows': 24850, 'Plan Width': 10, 'Disabled': False, 'Filter': ""((city)::text = 'Lucknow'::text)""}]}]}]}]}]}}",177.76359990239143
Q810,1,"SELECT *
            FROM patients
            WHERE age > 67;","{'Plan': {'Node Type': 'Seq Scan', 'Parallel Aware': False, 'Async Capable': False, 'Relation Name': 'patients', 'Alias': 'patients', 'Startup Cost': 0.0, 'Total Cost': 2083.0, 'Plan Rows': 20623, 'Plan Width': 32, 'Disabled': False, 'Filter': '(age > 67)'}}",26.332099922001362
Q811,5,"SELECT p.city, COUNT(a.appointment_id)
            FROM patients p
            JOIN appointments a
            ON p.patient_id = a.patient_id
            WHERE p.city = 'Lucknow'
            GROUP BY p.city;","{'Plan': {'Node Type': 'Aggregate', 'Strategy': 'Sorted', 'Partial Mode': 'Finalize', 'Parallel Aware': False, 'Async Capable': False, 'Startup Cost': 3393.62, 'Total Cost': 9830.51, 'Plan Rows': 1, 'Plan Width': 14, 'Disabled': False, 'Plans': [{'Node Type': 'Gather', 'Parent Relationship': 'Outer', 'Parallel Aware': False, 'Async Capable': False, 'Startup Cost': 3393.62, 'Total Cost': 9830.49, 'Plan Rows': 2, 'Plan Width': 14, 'Disabled': False, 'Workers Planned': 2, 'Single Copy': False, 'Plans': [{'Node Type': 'Aggregate', 'Strategy': 'Sorted', 'Partial Mode': 'Partial', 'Parent Relationship': 'Outer', 'Parallel Aware': False, 'Async Capable': False, 'Startup Cost': 2393.62, 'Total Cost': 8830.29, 'Plan Rows': 1, 'Plan Width': 14, 'Disabled': False, 'Plans': [{'Node Type': 'Hash Join', 'Parent Relationship': 'Outer', 'Parallel Aware': False, 'Async Capable': False, 'Join Type': 'Inner', 'Startup Cost': 2393.62, 'Total Cost': 8700.85, 'Plan Rows': 51771, 'Plan Width': 10, 'Disabled': False, 'Inner Unique': True, 'Hash Cond': '(a.patient_id = p.patient_id)', 'Plans': [{'Node Type': 'Seq Scan', 'Parent Relationship': 'Outer', 'Parallel Aware': True, 'Async Capable': False, 'Relation Name': 'appointments', 'Alias': 'a', 'Startup Cost': 0.0, 'Total Cost': 5760.33, 'Plan Rows': 208333, 'Plan Width': 8, 'Disabled': False}, {'Node Type': 'Hash', 'Parent Relationship': 'Inner', 'Parallel Aware': False, 'Async Capable': False, 'Startup Cost': 2083.0, 'Total Cost': 2083.0, 'Plan Rows': 24850, 'Plan Width': 10, 'Disabled': False, 'Plans': [{'Node Type': 'Seq Scan', 'Parent Relationship': 'Outer', 'Parallel Aware': False, 'Async Capable': False, 'Relation Name': 'patients', 'Alias': 'p', 'Startup Cost': 0.0, 'Total Cost': 2083.0, 'Plan Rows': 24850, 'Plan Width': 10, 'Disabled': False, 'Filter': ""((city)::text = 'Lucknow'::text)""}]}]}]}]}]}}",90.1381999719888
Q812,4,"SELECT p.name, a.appointment_date
            FROM patients p
            JOIN appointments a
            ON p.patient_id = a.patient_id;","{'Plan': {'Node Type': 'Hash Join', 'Parallel Aware': False, 'Async Capable': False, 'Join Type': 'Inner', 'Startup Cost': 3083.0, 'Total Cost': 13072.56, 'Plan Rows': 500000, 'Plan Width': 17, 'Disabled': False, 'Inner Unique': True, 'Hash Cond': '(a.patient_id = p.patient_id)', 'Plans': [{'Node Type': 'Seq Scan', 'Parent Relationship': 'Outer', 'Parallel Aware': False, 'Async Capable': False, 'Relation Name': 'appointments', 'Alias': 'a', 'Startup Cost': 0.0, 'Total Cost': 8677.0, 'Plan Rows': 500000, 'Plan Width': 8, 'Disabled': False}, {'Node Type': 'Hash', 'Parent Relationship': 'Inner', 'Parallel Aware': False, 'Async Capable': False, 'Startup Cost': 1833.0, 'Total Cost': 1833.0, 'Plan Rows': 100000, 'Plan Width': 17, 'Disabled': False, 'Plans': [{'Node Type': 'Seq Scan', 'Parent Relationship': 'Outer', 'Parallel Aware': False, 'Async Capable': False, 'Relation Name': 'patients', 'Alias': 'p', 'Startup Cost': 0.0, 'Total Cost': 1833.0, 'Plan Rows': 100000, 'Plan Width': 17, 'Disabled': False}]}]}}",613.2223000749946
Q813,2,"SELECT *
            FROM patients
            WHERE city = 'Delhi';","{'Plan': {'Node Type': 'Seq Scan', 'Parallel Aware': False, 'Async Capable': False, 'Relation Name': 'patients', 'Alias': 'patients', 'Startup Cost': 0.0, 'Total Cost': 2083.0, 'Plan Rows': 24947, 'Plan Width': 32, 'Disabled': False, 'Filter': ""((city)::text = 'Delhi'::text)""}}",36.439099814742804
Q814,5,"SELECT p.city, COUNT(a.appointment_id)
            FROM patients p
            JOIN appointments a
            ON p.patient_id = a.patient_id
            WHERE p.city = 'Mumbai'
            GROUP BY p.city;","{'Plan': {'Node Type': 'Aggregate', 'Strategy': 'Sorted', 'Partial Mode': 'Finalize', 'Parallel Aware': False, 'Async Capable': False, 'Startup Cost': 3395.59, 'Total Cost': 9833.29, 'Plan Rows': 1, 'Plan Width': 14, 'Disabled': False, 'Plans': [{'Node Type': 'Gather', 'Parent Relationship': 'Outer', 'Parallel Aware': False, 'Async Capable': False, 'Startup Cost': 3395.59, 'Total Cost': 9833.27, 'Plan Rows': 2, 'Plan Width': 14, 'Disabled': False, 'Workers Planned': 2, 'Single Copy': False, 'Plans': [{'Node Type': 'Aggregate', 'Strategy': 'Sorted', 'Partial Mode': 'Partial', 'Parent Relationship': 'Outer', 'Parallel Aware': False, 'Async Capable': False, 'Startup Cost': 2395.59, 'Total Cost': 8833.07, 'Plan Rows': 1, 'Plan Width': 14, 'Disabled': False, 'Plans': [{'Node Type': 'Hash Join', 'Parent Relationship': 'Outer', 'Parallel Aware': False, 'Async Capable': False, 'Join Type': 'Inner', 'Startup Cost': 2395.59, 'Total Cost': 8702.82, 'Plan Rows': 52098, 'Plan Width': 10, 'Disabled': False, 'Inner Unique': True, 'Hash Cond': '(a.patient_id = p.patient_id)', 'Plans': [{'Node Type': 'Seq Scan', 'Parent Relationship': 'Outer', 'Parallel Aware': True, 'Async Capable': False, 'Relation Name': 'appointments', 'Alias': 'a', 'Startup Cost': 0.0, 'Total Cost': 5760.33, 'Plan Rows': 208333, 'Plan Width': 8, 'Disabled': False}, {'Node Type': 'Hash', 'Parent Relationship': 'Inner', 'Parallel Aware': False, 'Async Capable': False, 'Startup Cost': 2083.0, 'Total Cost': 2083.0, 'Plan Rows': 25007, 'Plan Width': 10, 'Disabled': False, 'Plans': [{'Node Type': 'Seq Scan', 'Parent Relationship': 'Outer', 'Parallel Aware': False, 'Async Capable': False, 'Relation Name': 'patients', 'Alias': 'p', 'Startup Cost': 0.0, 'Total Cost': 2083.0, 'Plan Rows': 25007, 'Plan Width': 10, 'Disabled': False, 'Filter': ""((city)::text = 'Mumbai'::text)""}]}]}]}]}]}}",85.31909994781017
Q815,2,"SELECT *
            FROM patients
            WHERE city = 'Kanpur';","{'Plan': {'Node Type': 'Seq Scan', 'Parallel Aware': False, 'Async Capable': False, 'Relation Name': 'patients', 'Alias': 'patients', 'Startup Cost': 0.0, 'Total Cost': 2083.0, 'Plan Rows': 25197, 'Plan Width': 32, 'Disabled': False, 'Filter': ""((city)::text = 'Kanpur'::text)""}}",31.998200109228492
Q816,4,"SELECT p.name, a.appointment_date
            FROM patients p
            JOIN appointments a
            ON p.patient_id = a.patient_id;","{'Plan': {'Node Type': 'Hash Join', 'Parallel Aware': False, 'Async Capable': False, 'Join Type': 'Inner', 'Startup Cost': 3083.0, 'Total Cost': 13072.56, 'Plan Rows': 500000, 'Plan Width': 17, 'Disabled': False, 'Inner Unique': True, 'Hash Cond': '(a.patient_id = p.patient_id)', 'Plans': [{'Node Type': 'Seq Scan', 'Parent Relationship': 'Outer', 'Parallel Aware': False, 'Async Capable': False, 'Relation Name': 'appointments', 'Alias': 'a', 'Startup Cost': 0.0, 'Total Cost': 8677.0, 'Plan Rows': 500000, 'Plan Width': 8, 'Disabled': False}, {'Node Type': 'Hash', 'Parent Relationship': 'Inner', 'Parallel Aware': False, 'Async Capable': False, 'Startup Cost': 1833.0, 'Total Cost': 1833.0, 'Plan Rows': 100000, 'Plan Width': 17, 'Disabled': False, 'Plans': [{'Node Type': 'Seq Scan', 'Parent Relationship': 'Outer', 'Parallel Aware': False, 'Async Capable': False, 'Relation Name': 'patients', 'Alias': 'p', 'Startup Cost': 0.0, 'Total Cost': 1833.0, 'Plan Rows': 100000, 'Plan Width': 17, 'Disabled': False}]}]}}",618.9085999503732
Q817,1,"SELECT *
            FROM patients
            WHERE age > 20;","{'Plan': {'Node Type': 'Seq Scan', 'Parallel Aware': False, 'Async Capable': False, 'Relation Name': 'patients', 'Alias': 'patients', 'Startup Cost': 0.0, 'Total Cost': 2083.0, 'Plan Rows': 95297, 'Plan Width': 32, 'Disabled': False, 'Filter': '(age > 20)'}}",85.84429998882115
Q818,1,"SELECT *
            FROM patients
            WHERE age > 52;","{'Plan': {'Node Type': 'Seq Scan', 'Parallel Aware': False, 'Async Capable': False, 'Relation Name': 'patients', 'Alias': 'patients', 'Startup Cost': 0.0, 'Total Cost': 2083.0, 'Plan Rows': 43903, 'Plan Width': 32, 'Disabled': False, 'Filter': '(age > 52)'}}",39.87179999239743
Q819,2,"SELECT *
            FROM patients
            WHERE city = 'Delhi';","{'Plan': {'Node Type': 'Seq Scan', 'Parallel Aware': False, 'Async Capable': False, 'Relation Name': 'patients', 'Alias': 'patients', 'Startup Cost': 0.0, 'Total Cost': 2083.0, 'Plan Rows': 24947, 'Plan Width': 32, 'Disabled': False, 'Filter': ""((city)::text = 'Delhi'::text)""}}",38.12989988364279
Q820,4,"SELECT p.name, a.appointment_date
            FROM patients p
            JOIN appointments a
            ON p.patient_id = a.patient_id;","{'Plan': {'Node Type': 'Hash Join', 'Parallel Aware': False, 'Async Capable': False, 'Join Type': 'Inner', 'Startup Cost': 3083.0, 'Total Cost': 13072.56, 'Plan Rows': 500000, 'Plan Width': 17, 'Disabled': False, 'Inner Unique': True, 'Hash Cond': '(a.patient_id = p.patient_id)', 'Plans': [{'Node Type': 'Seq Scan', 'Parent Relationship': 'Outer', 'Parallel Aware': False, 'Async Capable': False, 'Relation Name': 'appointments', 'Alias': 'a', 'Startup Cost': 0.0, 'Total Cost': 8677.0, 'Plan Rows': 500000, 'Plan Width': 8, 'Disabled': False}, {'Node Type': 'Hash', 'Parent Relationship': 'Inner', 'Parallel Aware': False, 'Async Capable': False, 'Startup Cost': 1833.0, 'Total Cost': 1833.0, 'Plan Rows': 100000, 'Plan Width': 17, 'Disabled': False, 'Plans': [{'Node Type': 'Seq Scan', 'Parent Relationship': 'Outer', 'Parallel Aware': False, 'Async Capable': False, 'Relation Name': 'patients', 'Alias': 'p', 'Startup Cost': 0.0, 'Total Cost': 1833.0, 'Plan Rows': 100000, 'Plan Width': 17, 'Disabled': False}]}]}}",625.5723000504076
Q821,5,"SELECT p.city, COUNT(a.appointment_id)
            FROM patients p
            JOIN appointments a
            ON p.patient_id = a.patient_id
            WHERE p.city = 'Kanpur'
            GROUP BY p.city;","{'Plan': {'Node Type': 'Aggregate', 'Strategy': 'Sorted', 'Partial Mode': 'Finalize', 'Parallel Aware': False, 'Async Capable': False, 'Startup Cost': 3397.96, 'Total Cost': 9836.65, 'Plan Rows': 1, 'Plan Width': 14, 'Disabled': False, 'Plans': [{'Node Type': 'Gather', 'Parent Relationship': 'Outer', 'Parallel Aware': False, 'Async Capable': False, 'Startup Cost': 3397.96, 'Total Cost': 9836.64, 'Plan Rows': 2, 'Plan Width': 14, 'Disabled': False, 'Workers Planned': 2, 'Single Copy': False, 'Plans': [{'Node Type': 'Aggregate', 'Strategy': 'Sorted', 'Partial Mode': 'Partial', 'Parent Relationship': 'Outer', 'Parallel Aware': False, 'Async Capable': False, 'Startup Cost': 2397.96, 'Total Cost': 8836.44, 'Plan Rows': 1, 'Plan Width': 14, 'Disabled': False, 'Plans': [{'Node Type': 'Hash Join', 'Parent Relationship': 'Outer', 'Parallel Aware': False, 'Async Capable': False, 'Join Type': 'Inner', 'Startup Cost': 2397.96, 'Total Cost': 8705.19, 'Plan Rows': 52494, 'Plan Width': 10, 'Disabled': False, 'Inner Unique': True, 'Hash Cond': '(a.patient_id = p.patient_id)', 'Plans': [{'Node Type': 'Seq Scan', 'Parent Relationship': 'Outer', 'Parallel Aware': True, 'Async Capable': False, 'Relation Name': 'appointments', 'Alias': 'a', 'Startup Cost': 0.0, 'Total Cost': 5760.33, 'Plan Rows': 208333, 'Plan Width': 8, 'Disabled': False}, {'Node Type': 'Hash', 'Parent Relationship': 'Inner', 'Parallel Aware': False, 'Async Capable': False, 'Startup Cost': 2083.0, 'Total Cost': 2083.0, 'Plan Rows': 25197, 'Plan Width': 10, 'Disabled': False, 'Plans': [{'Node Type': 'Seq Scan', 'Parent Relationship': 'Outer', 'Parallel Aware': False, 'Async Capable': False, 'Relation Name': 'patients', 'Alias': 'p', 'Startup Cost': 0.0, 'Total Cost': 2083.0, 'Plan Rows': 25197, 'Plan Width': 10, 'Disabled': False, 'Filter': ""((city)::text = 'Kanpur'::text)""}]}]}]}]}]}}",85.69919993169606
Q822,5,"SELECT p.city, COUNT(a.appointment_id)
            FROM patients p
            JOIN appointments a
            ON p.patient_id = a.patient_id
            WHERE p.city = 'Mumbai'
            GROUP BY p.city;","{'Plan': {'Node Type': 'Aggregate', 'Strategy': 'Sorted', 'Partial Mode': 'Finalize', 'Parallel Aware': False, 'Async Capable': False, 'Startup Cost': 3395.59, 'Total Cost': 9833.29, 'Plan Rows': 1, 'Plan Width': 14, 'Disabled': False, 'Plans': [{'Node Type': 'Gather', 'Parent Relationship': 'Outer', 'Parallel Aware': False, 'Async Capable': False, 'Startup Cost': 3395.59, 'Total Cost': 9833.27, 'Plan Rows': 2, 'Plan Width': 14, 'Disabled': False, 'Workers Planned': 2, 'Single Copy': False, 'Plans': [{'Node Type': 'Aggregate', 'Strategy': 'Sorted', 'Partial Mode': 'Partial', 'Parent Relationship': 'Outer', 'Parallel Aware': False, 'Async Capable': False, 'Startup Cost': 2395.59, 'Total Cost': 8833.07, 'Plan Rows': 1, 'Plan Width': 14, 'Disabled': False, 'Plans': [{'Node Type': 'Hash Join', 'Parent Relationship': 'Outer', 'Parallel Aware': False, 'Async Capable': False, 'Join Type': 'Inner', 'Startup Cost': 2395.59, 'Total Cost': 8702.82, 'Plan Rows': 52098, 'Plan Width': 10, 'Disabled': False, 'Inner Unique': True, 'Hash Cond': '(a.patient_id = p.patient_id)', 'Plans': [{'Node Type': 'Seq Scan', 'Parent Relationship': 'Outer', 'Parallel Aware': True, 'Async Capable': False, 'Relation Name': 'appointments', 'Alias': 'a', 'Startup Cost': 0.0, 'Total Cost': 5760.33, 'Plan Rows': 208333, 'Plan Width': 8, 'Disabled': False}, {'Node Type': 'Hash', 'Parent Relationship': 'Inner', 'Parallel Aware': False, 'Async Capable': False, 'Startup Cost': 2083.0, 'Total Cost': 2083.0, 'Plan Rows': 25007, 'Plan Width': 10, 'Disabled': False, 'Plans': [{'Node Type': 'Seq Scan', 'Parent Relationship': 'Outer', 'Parallel Aware': False, 'Async Capable': False, 'Relation Name': 'patients', 'Alias': 'p', 'Startup Cost': 0.0, 'Total Cost': 2083.0, 'Plan Rows': 25007, 'Plan Width': 10, 'Disabled': False, 'Filter': ""((city)::text = 'Mumbai'::text)""}]}]}]}]}]}}",86.07939979992807
Q823,3,"SELECT city, COUNT(*)
            FROM patients
            GROUP BY city;","{'Plan': {'Node Type': 'Aggregate', 'Strategy': 'Hashed', 'Partial Mode': 'Simple', 'Parallel Aware': False, 'Async Capable': False, 'Startup Cost': 2333.0, 'Total Cost': 2333.04, 'Plan Rows': 4, 'Plan Width': 14, 'Disabled': False, 'Group Key': ['city'], 'Planned Partitions': 0, 'Plans': [{'Node Type': 'Seq Scan', 'Parent Relationship': 'Outer', 'Parallel Aware': False, 'Async Capable': False, 'Relation Name': 'patients', 'Alias': 'patients', 'Startup Cost': 0.0, 'Total Cost': 1833.0, 'Plan Rows': 100000, 'Plan Width': 6, 'Disabled': False}]}}",20.08630009368062
Q824,1,"SELECT *
            FROM patients
            WHERE age > 31;","{'Plan': {'Node Type': 'Seq Scan', 'Parallel Aware': False, 'Async Capable': False, 'Relation Name': 'patients', 'Alias': 'patients', 'Startup Cost': 0.0, 'Total Cost': 2083.0, 'Plan Rows': 77783, 'Plan Width': 32, 'Disabled': False, 'Filter': '(age > 31)'}}",100.16359994187951
Q825,4,"SELECT p.name, a.appointment_date
            FROM patients p
            JOIN appointments a
            ON p.patient_id = a.patient_id;","{'Plan': {'Node Type': 'Hash Join', 'Parallel Aware': False, 'Async Capable': False, 'Join Type': 'Inner', 'Startup Cost': 3083.0, 'Total Cost': 13072.56, 'Plan Rows': 500000, 'Plan Width': 17, 'Disabled': False, 'Inner Unique': True, 'Hash Cond': '(a.patient_id = p.patient_id)', 'Plans': [{'Node Type': 'Seq Scan', 'Parent Relationship': 'Outer', 'Parallel Aware': False, 'Async Capable': False, 'Relation Name': 'appointments', 'Alias': 'a', 'Startup Cost': 0.0, 'Total Cost': 8677.0, 'Plan Rows': 500000, 'Plan Width': 8, 'Disabled': False}, {'Node Type': 'Hash', 'Parent Relationship': 'Inner', 'Parallel Aware': False, 'Async Capable': False, 'Startup Cost': 1833.0, 'Total Cost': 1833.0, 'Plan Rows': 100000, 'Plan Width': 17, 'Disabled': False, 'Plans': [{'Node Type': 'Seq Scan', 'Parent Relationship': 'Outer', 'Parallel Aware': False, 'Async Capable': False, 'Relation Name': 'patients', 'Alias': 'p', 'Startup Cost': 0.0, 'Total Cost': 1833.0, 'Plan Rows': 100000, 'Plan Width': 17, 'Disabled': False}]}]}}",630.3512998856604
Q826,3,"SELECT city, COUNT(*)
            FROM patients
            GROUP BY city;","{'Plan': {'Node Type': 'Aggregate', 'Strategy': 'Hashed', 'Partial Mode': 'Simple', 'Parallel Aware': False, 'Async Capable': False, 'Startup Cost': 2333.0, 'Total Cost': 2333.04, 'Plan Rows': 4, 'Plan Width': 14, 'Disabled': False, 'Group Key': ['city'], 'Planned Partitions': 0, 'Plans': [{'Node Type': 'Seq Scan', 'Parent Relationship': 'Outer', 'Parallel Aware': False, 'Async Capable': False, 'Relation Name': 'patients', 'Alias': 'patients', 'Startup Cost': 0.0, 'Total Cost': 1833.0, 'Plan Rows': 100000, 'Plan Width': 6, 'Disabled': False}]}}",14.603500021621585
Q827,4,"SELECT p.name, a.appointment_date
            FROM patients p
            JOIN appointments a
            ON p.patient_id = a.patient_id;","{'Plan': {'Node Type': 'Hash Join', 'Parallel Aware': False, 'Async Capable': False, 'Join Type': 'Inner', 'Startup Cost': 3083.0, 'Total Cost': 13072.56, 'Plan Rows': 500000, 'Plan Width': 17, 'Disabled': False, 'Inner Unique': True, 'Hash Cond': '(a.patient_id = p.patient_id)', 'Plans': [{'Node Type': 'Seq Scan', 'Parent Relationship': 'Outer', 'Parallel Aware': False, 'Async Capable': False, 'Relation Name': 'appointments', 'Alias': 'a', 'Startup Cost': 0.0, 'Total Cost': 8677.0, 'Plan Rows': 500000, 'Plan Width': 8, 'Disabled': False}, {'Node Type': 'Hash', 'Parent Relationship': 'Inner', 'Parallel Aware': False, 'Async Capable': False, 'Startup Cost': 1833.0, 'Total Cost': 1833.0, 'Plan Rows': 100000, 'Plan Width': 17, 'Disabled': False, 'Plans': [{'Node Type': 'Seq Scan', 'Parent Relationship': 'Outer', 'Parallel Aware': False, 'Async Capable': False, 'Relation Name': 'patients', 'Alias': 'p', 'Startup Cost': 0.0, 'Total Cost': 1833.0, 'Plan Rows': 100000, 'Plan Width': 17, 'Disabled': False}]}]}}",648.7972000613809
Q828,4,"SELECT p.name, a.appointment_date
            FROM patients p
            JOIN appointments a
            ON p.patient_id = a.patient_id;","{'Plan': {'Node Type': 'Hash Join', 'Parallel Aware': False, 'Async Capable': False, 'Join Type': 'Inner', 'Startup Cost': 3083.0, 'Total Cost': 13072.56, 'Plan Rows': 500000, 'Plan Width': 17, 'Disabled': False, 'Inner Unique': True, 'Hash Cond': '(a.patient_id = p.patient_id)', 'Plans': [{'Node Type': 'Seq Scan', 'Parent Relationship': 'Outer', 'Parallel Aware': False, 'Async Capable': False, 'Relation Name': 'appointments', 'Alias': 'a', 'Startup Cost': 0.0, 'Total Cost': 8677.0, 'Plan Rows': 500000, 'Plan Width': 8, 'Disabled': False}, {'Node Type': 'Hash', 'Parent Relationship': 'Inner', 'Parallel Aware': False, 'Async Capable': False, 'Startup Cost': 1833.0, 'Total Cost': 1833.0, 'Plan Rows': 100000, 'Plan Width': 17, 'Disabled': False, 'Plans': [{'Node Type': 'Seq Scan', 'Parent Relationship': 'Outer', 'Parallel Aware': False, 'Async Capable': False, 'Relation Name': 'patients', 'Alias': 'p', 'Startup Cost': 0.0, 'Total Cost': 1833.0, 'Plan Rows': 100000, 'Plan Width': 17, 'Disabled': False}]}]}}",613.3355000056326
Q829,2,"SELECT *
            FROM patients
            WHERE city = 'Lucknow';","{'Plan': {'Node Type': 'Seq Scan', 'Parallel Aware': False, 'Async Capable': False, 'Relation Name': 'patients', 'Alias': 'patients', 'Startup Cost': 0.0, 'Total Cost': 2083.0, 'Plan Rows': 24850, 'Plan Width': 32, 'Disabled': False, 'Filter': ""((city)::text = 'Lucknow'::text)""}}",32.44030009955168
Q830,3,"SELECT city, COUNT(*)
            FROM patients
            GROUP BY city;","{'Plan': {'Node Type': 'Aggregate', 'Strategy': 'Hashed', 'Partial Mode': 'Simple', 'Parallel Aware': False, 'Async Capable': False, 'Startup Cost': 2333.0, 'Total Cost': 2333.04, 'Plan Rows': 4, 'Plan Width': 14, 'Disabled': False, 'Group Key': ['city'], 'Planned Partitions': 0, 'Plans': [{'Node Type': 'Seq Scan', 'Parent Relationship': 'Outer', 'Parallel Aware': False, 'Async Capable': False, 'Relation Name': 'patients', 'Alias': 'patients', 'Startup Cost': 0.0, 'Total Cost': 1833.0, 'Plan Rows': 100000, 'Plan Width': 6, 'Disabled': False}]}}",13.743699993938208
Q831,5,"SELECT p.city, COUNT(a.appointment_id)
            FROM patients p
            JOIN appointments a
            ON p.patient_id = a.patient_id
            WHERE p.city = 'Lucknow'
            GROUP BY p.city;","{'Plan': {'Node Type': 'Aggregate', 'Strategy': 'Sorted', 'Partial Mode': 'Finalize', 'Parallel Aware': False, 'Async Capable': False, 'Startup Cost': 3393.62, 'Total Cost': 9830.51, 'Plan Rows': 1, 'Plan Width': 14, 'Disabled': False, 'Plans': [{'Node Type': 'Gather', 'Parent Relationship': 'Outer', 'Parallel Aware': False, 'Async Capable': False, 'Startup Cost': 3393.62, 'Total Cost': 9830.49, 'Plan Rows': 2, 'Plan Width': 14, 'Disabled': False, 'Workers Planned': 2, 'Single Copy': False, 'Plans': [{'Node Type': 'Aggregate', 'Strategy': 'Sorted', 'Partial Mode': 'Partial', 'Parent Relationship': 'Outer', 'Parallel Aware': False, 'Async Capable': False, 'Startup Cost': 2393.62, 'Total Cost': 8830.29, 'Plan Rows': 1, 'Plan Width': 14, 'Disabled': False, 'Plans': [{'Node Type': 'Hash Join', 'Parent Relationship': 'Outer', 'Parallel Aware': False, 'Async Capable': False, 'Join Type': 'Inner', 'Startup Cost': 2393.62, 'Total Cost': 8700.85, 'Plan Rows': 51771, 'Plan Width': 10, 'Disabled': False, 'Inner Unique': True, 'Hash Cond': '(a.patient_id = p.patient_id)', 'Plans': [{'Node Type': 'Seq Scan', 'Parent Relationship': 'Outer', 'Parallel Aware': True, 'Async Capable': False, 'Relation Name': 'appointments', 'Alias': 'a', 'Startup Cost': 0.0, 'Total Cost': 5760.33, 'Plan Rows': 208333, 'Plan Width': 8, 'Disabled': False}, {'Node Type': 'Hash', 'Parent Relationship': 'Inner', 'Parallel Aware': False, 'Async Capable': False, 'Startup Cost': 2083.0, 'Total Cost': 2083.0, 'Plan Rows': 24850, 'Plan Width': 10, 'Disabled': False, 'Plans': [{'Node Type': 'Seq Scan', 'Parent Relationship': 'Outer', 'Parallel Aware': False, 'Async Capable': False, 'Relation Name': 'patients', 'Alias': 'p', 'Startup Cost': 0.0, 'Total Cost': 2083.0, 'Plan Rows': 24850, 'Plan Width': 10, 'Disabled': False, 'Filter': ""((city)::text = 'Lucknow'::text)""}]}]}]}]}]}}",108.28309995122254
Q832,1,"SELECT *
            FROM patients
            WHERE age > 47;","{'Plan': {'Node Type': 'Seq Scan', 'Parallel Aware': False, 'Async Capable': False, 'Relation Name': 'patients', 'Alias': 'patients', 'Startup Cost': 0.0, 'Total Cost': 2083.0, 'Plan Rows': 51953, 'Plan Width': 32, 'Disabled': False, 'Filter': '(age > 47)'}}",58.78040008246899
Q833,1,"SELECT *
            FROM patients
            WHERE age > 31;","{'Plan': {'Node Type': 'Seq Scan', 'Parallel Aware': False, 'Async Capable': False, 'Relation Name': 'patients', 'Alias': 'patients', 'Startup Cost': 0.0, 'Total Cost': 2083.0, 'Plan Rows': 77783, 'Plan Width': 32, 'Disabled': False, 'Filter': '(age > 31)'}}",93.0602999869734
Q834,2,"SELECT *
            FROM patients
            WHERE city = 'Mumbai';","{'Plan': {'Node Type': 'Seq Scan', 'Parallel Aware': False, 'Async Capable': False, 'Relation Name': 'patients', 'Alias': 'patients', 'Startup Cost': 0.0, 'Total Cost': 2083.0, 'Plan Rows': 25007, 'Plan Width': 32, 'Disabled': False, 'Filter': ""((city)::text = 'Mumbai'::text)""}}",40.20500020124018
Q835,5,"SELECT p.city, COUNT(a.appointment_id)
            FROM patients p
            JOIN appointments a
            ON p.patient_id = a.patient_id
            WHERE p.city = 'Kanpur'
            GROUP BY p.city;","{'Plan': {'Node Type': 'Aggregate', 'Strategy': 'Sorted', 'Partial Mode': 'Finalize', 'Parallel Aware': False, 'Async Capable': False, 'Startup Cost': 3397.96, 'Total Cost': 9836.65, 'Plan Rows': 1, 'Plan Width': 14, 'Disabled': False, 'Plans': [{'Node Type': 'Gather', 'Parent Relationship': 'Outer', 'Parallel Aware': False, 'Async Capable': False, 'Startup Cost': 3397.96, 'Total Cost': 9836.64, 'Plan Rows': 2, 'Plan Width': 14, 'Disabled': False, 'Workers Planned': 2, 'Single Copy': False, 'Plans': [{'Node Type': 'Aggregate', 'Strategy': 'Sorted', 'Partial Mode': 'Partial', 'Parent Relationship': 'Outer', 'Parallel Aware': False, 'Async Capable': False, 'Startup Cost': 2397.96, 'Total Cost': 8836.44, 'Plan Rows': 1, 'Plan Width': 14, 'Disabled': False, 'Plans': [{'Node Type': 'Hash Join', 'Parent Relationship': 'Outer', 'Parallel Aware': False, 'Async Capable': False, 'Join Type': 'Inner', 'Startup Cost': 2397.96, 'Total Cost': 8705.19, 'Plan Rows': 52494, 'Plan Width': 10, 'Disabled': False, 'Inner Unique': True, 'Hash Cond': '(a.patient_id = p.patient_id)', 'Plans': [{'Node Type': 'Seq Scan', 'Parent Relationship': 'Outer', 'Parallel Aware': True, 'Async Capable': False, 'Relation Name': 'appointments', 'Alias': 'a', 'Startup Cost': 0.0, 'Total Cost': 5760.33, 'Plan Rows': 208333, 'Plan Width': 8, 'Disabled': False}, {'Node Type': 'Hash', 'Parent Relationship': 'Inner', 'Parallel Aware': False, 'Async Capable': False, 'Startup Cost': 2083.0, 'Total Cost': 2083.0, 'Plan Rows': 25197, 'Plan Width': 10, 'Disabled': False, 'Plans': [{'Node Type': 'Seq Scan', 'Parent Relationship': 'Outer', 'Parallel Aware': False, 'Async Capable': False, 'Relation Name': 'patients', 'Alias': 'p', 'Startup Cost': 0.0, 'Total Cost': 2083.0, 'Plan Rows': 25197, 'Plan Width': 10, 'Disabled': False, 'Filter': ""((city)::text = 'Kanpur'::text)""}]}]}]}]}]}}",89.92559998296201
Q836,2,"SELECT *
            FROM patients
            WHERE city = 'Kanpur';","{'Plan': {'Node Type': 'Seq Scan', 'Parallel Aware': False, 'Async Capable': False, 'Relation Name': 'patients', 'Alias': 'patients', 'Startup Cost': 0.0, 'Total Cost': 2083.0, 'Plan Rows': 25197, 'Plan Width': 32, 'Disabled': False, 'Filter': ""((city)::text = 'Kanpur'::text)""}}",32.3359000030905
Q837,4,"SELECT p.name, a.appointment_date
            FROM patients p
            JOIN appointments a
            ON p.patient_id = a.patient_id;","{'Plan': {'Node Type': 'Hash Join', 'Parallel Aware': False, 'Async Capable': False, 'Join Type': 'Inner', 'Startup Cost': 3083.0, 'Total Cost': 13072.56, 'Plan Rows': 500000, 'Plan Width': 17, 'Disabled': False, 'Inner Unique': True, 'Hash Cond': '(a.patient_id = p.patient_id)', 'Plans': [{'Node Type': 'Seq Scan', 'Parent Relationship': 'Outer', 'Parallel Aware': False, 'Async Capable': False, 'Relation Name': 'appointments', 'Alias': 'a', 'Startup Cost': 0.0, 'Total Cost': 8677.0, 'Plan Rows': 500000, 'Plan Width': 8, 'Disabled': False}, {'Node Type': 'Hash', 'Parent Relationship': 'Inner', 'Parallel Aware': False, 'Async Capable': False, 'Startup Cost': 1833.0, 'Total Cost': 1833.0, 'Plan Rows': 100000, 'Plan Width': 17, 'Disabled': False, 'Plans': [{'Node Type': 'Seq Scan', 'Parent Relationship': 'Outer', 'Parallel Aware': False, 'Async Capable': False, 'Relation Name': 'patients', 'Alias': 'p', 'Startup Cost': 0.0, 'Total Cost': 1833.0, 'Plan Rows': 100000, 'Plan Width': 17, 'Disabled': False}]}]}}",619.5884998887777
Q838,2,"SELECT *
            FROM patients
            WHERE city = 'Mumbai';","{'Plan': {'Node Type': 'Seq Scan', 'Parallel Aware': False, 'Async Capable': False, 'Relation Name': 'patients', 'Alias': 'patients', 'Startup Cost': 0.0, 'Total Cost': 2083.0, 'Plan Rows': 25007, 'Plan Width': 32, 'Disabled': False, 'Filter': ""((city)::text = 'Mumbai'::text)""}}",40.30280001461506
Q839,4,"SELECT p.name, a.appointment_date
            FROM patients p
            JOIN appointments a
            ON p.patient_id = a.patient_id;","{'Plan': {'Node Type': 'Hash Join', 'Parallel Aware': False, 'Async Capable': False, 'Join Type': 'Inner', 'Startup Cost': 3083.0, 'Total Cost': 13072.56, 'Plan Rows': 500000, 'Plan Width': 17, 'Disabled': False, 'Inner Unique': True, 'Hash Cond': '(a.patient_id = p.patient_id)', 'Plans': [{'Node Type': 'Seq Scan', 'Parent Relationship': 'Outer', 'Parallel Aware': False, 'Async Capable': False, 'Relation Name': 'appointments', 'Alias': 'a', 'Startup Cost': 0.0, 'Total Cost': 8677.0, 'Plan Rows': 500000, 'Plan Width': 8, 'Disabled': False}, {'Node Type': 'Hash', 'Parent Relationship': 'Inner', 'Parallel Aware': False, 'Async Capable': False, 'Startup Cost': 1833.0, 'Total Cost': 1833.0, 'Plan Rows': 100000, 'Plan Width': 17, 'Disabled': False, 'Plans': [{'Node Type': 'Seq Scan', 'Parent Relationship': 'Outer', 'Parallel Aware': False, 'Async Capable': False, 'Relation Name': 'patients', 'Alias': 'p', 'Startup Cost': 0.0, 'Total Cost': 1833.0, 'Plan Rows': 100000, 'Plan Width': 17, 'Disabled': False}]}]}}",639.5587001461536
Q840,1,"SELECT *
            FROM patients
            WHERE age > 20;","{'Plan': {'Node Type': 'Seq Scan', 'Parallel Aware': False, 'Async Capable': False, 'Relation Name': 'patients', 'Alias': 'patients', 'Startup Cost': 0.0, 'Total Cost': 2083.0, 'Plan Rows': 95297, 'Plan Width': 32, 'Disabled': False, 'Filter': '(age > 20)'}}",86.76280011422932
Q841,5,"SELECT p.city, COUNT(a.appointment_id)
            FROM patients p
            JOIN appointments a
            ON p.patient_id = a.patient_id
            WHERE p.city = 'Delhi'
            GROUP BY p.city;","{'Plan': {'Node Type': 'Aggregate', 'Strategy': 'Sorted', 'Partial Mode': 'Finalize', 'Parallel Aware': False, 'Async Capable': False, 'Startup Cost': 3394.84, 'Total Cost': 9832.22, 'Plan Rows': 1, 'Plan Width': 14, 'Disabled': False, 'Plans': [{'Node Type': 'Gather', 'Parent Relationship': 'Outer', 'Parallel Aware': False, 'Async Capable': False, 'Startup Cost': 3394.84, 'Total Cost': 9832.21, 'Plan Rows': 2, 'Plan Width': 14, 'Disabled': False, 'Workers Planned': 2, 'Single Copy': False, 'Plans': [{'Node Type': 'Aggregate', 'Strategy': 'Sorted', 'Partial Mode': 'Partial', 'Parent Relationship': 'Outer', 'Parallel Aware': False, 'Async Capable': False, 'Startup Cost': 2394.84, 'Total Cost': 8832.01, 'Plan Rows': 1, 'Plan Width': 14, 'Disabled': False, 'Plans': [{'Node Type': 'Hash Join', 'Parent Relationship': 'Outer', 'Parallel Aware': False, 'Async Capable': False, 'Join Type': 'Inner', 'Startup Cost': 2394.84, 'Total Cost': 8702.07, 'Plan Rows': 51973, 'Plan Width': 10, 'Disabled': False, 'Inner Unique': True, 'Hash Cond': '(a.patient_id = p.patient_id)', 'Plans': [{'Node Type': 'Seq Scan', 'Parent Relationship': 'Outer', 'Parallel Aware': True, 'Async Capable': False, 'Relation Name': 'appointments', 'Alias': 'a', 'Startup Cost': 0.0, 'Total Cost': 5760.33, 'Plan Rows': 208333, 'Plan Width': 8, 'Disabled': False}, {'Node Type': 'Hash', 'Parent Relationship': 'Inner', 'Parallel Aware': False, 'Async Capable': False, 'Startup Cost': 2083.0, 'Total Cost': 2083.0, 'Plan Rows': 24947, 'Plan Width': 10, 'Disabled': False, 'Plans': [{'Node Type': 'Seq Scan', 'Parent Relationship': 'Outer', 'Parallel Aware': False, 'Async Capable': False, 'Relation Name': 'patients', 'Alias': 'p', 'Startup Cost': 0.0, 'Total Cost': 2083.0, 'Plan Rows': 24947, 'Plan Width': 10, 'Disabled': False, 'Filter': ""((city)::text = 'Delhi'::text)""}]}]}]}]}]}}",88.30590010620654
Q842,3,"SELECT city, COUNT(*)
            FROM patients
            GROUP BY city;","{'Plan': {'Node Type': 'Aggregate', 'Strategy': 'Hashed', 'Partial Mode': 'Simple', 'Parallel Aware': False, 'Async Capable': False, 'Startup Cost': 2333.0, 'Total Cost': 2333.04, 'Plan Rows': 4, 'Plan Width': 14, 'Disabled': False, 'Group Key': ['city'], 'Planned Partitions': 0, 'Plans': [{'Node Type': 'Seq Scan', 'Parent Relationship': 'Outer', 'Parallel Aware': False, 'Async Capable': False, 'Relation Name': 'patients', 'Alias': 'patients', 'Startup Cost': 0.0, 'Total Cost': 1833.0, 'Plan Rows': 100000, 'Plan Width': 6, 'Disabled': False}]}}",20.420899847522378
Q843,4,"SELECT p.name, a.appointment_date
            FROM patients p
            JOIN appointments a
            ON p.patient_id = a.patient_id;","{'Plan': {'Node Type': 'Hash Join', 'Parallel Aware': False, 'Async Capable': False, 'Join Type': 'Inner', 'Startup Cost': 3083.0, 'Total Cost': 13072.56, 'Plan Rows': 500000, 'Plan Width': 17, 'Disabled': False, 'Inner Unique': True, 'Hash Cond': '(a.patient_id = p.patient_id)', 'Plans': [{'Node Type': 'Seq Scan', 'Parent Relationship': 'Outer', 'Parallel Aware': False, 'Async Capable': False, 'Relation Name': 'appointments', 'Alias': 'a', 'Startup Cost': 0.0, 'Total Cost': 8677.0, 'Plan Rows': 500000, 'Plan Width': 8, 'Disabled': False}, {'Node Type': 'Hash', 'Parent Relationship': 'Inner', 'Parallel Aware': False, 'Async Capable': False, 'Startup Cost': 1833.0, 'Total Cost': 1833.0, 'Plan Rows': 100000, 'Plan Width': 17, 'Disabled': False, 'Plans': [{'Node Type': 'Seq Scan', 'Parent Relationship': 'Outer', 'Parallel Aware': False, 'Async Capable': False, 'Relation Name': 'patients', 'Alias': 'p', 'Startup Cost': 0.0, 'Total Cost': 1833.0, 'Plan Rows': 100000, 'Plan Width': 17, 'Disabled': False}]}]}}",652.6180999353528
Q844,4,"SELECT p.name, a.appointment_date
            FROM patients p
            JOIN appointments a
            ON p.patient_id = a.patient_id;","{'Plan': {'Node Type': 'Hash Join', 'Parallel Aware': False, 'Async Capable': False, 'Join Type': 'Inner', 'Startup Cost': 3083.0, 'Total Cost': 13072.56, 'Plan Rows': 500000, 'Plan Width': 17, 'Disabled': False, 'Inner Unique': True, 'Hash Cond': '(a.patient_id = p.patient_id)', 'Plans': [{'Node Type': 'Seq Scan', 'Parent Relationship': 'Outer', 'Parallel Aware': False, 'Async Capable': False, 'Relation Name': 'appointments', 'Alias': 'a', 'Startup Cost': 0.0, 'Total Cost': 8677.0, 'Plan Rows': 500000, 'Plan Width': 8, 'Disabled': False}, {'Node Type': 'Hash', 'Parent Relationship': 'Inner', 'Parallel Aware': False, 'Async Capable': False, 'Startup Cost': 1833.0, 'Total Cost': 1833.0, 'Plan Rows': 100000, 'Plan Width': 17, 'Disabled': False, 'Plans': [{'Node Type': 'Seq Scan', 'Parent Relationship': 'Outer', 'Parallel Aware': False, 'Async Capable': False, 'Relation Name': 'patients', 'Alias': 'p', 'Startup Cost': 0.0, 'Total Cost': 1833.0, 'Plan Rows': 100000, 'Plan Width': 17, 'Disabled': False}]}]}}",617.7316000685096
Q845,5,"SELECT p.city, COUNT(a.appointment_id)
            FROM patients p
            JOIN appointments a
            ON p.patient_id = a.patient_id
            WHERE p.city = 'Lucknow'
            GROUP BY p.city;","{'Plan': {'Node Type': 'Aggregate', 'Strategy': 'Sorted', 'Partial Mode': 'Finalize', 'Parallel Aware': False, 'Async Capable': False, 'Startup Cost': 3393.62, 'Total Cost': 9830.51, 'Plan Rows': 1, 'Plan Width': 14, 'Disabled': False, 'Plans': [{'Node Type': 'Gather', 'Parent Relationship': 'Outer', 'Parallel Aware': False, 'Async Capable': False, 'Startup Cost': 3393.62, 'Total Cost': 9830.49, 'Plan Rows': 2, 'Plan Width': 14, 'Disabled': False, 'Workers Planned': 2, 'Single Copy': False, 'Plans': [{'Node Type': 'Aggregate', 'Strategy': 'Sorted', 'Partial Mode': 'Partial', 'Parent Relationship': 'Outer', 'Parallel Aware': False, 'Async Capable': False, 'Startup Cost': 2393.62, 'Total Cost': 8830.29, 'Plan Rows': 1, 'Plan Width': 14, 'Disabled': False, 'Plans': [{'Node Type': 'Hash Join', 'Parent Relationship': 'Outer', 'Parallel Aware': False, 'Async Capable': False, 'Join Type': 'Inner', 'Startup Cost': 2393.62, 'Total Cost': 8700.85, 'Plan Rows': 51771, 'Plan Width': 10, 'Disabled': False, 'Inner Unique': True, 'Hash Cond': '(a.patient_id = p.patient_id)', 'Plans': [{'Node Type': 'Seq Scan', 'Parent Relationship': 'Outer', 'Parallel Aware': True, 'Async Capable': False, 'Relation Name': 'appointments', 'Alias': 'a', 'Startup Cost': 0.0, 'Total Cost': 5760.33, 'Plan Rows': 208333, 'Plan Width': 8, 'Disabled': False}, {'Node Type': 'Hash', 'Parent Relationship': 'Inner', 'Parallel Aware': False, 'Async Capable': False, 'Startup Cost': 2083.0, 'Total Cost': 2083.0, 'Plan Rows': 24850, 'Plan Width': 10, 'Disabled': False, 'Plans': [{'Node Type': 'Seq Scan', 'Parent Relationship': 'Outer', 'Parallel Aware': False, 'Async Capable': False, 'Relation Name': 'patients', 'Alias': 'p', 'Startup Cost': 0.0, 'Total Cost': 2083.0, 'Plan Rows': 24850, 'Plan Width': 10, 'Disabled': False, 'Filter': ""((city)::text = 'Lucknow'::text)""}]}]}]}]}]}}",93.157600145787
Q846,3,"SELECT city, COUNT(*)
            FROM patients
            GROUP BY city;","{'Plan': {'Node Type': 'Aggregate', 'Strategy': 'Hashed', 'Partial Mode': 'Simple', 'Parallel Aware': False, 'Async Capable': False, 'Startup Cost': 2333.0, 'Total Cost': 2333.04, 'Plan Rows': 4, 'Plan Width': 14, 'Disabled': False, 'Group Key': ['city'], 'Planned Partitions': 0, 'Plans': [{'Node Type': 'Seq Scan', 'Parent Relationship': 'Outer', 'Parallel Aware': False, 'Async Capable': False, 'Relation Name': 'patients', 'Alias': 'patients', 'Startup Cost': 0.0, 'Total Cost': 1833.0, 'Plan Rows': 100000, 'Plan Width': 6, 'Disabled': False}]}}",20.068500190973282
Q847,1,"SELECT *
            FROM patients
            WHERE age > 42;","{'Plan': {'Node Type': 'Seq Scan', 'Parallel Aware': False, 'Async Capable': False, 'Relation Name': 'patients', 'Alias': 'patients', 'Startup Cost': 0.0, 'Total Cost': 2083.0, 'Plan Rows': 60267, 'Plan Width': 32, 'Disabled': False, 'Filter': '(age > 42)'}}",73.36569996550679
Q848,5,"SELECT p.city, COUNT(a.appointment_id)
            FROM patients p
            JOIN appointments a
            ON p.patient_id = a.patient_id
            WHERE p.city = 'Delhi'
            GROUP BY p.city;","{'Plan': {'Node Type': 'Aggregate', 'Strategy': 'Sorted', 'Partial Mode': 'Finalize', 'Parallel Aware': False, 'Async Capable': False, 'Startup Cost': 3394.84, 'Total Cost': 9832.22, 'Plan Rows': 1, 'Plan Width': 14, 'Disabled': False, 'Plans': [{'Node Type': 'Gather', 'Parent Relationship': 'Outer', 'Parallel Aware': False, 'Async Capable': False, 'Startup Cost': 3394.84, 'Total Cost': 9832.21, 'Plan Rows': 2, 'Plan Width': 14, 'Disabled': False, 'Workers Planned': 2, 'Single Copy': False, 'Plans': [{'Node Type': 'Aggregate', 'Strategy': 'Sorted', 'Partial Mode': 'Partial', 'Parent Relationship': 'Outer', 'Parallel Aware': False, 'Async Capable': False, 'Startup Cost': 2394.84, 'Total Cost': 8832.01, 'Plan Rows': 1, 'Plan Width': 14, 'Disabled': False, 'Plans': [{'Node Type': 'Hash Join', 'Parent Relationship': 'Outer', 'Parallel Aware': False, 'Async Capable': False, 'Join Type': 'Inner', 'Startup Cost': 2394.84, 'Total Cost': 8702.07, 'Plan Rows': 51973, 'Plan Width': 10, 'Disabled': False, 'Inner Unique': True, 'Hash Cond': '(a.patient_id = p.patient_id)', 'Plans': [{'Node Type': 'Seq Scan', 'Parent Relationship': 'Outer', 'Parallel Aware': True, 'Async Capable': False, 'Relation Name': 'appointments', 'Alias': 'a', 'Startup Cost': 0.0, 'Total Cost': 5760.33, 'Plan Rows': 208333, 'Plan Width': 8, 'Disabled': False}, {'Node Type': 'Hash', 'Parent Relationship': 'Inner', 'Parallel Aware': False, 'Async Capable': False, 'Startup Cost': 2083.0, 'Total Cost': 2083.0, 'Plan Rows': 24947, 'Plan Width': 10, 'Disabled': False, 'Plans': [{'Node Type': 'Seq Scan', 'Parent Relationship': 'Outer', 'Parallel Aware': False, 'Async Capable': False, 'Relation Name': 'patients', 'Alias': 'p', 'Startup Cost': 0.0, 'Total Cost': 2083.0, 'Plan Rows': 24947, 'Plan Width': 10, 'Disabled': False, 'Filter': ""((city)::text = 'Delhi'::text)""}]}]}]}]}]}}",88.88719999231398
Q849,2,"SELECT *
            FROM patients
            WHERE city = 'Delhi';","{'Plan': {'Node Type': 'Seq Scan', 'Parallel Aware': False, 'Async Capable': False, 'Relation Name': 'patients', 'Alias': 'patients', 'Startup Cost': 0.0, 'Total Cost': 2083.0, 'Plan Rows': 24947, 'Plan Width': 32, 'Disabled': False, 'Filter': ""((city)::text = 'Delhi'::text)""}}",39.04609987512231
Q850,4,"SELECT p.name, a.appointment_date
            FROM patients p
            JOIN appointments a
            ON p.patient_id = a.patient_id;","{'Plan': {'Node Type': 'Hash Join', 'Parallel Aware': False, 'Async Capable': False, 'Join Type': 'Inner', 'Startup Cost': 3083.0, 'Total Cost': 13072.56, 'Plan Rows': 500000, 'Plan Width': 17, 'Disabled': False, 'Inner Unique': True, 'Hash Cond': '(a.patient_id = p.patient_id)', 'Plans': [{'Node Type': 'Seq Scan', 'Parent Relationship': 'Outer', 'Parallel Aware': False, 'Async Capable': False, 'Relation Name': 'appointments', 'Alias': 'a', 'Startup Cost': 0.0, 'Total Cost': 8677.0, 'Plan Rows': 500000, 'Plan Width': 8, 'Disabled': False}, {'Node Type': 'Hash', 'Parent Relationship': 'Inner', 'Parallel Aware': False, 'Async Capable': False, 'Startup Cost': 1833.0, 'Total Cost': 1833.0, 'Plan Rows': 100000, 'Plan Width': 17, 'Disabled': False, 'Plans': [{'Node Type': 'Seq Scan', 'Parent Relationship': 'Outer', 'Parallel Aware': False, 'Async Capable': False, 'Relation Name': 'patients', 'Alias': 'p', 'Startup Cost': 0.0, 'Total Cost': 1833.0, 'Plan Rows': 100000, 'Plan Width': 17, 'Disabled': False}]}]}}",657.5501000043005
Q851,1,"SELECT *
            FROM patients
            WHERE age > 23;","{'Plan': {'Node Type': 'Seq Scan', 'Parallel Aware': False, 'Async Capable': False, 'Relation Name': 'patients', 'Alias': 'patients', 'Startup Cost': 0.0, 'Total Cost': 2083.0, 'Plan Rows': 90417, 'Plan Width': 32, 'Disabled': False, 'Filter': '(age > 23)'}}",82.11519988253713
Q852,4,"SELECT p.name, a.appointment_date
            FROM patients p
            JOIN appointments a
            ON p.patient_id = a.patient_id;","{'Plan': {'Node Type': 'Hash Join', 'Parallel Aware': False, 'Async Capable': False, 'Join Type': 'Inner', 'Startup Cost': 3083.0, 'Total Cost': 13072.56, 'Plan Rows': 500000, 'Plan Width': 17, 'Disabled': False, 'Inner Unique': True, 'Hash Cond': '(a.patient_id = p.patient_id)', 'Plans': [{'Node Type': 'Seq Scan', 'Parent Relationship': 'Outer', 'Parallel Aware': False, 'Async Capable': False, 'Relation Name': 'appointments', 'Alias': 'a', 'Startup Cost': 0.0, 'Total Cost': 8677.0, 'Plan Rows': 500000, 'Plan Width': 8, 'Disabled': False}, {'Node Type': 'Hash', 'Parent Relationship': 'Inner', 'Parallel Aware': False, 'Async Capable': False, 'Startup Cost': 1833.0, 'Total Cost': 1833.0, 'Plan Rows': 100000, 'Plan Width': 17, 'Disabled': False, 'Plans': [{'Node Type': 'Seq Scan', 'Parent Relationship': 'Outer', 'Parallel Aware': False, 'Async Capable': False, 'Relation Name': 'patients', 'Alias': 'p', 'Startup Cost': 0.0, 'Total Cost': 1833.0, 'Plan Rows': 100000, 'Plan Width': 17, 'Disabled': False}]}]}}",632.109000114724
Q853,5,"SELECT p.city, COUNT(a.appointment_id)
            FROM patients p
            JOIN appointments a
            ON p.patient_id = a.patient_id
            WHERE p.city = 'Kanpur'
            GROUP BY p.city;","{'Plan': {'Node Type': 'Aggregate', 'Strategy': 'Sorted', 'Partial Mode': 'Finalize', 'Parallel Aware': False, 'Async Capable': False, 'Startup Cost': 3397.96, 'Total Cost': 9836.65, 'Plan Rows': 1, 'Plan Width': 14, 'Disabled': False, 'Plans': [{'Node Type': 'Gather', 'Parent Relationship': 'Outer', 'Parallel Aware': False, 'Async Capable': False, 'Startup Cost': 3397.96, 'Total Cost': 9836.64, 'Plan Rows': 2, 'Plan Width': 14, 'Disabled': False, 'Workers Planned': 2, 'Single Copy': False, 'Plans': [{'Node Type': 'Aggregate', 'Strategy': 'Sorted', 'Partial Mode': 'Partial', 'Parent Relationship': 'Outer', 'Parallel Aware': False, 'Async Capable': False, 'Startup Cost': 2397.96, 'Total Cost': 8836.44, 'Plan Rows': 1, 'Plan Width': 14, 'Disabled': False, 'Plans': [{'Node Type': 'Hash Join', 'Parent Relationship': 'Outer', 'Parallel Aware': False, 'Async Capable': False, 'Join Type': 'Inner', 'Startup Cost': 2397.96, 'Total Cost': 8705.19, 'Plan Rows': 52494, 'Plan Width': 10, 'Disabled': False, 'Inner Unique': True, 'Hash Cond': '(a.patient_id = p.patient_id)', 'Plans': [{'Node Type': 'Seq Scan', 'Parent Relationship': 'Outer', 'Parallel Aware': True, 'Async Capable': False, 'Relation Name': 'appointments', 'Alias': 'a', 'Startup Cost': 0.0, 'Total Cost': 5760.33, 'Plan Rows': 208333, 'Plan Width': 8, 'Disabled': False}, {'Node Type': 'Hash', 'Parent Relationship': 'Inner', 'Parallel Aware': False, 'Async Capable': False, 'Startup Cost': 2083.0, 'Total Cost': 2083.0, 'Plan Rows': 25197, 'Plan Width': 10, 'Disabled': False, 'Plans': [{'Node Type': 'Seq Scan', 'Parent Relationship': 'Outer', 'Parallel Aware': False, 'Async Capable': False, 'Relation Name': 'patients', 'Alias': 'p', 'Startup Cost': 0.0, 'Total Cost': 2083.0, 'Plan Rows': 25197, 'Plan Width': 10, 'Disabled': False, 'Filter': ""((city)::text = 'Kanpur'::text)""}]}]}]}]}]}}",84.92220006883144
Q854,5,"SELECT p.city, COUNT(a.appointment_id)
            FROM patients p
            JOIN appointments a
            ON p.patient_id = a.patient_id
            WHERE p.city = 'Delhi'
            GROUP BY p.city;","{'Plan': {'Node Type': 'Aggregate', 'Strategy': 'Sorted', 'Partial Mode': 'Finalize', 'Parallel Aware': False, 'Async Capable': False, 'Startup Cost': 3394.84, 'Total Cost': 9832.22, 'Plan Rows': 1, 'Plan Width': 14, 'Disabled': False, 'Plans': [{'Node Type': 'Gather', 'Parent Relationship': 'Outer', 'Parallel Aware': False, 'Async Capable': False, 'Startup Cost': 3394.84, 'Total Cost': 9832.21, 'Plan Rows': 2, 'Plan Width': 14, 'Disabled': False, 'Workers Planned': 2, 'Single Copy': False, 'Plans': [{'Node Type': 'Aggregate', 'Strategy': 'Sorted', 'Partial Mode': 'Partial', 'Parent Relationship': 'Outer', 'Parallel Aware': False, 'Async Capable': False, 'Startup Cost': 2394.84, 'Total Cost': 8832.01, 'Plan Rows': 1, 'Plan Width': 14, 'Disabled': False, 'Plans': [{'Node Type': 'Hash Join', 'Parent Relationship': 'Outer', 'Parallel Aware': False, 'Async Capable': False, 'Join Type': 'Inner', 'Startup Cost': 2394.84, 'Total Cost': 8702.07, 'Plan Rows': 51973, 'Plan Width': 10, 'Disabled': False, 'Inner Unique': True, 'Hash Cond': '(a.patient_id = p.patient_id)', 'Plans': [{'Node Type': 'Seq Scan', 'Parent Relationship': 'Outer', 'Parallel Aware': True, 'Async Capable': False, 'Relation Name': 'appointments', 'Alias': 'a', 'Startup Cost': 0.0, 'Total Cost': 5760.33, 'Plan Rows': 208333, 'Plan Width': 8, 'Disabled': False}, {'Node Type': 'Hash', 'Parent Relationship': 'Inner', 'Parallel Aware': False, 'Async Capable': False, 'Startup Cost': 2083.0, 'Total Cost': 2083.0, 'Plan Rows': 24947, 'Plan Width': 10, 'Disabled': False, 'Plans': [{'Node Type': 'Seq Scan', 'Parent Relationship': 'Outer', 'Parallel Aware': False, 'Async Capable': False, 'Relation Name': 'patients', 'Alias': 'p', 'Startup Cost': 0.0, 'Total Cost': 2083.0, 'Plan Rows': 24947, 'Plan Width': 10, 'Disabled': False, 'Filter': ""((city)::text = 'Delhi'::text)""}]}]}]}]}]}}",88.8500998262316
Q855,4,"SELECT p.name, a.appointment_date
            FROM patients p
            JOIN appointments a
            ON p.patient_id = a.patient_id;","{'Plan': {'Node Type': 'Hash Join', 'Parallel Aware': False, 'Async Capable': False, 'Join Type': 'Inner', 'Startup Cost': 3083.0, 'Total Cost': 13072.56, 'Plan Rows': 500000, 'Plan Width': 17, 'Disabled': False, 'Inner Unique': True, 'Hash Cond': '(a.patient_id = p.patient_id)', 'Plans': [{'Node Type': 'Seq Scan', 'Parent Relationship': 'Outer', 'Parallel Aware': False, 'Async Capable': False, 'Relation Name': 'appointments', 'Alias': 'a', 'Startup Cost': 0.0, 'Total Cost': 8677.0, 'Plan Rows': 500000, 'Plan Width': 8, 'Disabled': False}, {'Node Type': 'Hash', 'Parent Relationship': 'Inner', 'Parallel Aware': False, 'Async Capable': False, 'Startup Cost': 1833.0, 'Total Cost': 1833.0, 'Plan Rows': 100000, 'Plan Width': 17, 'Disabled': False, 'Plans': [{'Node Type': 'Seq Scan', 'Parent Relationship': 'Outer', 'Parallel Aware': False, 'Async Capable': False, 'Relation Name': 'patients', 'Alias': 'p', 'Startup Cost': 0.0, 'Total Cost': 1833.0, 'Plan Rows': 100000, 'Plan Width': 17, 'Disabled': False}]}]}}",589.169500162825
Q856,4,"SELECT p.name, a.appointment_date
            FROM patients p
            JOIN appointments a
            ON p.patient_id = a.patient_id;","{'Plan': {'Node Type': 'Hash Join', 'Parallel Aware': False, 'Async Capable': False, 'Join Type': 'Inner', 'Startup Cost': 3083.0, 'Total Cost': 13072.56, 'Plan Rows': 500000, 'Plan Width': 17, 'Disabled': False, 'Inner Unique': True, 'Hash Cond': '(a.patient_id = p.patient_id)', 'Plans': [{'Node Type': 'Seq Scan', 'Parent Relationship': 'Outer', 'Parallel Aware': False, 'Async Capable': False, 'Relation Name': 'appointments', 'Alias': 'a', 'Startup Cost': 0.0, 'Total Cost': 8677.0, 'Plan Rows': 500000, 'Plan Width': 8, 'Disabled': False}, {'Node Type': 'Hash', 'Parent Relationship': 'Inner', 'Parallel Aware': False, 'Async Capable': False, 'Startup Cost': 1833.0, 'Total Cost': 1833.0, 'Plan Rows': 100000, 'Plan Width': 17, 'Disabled': False, 'Plans': [{'Node Type': 'Seq Scan', 'Parent Relationship': 'Outer', 'Parallel Aware': False, 'Async Capable': False, 'Relation Name': 'patients', 'Alias': 'p', 'Startup Cost': 0.0, 'Total Cost': 1833.0, 'Plan Rows': 100000, 'Plan Width': 17, 'Disabled': False}]}]}}",571.3808999862522
Q857,3,"SELECT city, COUNT(*)
            FROM patients
            GROUP BY city;","{'Plan': {'Node Type': 'Aggregate', 'Strategy': 'Hashed', 'Partial Mode': 'Simple', 'Parallel Aware': False, 'Async Capable': False, 'Startup Cost': 2333.0, 'Total Cost': 2333.04, 'Plan Rows': 4, 'Plan Width': 14, 'Disabled': False, 'Group Key': ['city'], 'Planned Partitions': 0, 'Plans': [{'Node Type': 'Seq Scan', 'Parent Relationship': 'Outer', 'Parallel Aware': False, 'Async Capable': False, 'Relation Name': 'patients', 'Alias': 'patients', 'Startup Cost': 0.0, 'Total Cost': 1833.0, 'Plan Rows': 100000, 'Plan Width': 6, 'Disabled': False}]}}",13.390500098466873
Q858,4,"SELECT p.name, a.appointment_date
            FROM patients p
            JOIN appointments a
            ON p.patient_id = a.patient_id;","{'Plan': {'Node Type': 'Hash Join', 'Parallel Aware': False, 'Async Capable': False, 'Join Type': 'Inner', 'Startup Cost': 3083.0, 'Total Cost': 13072.56, 'Plan Rows': 500000, 'Plan Width': 17, 'Disabled': False, 'Inner Unique': True, 'Hash Cond': '(a.patient_id = p.patient_id)', 'Plans': [{'Node Type': 'Seq Scan', 'Parent Relationship': 'Outer', 'Parallel Aware': False, 'Async Capable': False, 'Relation Name': 'appointments', 'Alias': 'a', 'Startup Cost': 0.0, 'Total Cost': 8677.0, 'Plan Rows': 500000, 'Plan Width': 8, 'Disabled': False}, {'Node Type': 'Hash', 'Parent Relationship': 'Inner', 'Parallel Aware': False, 'Async Capable': False, 'Startup Cost': 1833.0, 'Total Cost': 1833.0, 'Plan Rows': 100000, 'Plan Width': 17, 'Disabled': False, 'Plans': [{'Node Type': 'Seq Scan', 'Parent Relationship': 'Outer', 'Parallel Aware': False, 'Async Capable': False, 'Relation Name': 'patients', 'Alias': 'p', 'Startup Cost': 0.0, 'Total Cost': 1833.0, 'Plan Rows': 100000, 'Plan Width': 17, 'Disabled': False}]}]}}",642.5822998862714
Q859,3,"SELECT city, COUNT(*)
            FROM patients
            GROUP BY city;","{'Plan': {'Node Type': 'Aggregate', 'Strategy': 'Hashed', 'Partial Mode': 'Simple', 'Parallel Aware': False, 'Async Capable': False, 'Startup Cost': 2333.0, 'Total Cost': 2333.04, 'Plan Rows': 4, 'Plan Width': 14, 'Disabled': False, 'Group Key': ['city'], 'Planned Partitions': 0, 'Plans': [{'Node Type': 'Seq Scan', 'Parent Relationship': 'Outer', 'Parallel Aware': False, 'Async Capable': False, 'Relation Name': 'patients', 'Alias': 'patients', 'Startup Cost': 0.0, 'Total Cost': 1833.0, 'Plan Rows': 100000, 'Plan Width': 6, 'Disabled': False}]}}",13.571699848398566
Q860,1,"SELECT *
            FROM patients
            WHERE age > 30;","{'Plan': {'Node Type': 'Seq Scan', 'Parallel Aware': False, 'Async Capable': False, 'Relation Name': 'patients', 'Alias': 'patients', 'Startup Cost': 0.0, 'Total Cost': 2083.0, 'Plan Rows': 79387, 'Plan Width': 32, 'Disabled': False, 'Filter': '(age > 30)'}}",81.92569995298982
Q861,4,"SELECT p.name, a.appointment_date
            FROM patients p
            JOIN appointments a
            ON p.patient_id = a.patient_id;","{'Plan': {'Node Type': 'Hash Join', 'Parallel Aware': False, 'Async Capable': False, 'Join Type': 'Inner', 'Startup Cost': 3083.0, 'Total Cost': 13072.56, 'Plan Rows': 500000, 'Plan Width': 17, 'Disabled': False, 'Inner Unique': True, 'Hash Cond': '(a.patient_id = p.patient_id)', 'Plans': [{'Node Type': 'Seq Scan', 'Parent Relationship': 'Outer', 'Parallel Aware': False, 'Async Capable': False, 'Relation Name': 'appointments', 'Alias': 'a', 'Startup Cost': 0.0, 'Total Cost': 8677.0, 'Plan Rows': 500000, 'Plan Width': 8, 'Disabled': False}, {'Node Type': 'Hash', 'Parent Relationship': 'Inner', 'Parallel Aware': False, 'Async Capable': False, 'Startup Cost': 1833.0, 'Total Cost': 1833.0, 'Plan Rows': 100000, 'Plan Width': 17, 'Disabled': False, 'Plans': [{'Node Type': 'Seq Scan', 'Parent Relationship': 'Outer', 'Parallel Aware': False, 'Async Capable': False, 'Relation Name': 'patients', 'Alias': 'p', 'Startup Cost': 0.0, 'Total Cost': 1833.0, 'Plan Rows': 100000, 'Plan Width': 17, 'Disabled': False}]}]}}",586.0561998561025
Q862,2,"SELECT *
            FROM patients
            WHERE city = 'Lucknow';","{'Plan': {'Node Type': 'Seq Scan', 'Parallel Aware': False, 'Async Capable': False, 'Relation Name': 'patients', 'Alias': 'patients', 'Startup Cost': 0.0, 'Total Cost': 2083.0, 'Plan Rows': 24850, 'Plan Width': 32, 'Disabled': False, 'Filter': ""((city)::text = 'Lucknow'::text)""}}",21.81659988127649
Q863,2,"SELECT *
            FROM patients
            WHERE city = 'Mumbai';","{'Plan': {'Node Type': 'Seq Scan', 'Parallel Aware': False, 'Async Capable': False, 'Relation Name': 'patients', 'Alias': 'patients', 'Startup Cost': 0.0, 'Total Cost': 2083.0, 'Plan Rows': 25007, 'Plan Width': 32, 'Disabled': False, 'Filter': ""((city)::text = 'Mumbai'::text)""}}",28.212400153279305
Q864,1,"SELECT *
            FROM patients
            WHERE age > 30;","{'Plan': {'Node Type': 'Seq Scan', 'Parallel Aware': False, 'Async Capable': False, 'Relation Name': 'patients', 'Alias': 'patients', 'Startup Cost': 0.0, 'Total Cost': 2083.0, 'Plan Rows': 79387, 'Plan Width': 32, 'Disabled': False, 'Filter': '(age > 30)'}}",62.78609996661544
Q865,5,"SELECT p.city, COUNT(a.appointment_id)
            FROM patients p
            JOIN appointments a
            ON p.patient_id = a.patient_id
            WHERE p.city = 'Kanpur'
            GROUP BY p.city;","{'Plan': {'Node Type': 'Aggregate', 'Strategy': 'Sorted', 'Partial Mode': 'Finalize', 'Parallel Aware': False, 'Async Capable': False, 'Startup Cost': 3397.96, 'Total Cost': 9836.65, 'Plan Rows': 1, 'Plan Width': 14, 'Disabled': False, 'Plans': [{'Node Type': 'Gather', 'Parent Relationship': 'Outer', 'Parallel Aware': False, 'Async Capable': False, 'Startup Cost': 3397.96, 'Total Cost': 9836.64, 'Plan Rows': 2, 'Plan Width': 14, 'Disabled': False, 'Workers Planned': 2, 'Single Copy': False, 'Plans': [{'Node Type': 'Aggregate', 'Strategy': 'Sorted', 'Partial Mode': 'Partial', 'Parent Relationship': 'Outer', 'Parallel Aware': False, 'Async Capable': False, 'Startup Cost': 2397.96, 'Total Cost': 8836.44, 'Plan Rows': 1, 'Plan Width': 14, 'Disabled': False, 'Plans': [{'Node Type': 'Hash Join', 'Parent Relationship': 'Outer', 'Parallel Aware': False, 'Async Capable': False, 'Join Type': 'Inner', 'Startup Cost': 2397.96, 'Total Cost': 8705.19, 'Plan Rows': 52494, 'Plan Width': 10, 'Disabled': False, 'Inner Unique': True, 'Hash Cond': '(a.patient_id = p.patient_id)', 'Plans': [{'Node Type': 'Seq Scan', 'Parent Relationship': 'Outer', 'Parallel Aware': True, 'Async Capable': False, 'Relation Name': 'appointments', 'Alias': 'a', 'Startup Cost': 0.0, 'Total Cost': 5760.33, 'Plan Rows': 208333, 'Plan Width': 8, 'Disabled': False}, {'Node Type': 'Hash', 'Parent Relationship': 'Inner', 'Parallel Aware': False, 'Async Capable': False, 'Startup Cost': 2083.0, 'Total Cost': 2083.0, 'Plan Rows': 25197, 'Plan Width': 10, 'Disabled': False, 'Plans': [{'Node Type': 'Seq Scan', 'Parent Relationship': 'Outer', 'Parallel Aware': False, 'Async Capable': False, 'Relation Name': 'patients', 'Alias': 'p', 'Startup Cost': 0.0, 'Total Cost': 2083.0, 'Plan Rows': 25197, 'Plan Width': 10, 'Disabled': False, 'Filter': ""((city)::text = 'Kanpur'::text)""}]}]}]}]}]}}",99.93289993144572
Q866,3,"SELECT city, COUNT(*)
            FROM patients
            GROUP BY city;","{'Plan': {'Node Type': 'Aggregate', 'Strategy': 'Hashed', 'Partial Mode': 'Simple', 'Parallel Aware': False, 'Async Capable': False, 'Startup Cost': 2333.0, 'Total Cost': 2333.04, 'Plan Rows': 4, 'Plan Width': 14, 'Disabled': False, 'Group Key': ['city'], 'Planned Partitions': 0, 'Plans': [{'Node Type': 'Seq Scan', 'Parent Relationship': 'Outer', 'Parallel Aware': False, 'Async Capable': False, 'Relation Name': 'patients', 'Alias': 'patients', 'Startup Cost': 0.0, 'Total Cost': 1833.0, 'Plan Rows': 100000, 'Plan Width': 6, 'Disabled': False}]}}",23.120899917557836
Q867,4,"SELECT p.name, a.appointment_date
            FROM patients p
            JOIN appointments a
            ON p.patient_id = a.patient_id;","{'Plan': {'Node Type': 'Hash Join', 'Parallel Aware': False, 'Async Capable': False, 'Join Type': 'Inner', 'Startup Cost': 3083.0, 'Total Cost': 13072.56, 'Plan Rows': 500000, 'Plan Width': 17, 'Disabled': False, 'Inner Unique': True, 'Hash Cond': '(a.patient_id = p.patient_id)', 'Plans': [{'Node Type': 'Seq Scan', 'Parent Relationship': 'Outer', 'Parallel Aware': False, 'Async Capable': False, 'Relation Name': 'appointments', 'Alias': 'a', 'Startup Cost': 0.0, 'Total Cost': 8677.0, 'Plan Rows': 500000, 'Plan Width': 8, 'Disabled': False}, {'Node Type': 'Hash', 'Parent Relationship': 'Inner', 'Parallel Aware': False, 'Async Capable': False, 'Startup Cost': 1833.0, 'Total Cost': 1833.0, 'Plan Rows': 100000, 'Plan Width': 17, 'Disabled': False, 'Plans': [{'Node Type': 'Seq Scan', 'Parent Relationship': 'Outer', 'Parallel Aware': False, 'Async Capable': False, 'Relation Name': 'patients', 'Alias': 'p', 'Startup Cost': 0.0, 'Total Cost': 1833.0, 'Plan Rows': 100000, 'Plan Width': 17, 'Disabled': False}]}]}}",447.76000012643635
Q868,1,"SELECT *
            FROM patients
            WHERE age > 18;","{'Plan': {'Node Type': 'Seq Scan', 'Parallel Aware': False, 'Async Capable': False, 'Relation Name': 'patients', 'Alias': 'patients', 'Startup Cost': 0.0, 'Total Cost': 2083.0, 'Plan Rows': 98410, 'Plan Width': 32, 'Disabled': False, 'Filter': '(age > 18)'}}",63.98459989577532
Q869,5,"SELECT p.city, COUNT(a.appointment_id)
            FROM patients p
            JOIN appointments a
            ON p.patient_id = a.patient_id
            WHERE p.city = 'Mumbai'
            GROUP BY p.city;","{'Plan': {'Node Type': 'Aggregate', 'Strategy': 'Sorted', 'Partial Mode': 'Finalize', 'Parallel Aware': False, 'Async Capable': False, 'Startup Cost': 3395.59, 'Total Cost': 9833.29, 'Plan Rows': 1, 'Plan Width': 14, 'Disabled': False, 'Plans': [{'Node Type': 'Gather', 'Parent Relationship': 'Outer', 'Parallel Aware': False, 'Async Capable': False, 'Startup Cost': 3395.59, 'Total Cost': 9833.27, 'Plan Rows': 2, 'Plan Width': 14, 'Disabled': False, 'Workers Planned': 2, 'Single Copy': False, 'Plans': [{'Node Type': 'Aggregate', 'Strategy': 'Sorted', 'Partial Mode': 'Partial', 'Parent Relationship': 'Outer', 'Parallel Aware': False, 'Async Capable': False, 'Startup Cost': 2395.59, 'Total Cost': 8833.07, 'Plan Rows': 1, 'Plan Width': 14, 'Disabled': False, 'Plans': [{'Node Type': 'Hash Join', 'Parent Relationship': 'Outer', 'Parallel Aware': False, 'Async Capable': False, 'Join Type': 'Inner', 'Startup Cost': 2395.59, 'Total Cost': 8702.82, 'Plan Rows': 52098, 'Plan Width': 10, 'Disabled': False, 'Inner Unique': True, 'Hash Cond': '(a.patient_id = p.patient_id)', 'Plans': [{'Node Type': 'Seq Scan', 'Parent Relationship': 'Outer', 'Parallel Aware': True, 'Async Capable': False, 'Relation Name': 'appointments', 'Alias': 'a', 'Startup Cost': 0.0, 'Total Cost': 5760.33, 'Plan Rows': 208333, 'Plan Width': 8, 'Disabled': False}, {'Node Type': 'Hash', 'Parent Relationship': 'Inner', 'Parallel Aware': False, 'Async Capable': False, 'Startup Cost': 2083.0, 'Total Cost': 2083.0, 'Plan Rows': 25007, 'Plan Width': 10, 'Disabled': False, 'Plans': [{'Node Type': 'Seq Scan', 'Parent Relationship': 'Outer', 'Parallel Aware': False, 'Async Capable': False, 'Relation Name': 'patients', 'Alias': 'p', 'Startup Cost': 0.0, 'Total Cost': 2083.0, 'Plan Rows': 25007, 'Plan Width': 10, 'Disabled': False, 'Filter': ""((city)::text = 'Mumbai'::text)""}]}]}]}]}]}}",89.64410005137324
Q870,4,"SELECT p.name, a.appointment_date
            FROM patients p
            JOIN appointments a
            ON p.patient_id = a.patient_id;","{'Plan': {'Node Type': 'Hash Join', 'Parallel Aware': False, 'Async Capable': False, 'Join Type': 'Inner', 'Startup Cost': 3083.0, 'Total Cost': 13072.56, 'Plan Rows': 500000, 'Plan Width': 17, 'Disabled': False, 'Inner Unique': True, 'Hash Cond': '(a.patient_id = p.patient_id)', 'Plans': [{'Node Type': 'Seq Scan', 'Parent Relationship': 'Outer', 'Parallel Aware': False, 'Async Capable': False, 'Relation Name': 'appointments', 'Alias': 'a', 'Startup Cost': 0.0, 'Total Cost': 8677.0, 'Plan Rows': 500000, 'Plan Width': 8, 'Disabled': False}, {'Node Type': 'Hash', 'Parent Relationship': 'Inner', 'Parallel Aware': False, 'Async Capable': False, 'Startup Cost': 1833.0, 'Total Cost': 1833.0, 'Plan Rows': 100000, 'Plan Width': 17, 'Disabled': False, 'Plans': [{'Node Type': 'Seq Scan', 'Parent Relationship': 'Outer', 'Parallel Aware': False, 'Async Capable': False, 'Relation Name': 'patients', 'Alias': 'p', 'Startup Cost': 0.0, 'Total Cost': 1833.0, 'Plan Rows': 100000, 'Plan Width': 17, 'Disabled': False}]}]}}",493.1137999519706
Q871,4,"SELECT p.name, a.appointment_date
            FROM patients p
            JOIN appointments a
            ON p.patient_id = a.patient_id;","{'Plan': {'Node Type': 'Hash Join', 'Parallel Aware': False, 'Async Capable': False, 'Join Type': 'Inner', 'Startup Cost': 3083.0, 'Total Cost': 13072.56, 'Plan Rows': 500000, 'Plan Width': 17, 'Disabled': False, 'Inner Unique': True, 'Hash Cond': '(a.patient_id = p.patient_id)', 'Plans': [{'Node Type': 'Seq Scan', 'Parent Relationship': 'Outer', 'Parallel Aware': False, 'Async Capable': False, 'Relation Name': 'appointments', 'Alias': 'a', 'Startup Cost': 0.0, 'Total Cost': 8677.0, 'Plan Rows': 500000, 'Plan Width': 8, 'Disabled': False}, {'Node Type': 'Hash', 'Parent Relationship': 'Inner', 'Parallel Aware': False, 'Async Capable': False, 'Startup Cost': 1833.0, 'Total Cost': 1833.0, 'Plan Rows': 100000, 'Plan Width': 17, 'Disabled': False, 'Plans': [{'Node Type': 'Seq Scan', 'Parent Relationship': 'Outer', 'Parallel Aware': False, 'Async Capable': False, 'Relation Name': 'patients', 'Alias': 'p', 'Startup Cost': 0.0, 'Total Cost': 1833.0, 'Plan Rows': 100000, 'Plan Width': 17, 'Disabled': False}]}]}}",462.2186999768019
Q872,5,"SELECT p.city, COUNT(a.appointment_id)
            FROM patients p
            JOIN appointments a
            ON p.patient_id = a.patient_id
            WHERE p.city = 'Delhi'
            GROUP BY p.city;","{'Plan': {'Node Type': 'Aggregate', 'Strategy': 'Sorted', 'Partial Mode': 'Finalize', 'Parallel Aware': False, 'Async Capable': False, 'Startup Cost': 3394.84, 'Total Cost': 9832.22, 'Plan Rows': 1, 'Plan Width': 14, 'Disabled': False, 'Plans': [{'Node Type': 'Gather', 'Parent Relationship': 'Outer', 'Parallel Aware': False, 'Async Capable': False, 'Startup Cost': 3394.84, 'Total Cost': 9832.21, 'Plan Rows': 2, 'Plan Width': 14, 'Disabled': False, 'Workers Planned': 2, 'Single Copy': False, 'Plans': [{'Node Type': 'Aggregate', 'Strategy': 'Sorted', 'Partial Mode': 'Partial', 'Parent Relationship': 'Outer', 'Parallel Aware': False, 'Async Capable': False, 'Startup Cost': 2394.84, 'Total Cost': 8832.01, 'Plan Rows': 1, 'Plan Width': 14, 'Disabled': False, 'Plans': [{'Node Type': 'Hash Join', 'Parent Relationship': 'Outer', 'Parallel Aware': False, 'Async Capable': False, 'Join Type': 'Inner', 'Startup Cost': 2394.84, 'Total Cost': 8702.07, 'Plan Rows': 51973, 'Plan Width': 10, 'Disabled': False, 'Inner Unique': True, 'Hash Cond': '(a.patient_id = p.patient_id)', 'Plans': [{'Node Type': 'Seq Scan', 'Parent Relationship': 'Outer', 'Parallel Aware': True, 'Async Capable': False, 'Relation Name': 'appointments', 'Alias': 'a', 'Startup Cost': 0.0, 'Total Cost': 5760.33, 'Plan Rows': 208333, 'Plan Width': 8, 'Disabled': False}, {'Node Type': 'Hash', 'Parent Relationship': 'Inner', 'Parallel Aware': False, 'Async Capable': False, 'Startup Cost': 2083.0, 'Total Cost': 2083.0, 'Plan Rows': 24947, 'Plan Width': 10, 'Disabled': False, 'Plans': [{'Node Type': 'Seq Scan', 'Parent Relationship': 'Outer', 'Parallel Aware': False, 'Async Capable': False, 'Relation Name': 'patients', 'Alias': 'p', 'Startup Cost': 0.0, 'Total Cost': 2083.0, 'Plan Rows': 24947, 'Plan Width': 10, 'Disabled': False, 'Filter': ""((city)::text = 'Delhi'::text)""}]}]}]}]}]}}",99.15870008990169
Q873,1,"SELECT *
            FROM patients
            WHERE age > 48;","{'Plan': {'Node Type': 'Seq Scan', 'Parallel Aware': False, 'Async Capable': False, 'Relation Name': 'patients', 'Alias': 'patients', 'Startup Cost': 0.0, 'Total Cost': 2083.0, 'Plan Rows': 50297, 'Plan Width': 32, 'Disabled': False, 'Filter': '(age > 48)'}}",46.47439997643232
Q874,2,"SELECT *
            FROM patients
            WHERE city = 'Lucknow';","{'Plan': {'Node Type': 'Seq Scan', 'Parallel Aware': False, 'Async Capable': False, 'Relation Name': 'patients', 'Alias': 'patients', 'Startup Cost': 0.0, 'Total Cost': 2083.0, 'Plan Rows': 24850, 'Plan Width': 32, 'Disabled': False, 'Filter': ""((city)::text = 'Lucknow'::text)""}}",34.42240017466247
Q875,1,"SELECT *
            FROM patients
            WHERE age > 68;","{'Plan': {'Node Type': 'Seq Scan', 'Parallel Aware': False, 'Async Capable': False, 'Relation Name': 'patients', 'Alias': 'patients', 'Startup Cost': 0.0, 'Total Cost': 2083.0, 'Plan Rows': 19053, 'Plan Width': 32, 'Disabled': False, 'Filter': '(age > 68)'}}",21.516299806535244
Q876,5,"SELECT p.city, COUNT(a.appointment_id)
            FROM patients p
            JOIN appointments a
            ON p.patient_id = a.patient_id
            WHERE p.city = 'Delhi'
            GROUP BY p.city;","{'Plan': {'Node Type': 'Aggregate', 'Strategy': 'Sorted', 'Partial Mode': 'Finalize', 'Parallel Aware': False, 'Async Capable': False, 'Startup Cost': 3394.84, 'Total Cost': 9832.22, 'Plan Rows': 1, 'Plan Width': 14, 'Disabled': False, 'Plans': [{'Node Type': 'Gather', 'Parent Relationship': 'Outer', 'Parallel Aware': False, 'Async Capable': False, 'Startup Cost': 3394.84, 'Total Cost': 9832.21, 'Plan Rows': 2, 'Plan Width': 14, 'Disabled': False, 'Workers Planned': 2, 'Single Copy': False, 'Plans': [{'Node Type': 'Aggregate', 'Strategy': 'Sorted', 'Partial Mode': 'Partial', 'Parent Relationship': 'Outer', 'Parallel Aware': False, 'Async Capable': False, 'Startup Cost': 2394.84, 'Total Cost': 8832.01, 'Plan Rows': 1, 'Plan Width': 14, 'Disabled': False, 'Plans': [{'Node Type': 'Hash Join', 'Parent Relationship': 'Outer', 'Parallel Aware': False, 'Async Capable': False, 'Join Type': 'Inner', 'Startup Cost': 2394.84, 'Total Cost': 8702.07, 'Plan Rows': 51973, 'Plan Width': 10, 'Disabled': False, 'Inner Unique': True, 'Hash Cond': '(a.patient_id = p.patient_id)', 'Plans': [{'Node Type': 'Seq Scan', 'Parent Relationship': 'Outer', 'Parallel Aware': True, 'Async Capable': False, 'Relation Name': 'appointments', 'Alias': 'a', 'Startup Cost': 0.0, 'Total Cost': 5760.33, 'Plan Rows': 208333, 'Plan Width': 8, 'Disabled': False}, {'Node Type': 'Hash', 'Parent Relationship': 'Inner', 'Parallel Aware': False, 'Async Capable': False, 'Startup Cost': 2083.0, 'Total Cost': 2083.0, 'Plan Rows': 24947, 'Plan Width': 10, 'Disabled': False, 'Plans': [{'Node Type': 'Seq Scan', 'Parent Relationship': 'Outer', 'Parallel Aware': False, 'Async Capable': False, 'Relation Name': 'patients', 'Alias': 'p', 'Startup Cost': 0.0, 'Total Cost': 2083.0, 'Plan Rows': 24947, 'Plan Width': 10, 'Disabled': False, 'Filter': ""((city)::text = 'Delhi'::text)""}]}]}]}]}]}}",85.91829985380173
Q877,3,"SELECT city, COUNT(*)
            FROM patients
            GROUP BY city;","{'Plan': {'Node Type': 'Aggregate', 'Strategy': 'Hashed', 'Partial Mode': 'Simple', 'Parallel Aware': False, 'Async Capable': False, 'Startup Cost': 2333.0, 'Total Cost': 2333.04, 'Plan Rows': 4, 'Plan Width': 14, 'Disabled': False, 'Group Key': ['city'], 'Planned Partitions': 0, 'Plans': [{'Node Type': 'Seq Scan', 'Parent Relationship': 'Outer', 'Parallel Aware': False, 'Async Capable': False, 'Relation Name': 'patients', 'Alias': 'patients', 'Startup Cost': 0.0, 'Total Cost': 1833.0, 'Plan Rows': 100000, 'Plan Width': 6, 'Disabled': False}]}}",20.91709990054369
Q878,3,"SELECT city, COUNT(*)
            FROM patients
            GROUP BY city;","{'Plan': {'Node Type': 'Aggregate', 'Strategy': 'Hashed', 'Partial Mode': 'Simple', 'Parallel Aware': False, 'Async Capable': False, 'Startup Cost': 2333.0, 'Total Cost': 2333.04, 'Plan Rows': 4, 'Plan Width': 14, 'Disabled': False, 'Group Key': ['city'], 'Planned Partitions': 0, 'Plans': [{'Node Type': 'Seq Scan', 'Parent Relationship': 'Outer', 'Parallel Aware': False, 'Async Capable': False, 'Relation Name': 'patients', 'Alias': 'patients', 'Startup Cost': 0.0, 'Total Cost': 1833.0, 'Plan Rows': 100000, 'Plan Width': 6, 'Disabled': False}]}}",22.155399899929762
Q879,4,"SELECT p.name, a.appointment_date
            FROM patients p
            JOIN appointments a
            ON p.patient_id = a.patient_id;","{'Plan': {'Node Type': 'Hash Join', 'Parallel Aware': False, 'Async Capable': False, 'Join Type': 'Inner', 'Startup Cost': 3083.0, 'Total Cost': 13072.56, 'Plan Rows': 500000, 'Plan Width': 17, 'Disabled': False, 'Inner Unique': True, 'Hash Cond': '(a.patient_id = p.patient_id)', 'Plans': [{'Node Type': 'Seq Scan', 'Parent Relationship': 'Outer', 'Parallel Aware': False, 'Async Capable': False, 'Relation Name': 'appointments', 'Alias': 'a', 'Startup Cost': 0.0, 'Total Cost': 8677.0, 'Plan Rows': 500000, 'Plan Width': 8, 'Disabled': False}, {'Node Type': 'Hash', 'Parent Relationship': 'Inner', 'Parallel Aware': False, 'Async Capable': False, 'Startup Cost': 1833.0, 'Total Cost': 1833.0, 'Plan Rows': 100000, 'Plan Width': 17, 'Disabled': False, 'Plans': [{'Node Type': 'Seq Scan', 'Parent Relationship': 'Outer', 'Parallel Aware': False, 'Async Capable': False, 'Relation Name': 'patients', 'Alias': 'p', 'Startup Cost': 0.0, 'Total Cost': 1833.0, 'Plan Rows': 100000, 'Plan Width': 17, 'Disabled': False}]}]}}",434.4321000389755
Q880,5,"SELECT p.city, COUNT(a.appointment_id)
            FROM patients p
            JOIN appointments a
            ON p.patient_id = a.patient_id
            WHERE p.city = 'Mumbai'
            GROUP BY p.city;","{'Plan': {'Node Type': 'Aggregate', 'Strategy': 'Sorted', 'Partial Mode': 'Finalize', 'Parallel Aware': False, 'Async Capable': False, 'Startup Cost': 3395.59, 'Total Cost': 9833.29, 'Plan Rows': 1, 'Plan Width': 14, 'Disabled': False, 'Plans': [{'Node Type': 'Gather', 'Parent Relationship': 'Outer', 'Parallel Aware': False, 'Async Capable': False, 'Startup Cost': 3395.59, 'Total Cost': 9833.27, 'Plan Rows': 2, 'Plan Width': 14, 'Disabled': False, 'Workers Planned': 2, 'Single Copy': False, 'Plans': [{'Node Type': 'Aggregate', 'Strategy': 'Sorted', 'Partial Mode': 'Partial', 'Parent Relationship': 'Outer', 'Parallel Aware': False, 'Async Capable': False, 'Startup Cost': 2395.59, 'Total Cost': 8833.07, 'Plan Rows': 1, 'Plan Width': 14, 'Disabled': False, 'Plans': [{'Node Type': 'Hash Join', 'Parent Relationship': 'Outer', 'Parallel Aware': False, 'Async Capable': False, 'Join Type': 'Inner', 'Startup Cost': 2395.59, 'Total Cost': 8702.82, 'Plan Rows': 52098, 'Plan Width': 10, 'Disabled': False, 'Inner Unique': True, 'Hash Cond': '(a.patient_id = p.patient_id)', 'Plans': [{'Node Type': 'Seq Scan', 'Parent Relationship': 'Outer', 'Parallel Aware': True, 'Async Capable': False, 'Relation Name': 'appointments', 'Alias': 'a', 'Startup Cost': 0.0, 'Total Cost': 5760.33, 'Plan Rows': 208333, 'Plan Width': 8, 'Disabled': False}, {'Node Type': 'Hash', 'Parent Relationship': 'Inner', 'Parallel Aware': False, 'Async Capable': False, 'Startup Cost': 2083.0, 'Total Cost': 2083.0, 'Plan Rows': 25007, 'Plan Width': 10, 'Disabled': False, 'Plans': [{'Node Type': 'Seq Scan', 'Parent Relationship': 'Outer', 'Parallel Aware': False, 'Async Capable': False, 'Relation Name': 'patients', 'Alias': 'p', 'Startup Cost': 0.0, 'Total Cost': 2083.0, 'Plan Rows': 25007, 'Plan Width': 10, 'Disabled': False, 'Filter': ""((city)::text = 'Mumbai'::text)""}]}]}]}]}]}}",75.06349985487759
Q881,3,"SELECT city, COUNT(*)
            FROM patients
            GROUP BY city;","{'Plan': {'Node Type': 'Aggregate', 'Strategy': 'Hashed', 'Partial Mode': 'Simple', 'Parallel Aware': False, 'Async Capable': False, 'Startup Cost': 2333.0, 'Total Cost': 2333.04, 'Plan Rows': 4, 'Plan Width': 14, 'Disabled': False, 'Group Key': ['city'], 'Planned Partitions': 0, 'Plans': [{'Node Type': 'Seq Scan', 'Parent Relationship': 'Outer', 'Parallel Aware': False, 'Async Capable': False, 'Relation Name': 'patients', 'Alias': 'patients', 'Startup Cost': 0.0, 'Total Cost': 1833.0, 'Plan Rows': 100000, 'Plan Width': 6, 'Disabled': False}]}}",21.818399894982576
Q882,4,"SELECT p.name, a.appointment_date
            FROM patients p
            JOIN appointments a
            ON p.patient_id = a.patient_id;","{'Plan': {'Node Type': 'Hash Join', 'Parallel Aware': False, 'Async Capable': False, 'Join Type': 'Inner', 'Startup Cost': 3083.0, 'Total Cost': 13072.56, 'Plan Rows': 500000, 'Plan Width': 17, 'Disabled': False, 'Inner Unique': True, 'Hash Cond': '(a.patient_id = p.patient_id)', 'Plans': [{'Node Type': 'Seq Scan', 'Parent Relationship': 'Outer', 'Parallel Aware': False, 'Async Capable': False, 'Relation Name': 'appointments', 'Alias': 'a', 'Startup Cost': 0.0, 'Total Cost': 8677.0, 'Plan Rows': 500000, 'Plan Width': 8, 'Disabled': False}, {'Node Type': 'Hash', 'Parent Relationship': 'Inner', 'Parallel Aware': False, 'Async Capable': False, 'Startup Cost': 1833.0, 'Total Cost': 1833.0, 'Plan Rows': 100000, 'Plan Width': 17, 'Disabled': False, 'Plans': [{'Node Type': 'Seq Scan', 'Parent Relationship': 'Outer', 'Parallel Aware': False, 'Async Capable': False, 'Relation Name': 'patients', 'Alias': 'p', 'Startup Cost': 0.0, 'Total Cost': 1833.0, 'Plan Rows': 100000, 'Plan Width': 17, 'Disabled': False}]}]}}",503.54559998959303
Q883,1,"SELECT *
            FROM patients
            WHERE age > 33;","{'Plan': {'Node Type': 'Seq Scan', 'Parallel Aware': False, 'Async Capable': False, 'Relation Name': 'patients', 'Alias': 'patients', 'Startup Cost': 0.0, 'Total Cost': 2083.0, 'Plan Rows': 74580, 'Plan Width': 32, 'Disabled': False, 'Filter': '(age > 33)'}}",89.03670008294284
Q884,4,"SELECT p.name, a.appointment_date
            FROM patients p
            JOIN appointments a
            ON p.patient_id = a.patient_id;","{'Plan': {'Node Type': 'Hash Join', 'Parallel Aware': False, 'Async Capable': False, 'Join Type': 'Inner', 'Startup Cost': 3083.0, 'Total Cost': 13072.56, 'Plan Rows': 500000, 'Plan Width': 17, 'Disabled': False, 'Inner Unique': True, 'Hash Cond': '(a.patient_id = p.patient_id)', 'Plans': [{'Node Type': 'Seq Scan', 'Parent Relationship': 'Outer', 'Parallel Aware': False, 'Async Capable': False, 'Relation Name': 'appointments', 'Alias': 'a', 'Startup Cost': 0.0, 'Total Cost': 8677.0, 'Plan Rows': 500000, 'Plan Width': 8, 'Disabled': False}, {'Node Type': 'Hash', 'Parent Relationship': 'Inner', 'Parallel Aware': False, 'Async Capable': False, 'Startup Cost': 1833.0, 'Total Cost': 1833.0, 'Plan Rows': 100000, 'Plan Width': 17, 'Disabled': False, 'Plans': [{'Node Type': 'Seq Scan', 'Parent Relationship': 'Outer', 'Parallel Aware': False, 'Async Capable': False, 'Relation Name': 'patients', 'Alias': 'p', 'Startup Cost': 0.0, 'Total Cost': 1833.0, 'Plan Rows': 100000, 'Plan Width': 17, 'Disabled': False}]}]}}",610.1079999934882
Q885,1,"SELECT *
            FROM patients
            WHERE age > 20;","{'Plan': {'Node Type': 'Seq Scan', 'Parallel Aware': False, 'Async Capable': False, 'Relation Name': 'patients', 'Alias': 'patients', 'Startup Cost': 0.0, 'Total Cost': 2083.0, 'Plan Rows': 95297, 'Plan Width': 32, 'Disabled': False, 'Filter': '(age > 20)'}}",65.9024000633508
Q886,2,"SELECT *
            FROM patients
            WHERE city = 'Kanpur';","{'Plan': {'Node Type': 'Seq Scan', 'Parallel Aware': False, 'Async Capable': False, 'Relation Name': 'patients', 'Alias': 'patients', 'Startup Cost': 0.0, 'Total Cost': 2083.0, 'Plan Rows': 25197, 'Plan Width': 32, 'Disabled': False, 'Filter': ""((city)::text = 'Kanpur'::text)""}}",28.80710014142096
Q887,4,"SELECT p.name, a.appointment_date
            FROM patients p
            JOIN appointments a
            ON p.patient_id = a.patient_id;","{'Plan': {'Node Type': 'Hash Join', 'Parallel Aware': False, 'Async Capable': False, 'Join Type': 'Inner', 'Startup Cost': 3083.0, 'Total Cost': 13072.56, 'Plan Rows': 500000, 'Plan Width': 17, 'Disabled': False, 'Inner Unique': True, 'Hash Cond': '(a.patient_id = p.patient_id)', 'Plans': [{'Node Type': 'Seq Scan', 'Parent Relationship': 'Outer', 'Parallel Aware': False, 'Async Capable': False, 'Relation Name': 'appointments', 'Alias': 'a', 'Startup Cost': 0.0, 'Total Cost': 8677.0, 'Plan Rows': 500000, 'Plan Width': 8, 'Disabled': False}, {'Node Type': 'Hash', 'Parent Relationship': 'Inner', 'Parallel Aware': False, 'Async Capable': False, 'Startup Cost': 1833.0, 'Total Cost': 1833.0, 'Plan Rows': 100000, 'Plan Width': 17, 'Disabled': False, 'Plans': [{'Node Type': 'Seq Scan', 'Parent Relationship': 'Outer', 'Parallel Aware': False, 'Async Capable': False, 'Relation Name': 'patients', 'Alias': 'p', 'Startup Cost': 0.0, 'Total Cost': 1833.0, 'Plan Rows': 100000, 'Plan Width': 17, 'Disabled': False}]}]}}",546.0351000074297
Q888,1,"SELECT *
            FROM patients
            WHERE age > 41;","{'Plan': {'Node Type': 'Seq Scan', 'Parallel Aware': False, 'Async Capable': False, 'Relation Name': 'patients', 'Alias': 'patients', 'Startup Cost': 0.0, 'Total Cost': 2083.0, 'Plan Rows': 61913, 'Plan Width': 32, 'Disabled': False, 'Filter': '(age > 41)'}}",48.94689982756972
Q889,2,"SELECT *
            FROM patients
            WHERE city = 'Mumbai';","{'Plan': {'Node Type': 'Seq Scan', 'Parallel Aware': False, 'Async Capable': False, 'Relation Name': 'patients', 'Alias': 'patients', 'Startup Cost': 0.0, 'Total Cost': 2083.0, 'Plan Rows': 25007, 'Plan Width': 32, 'Disabled': False, 'Filter': ""((city)::text = 'Mumbai'::text)""}}",19.828200107440352
Q890,1,"SELECT *
            FROM patients
            WHERE age > 53;","{'Plan': {'Node Type': 'Seq Scan', 'Parallel Aware': False, 'Async Capable': False, 'Relation Name': 'patients', 'Alias': 'patients', 'Startup Cost': 0.0, 'Total Cost': 2083.0, 'Plan Rows': 42313, 'Plan Width': 32, 'Disabled': False, 'Filter': '(age > 53)'}}",30.999799957498908
Q891,3,"SELECT city, COUNT(*)
            FROM patients
            GROUP BY city;","{'Plan': {'Node Type': 'Aggregate', 'Strategy': 'Hashed', 'Partial Mode': 'Simple', 'Parallel Aware': False, 'Async Capable': False, 'Startup Cost': 2333.0, 'Total Cost': 2333.04, 'Plan Rows': 4, 'Plan Width': 14, 'Disabled': False, 'Group Key': ['city'], 'Planned Partitions': 0, 'Plans': [{'Node Type': 'Seq Scan', 'Parent Relationship': 'Outer', 'Parallel Aware': False, 'Async Capable': False, 'Relation Name': 'patients', 'Alias': 'patients', 'Startup Cost': 0.0, 'Total Cost': 1833.0, 'Plan Rows': 100000, 'Plan Width': 6, 'Disabled': False}]}}",18.533499911427498
Q892,5,"SELECT p.city, COUNT(a.appointment_id)
            FROM patients p
            JOIN appointments a
            ON p.patient_id = a.patient_id
            WHERE p.city = 'Lucknow'
            GROUP BY p.city;","{'Plan': {'Node Type': 'Aggregate', 'Strategy': 'Sorted', 'Partial Mode': 'Finalize', 'Parallel Aware': False, 'Async Capable': False, 'Startup Cost': 3393.62, 'Total Cost': 9830.51, 'Plan Rows': 1, 'Plan Width': 14, 'Disabled': False, 'Plans': [{'Node Type': 'Gather', 'Parent Relationship': 'Outer', 'Parallel Aware': False, 'Async Capable': False, 'Startup Cost': 3393.62, 'Total Cost': 9830.49, 'Plan Rows': 2, 'Plan Width': 14, 'Disabled': False, 'Workers Planned': 2, 'Single Copy': False, 'Plans': [{'Node Type': 'Aggregate', 'Strategy': 'Sorted', 'Partial Mode': 'Partial', 'Parent Relationship': 'Outer', 'Parallel Aware': False, 'Async Capable': False, 'Startup Cost': 2393.62, 'Total Cost': 8830.29, 'Plan Rows': 1, 'Plan Width': 14, 'Disabled': False, 'Plans': [{'Node Type': 'Hash Join', 'Parent Relationship': 'Outer', 'Parallel Aware': False, 'Async Capable': False, 'Join Type': 'Inner', 'Startup Cost': 2393.62, 'Total Cost': 8700.85, 'Plan Rows': 51771, 'Plan Width': 10, 'Disabled': False, 'Inner Unique': True, 'Hash Cond': '(a.patient_id = p.patient_id)', 'Plans': [{'Node Type': 'Seq Scan', 'Parent Relationship': 'Outer', 'Parallel Aware': True, 'Async Capable': False, 'Relation Name': 'appointments', 'Alias': 'a', 'Startup Cost': 0.0, 'Total Cost': 5760.33, 'Plan Rows': 208333, 'Plan Width': 8, 'Disabled': False}, {'Node Type': 'Hash', 'Parent Relationship': 'Inner', 'Parallel Aware': False, 'Async Capable': False, 'Startup Cost': 2083.0, 'Total Cost': 2083.0, 'Plan Rows': 24850, 'Plan Width': 10, 'Disabled': False, 'Plans': [{'Node Type': 'Seq Scan', 'Parent Relationship': 'Outer', 'Parallel Aware': False, 'Async Capable': False, 'Relation Name': 'patients', 'Alias': 'p', 'Startup Cost': 0.0, 'Total Cost': 2083.0, 'Plan Rows': 24850, 'Plan Width': 10, 'Disabled': False, 'Filter': ""((city)::text = 'Lucknow'::text)""}]}]}]}]}]}}",81.56140008941293
Q893,2,"SELECT *
            FROM patients
            WHERE city = 'Lucknow';","{'Plan': {'Node Type': 'Seq Scan', 'Parallel Aware': False, 'Async Capable': False, 'Relation Name': 'patients', 'Alias': 'patients', 'Startup Cost': 0.0, 'Total Cost': 2083.0, 'Plan Rows': 24850, 'Plan Width': 32, 'Disabled': False, 'Filter': ""((city)::text = 'Lucknow'::text)""}}",34.19949999079108
Q894,1,"SELECT *
            FROM patients
            WHERE age > 70;","{'Plan': {'Node Type': 'Seq Scan', 'Parallel Aware': False, 'Async Capable': False, 'Relation Name': 'patients', 'Alias': 'patients', 'Startup Cost': 0.0, 'Total Cost': 2083.0, 'Plan Rows': 15643, 'Plan Width': 32, 'Disabled': False, 'Filter': '(age > 70)'}}",32.42609999142587
Q895,4,"SELECT p.name, a.appointment_date
            FROM patients p
            JOIN appointments a
            ON p.patient_id = a.patient_id;","{'Plan': {'Node Type': 'Hash Join', 'Parallel Aware': False, 'Async Capable': False, 'Join Type': 'Inner', 'Startup Cost': 3083.0, 'Total Cost': 13072.56, 'Plan Rows': 500000, 'Plan Width': 17, 'Disabled': False, 'Inner Unique': True, 'Hash Cond': '(a.patient_id = p.patient_id)', 'Plans': [{'Node Type': 'Seq Scan', 'Parent Relationship': 'Outer', 'Parallel Aware': False, 'Async Capable': False, 'Relation Name': 'appointments', 'Alias': 'a', 'Startup Cost': 0.0, 'Total Cost': 8677.0, 'Plan Rows': 500000, 'Plan Width': 8, 'Disabled': False}, {'Node Type': 'Hash', 'Parent Relationship': 'Inner', 'Parallel Aware': False, 'Async Capable': False, 'Startup Cost': 1833.0, 'Total Cost': 1833.0, 'Plan Rows': 100000, 'Plan Width': 17, 'Disabled': False, 'Plans': [{'Node Type': 'Seq Scan', 'Parent Relationship': 'Outer', 'Parallel Aware': False, 'Async Capable': False, 'Relation Name': 'patients', 'Alias': 'p', 'Startup Cost': 0.0, 'Total Cost': 1833.0, 'Plan Rows': 100000, 'Plan Width': 17, 'Disabled': False}]}]}}",634.4464998692274
Q896,1,"SELECT *
            FROM patients
            WHERE age > 64;","{'Plan': {'Node Type': 'Seq Scan', 'Parallel Aware': False, 'Async Capable': False, 'Relation Name': 'patients', 'Alias': 'patients', 'Startup Cost': 0.0, 'Total Cost': 2083.0, 'Plan Rows': 25233, 'Plan Width': 32, 'Disabled': False, 'Filter': '(age > 64)'}}",34.8813000600785
Q897,1,"SELECT *
            FROM patients
            WHERE age > 49;","{'Plan': {'Node Type': 'Seq Scan', 'Parallel Aware': False, 'Async Capable': False, 'Relation Name': 'patients', 'Alias': 'patients', 'Startup Cost': 0.0, 'Total Cost': 2083.0, 'Plan Rows': 48740, 'Plan Width': 32, 'Disabled': False, 'Filter': '(age > 49)'}}",33.86550000868738
Q898,2,"SELECT *
            FROM patients
            WHERE city = 'Lucknow';","{'Plan': {'Node Type': 'Seq Scan', 'Parallel Aware': False, 'Async Capable': False, 'Relation Name': 'patients', 'Alias': 'patients', 'Startup Cost': 0.0, 'Total Cost': 2083.0, 'Plan Rows': 24850, 'Plan Width': 32, 'Disabled': False, 'Filter': ""((city)::text = 'Lucknow'::text)""}}",22.82460010610521
Q899,4,"SELECT p.name, a.appointment_date
            FROM patients p
            JOIN appointments a
            ON p.patient_id = a.patient_id;","{'Plan': {'Node Type': 'Hash Join', 'Parallel Aware': False, 'Async Capable': False, 'Join Type': 'Inner', 'Startup Cost': 3083.0, 'Total Cost': 13072.56, 'Plan Rows': 500000, 'Plan Width': 17, 'Disabled': False, 'Inner Unique': True, 'Hash Cond': '(a.patient_id = p.patient_id)', 'Plans': [{'Node Type': 'Seq Scan', 'Parent Relationship': 'Outer', 'Parallel Aware': False, 'Async Capable': False, 'Relation Name': 'appointments', 'Alias': 'a', 'Startup Cost': 0.0, 'Total Cost': 8677.0, 'Plan Rows': 500000, 'Plan Width': 8, 'Disabled': False}, {'Node Type': 'Hash', 'Parent Relationship': 'Inner', 'Parallel Aware': False, 'Async Capable': False, 'Startup Cost': 1833.0, 'Total Cost': 1833.0, 'Plan Rows': 100000, 'Plan Width': 17, 'Disabled': False, 'Plans': [{'Node Type': 'Seq Scan', 'Parent Relationship': 'Outer', 'Parallel Aware': False, 'Async Capable': False, 'Relation Name': 'patients', 'Alias': 'p', 'Startup Cost': 0.0, 'Total Cost': 1833.0, 'Plan Rows': 100000, 'Plan Width': 17, 'Disabled': False}]}]}}",645.2084998600185
Q900,4,"SELECT p.name, a.appointment_date
            FROM patients p
            JOIN appointments a
            ON p.patient_id = a.patient_id;","{'Plan': {'Node Type': 'Hash Join', 'Parallel Aware': False, 'Async Capable': False, 'Join Type': 'Inner', 'Startup Cost': 3083.0, 'Total Cost': 13072.56, 'Plan Rows': 500000, 'Plan Width': 17, 'Disabled': False, 'Inner Unique': True, 'Hash Cond': '(a.patient_id = p.patient_id)', 'Plans': [{'Node Type': 'Seq Scan', 'Parent Relationship': 'Outer', 'Parallel Aware': False, 'Async Capable': False, 'Relation Name': 'appointments', 'Alias': 'a', 'Startup Cost': 0.0, 'Total Cost': 8677.0, 'Plan Rows': 500000, 'Plan Width': 8, 'Disabled': False}, {'Node Type': 'Hash', 'Parent Relationship': 'Inner', 'Parallel Aware': False, 'Async Capable': False, 'Startup Cost': 1833.0, 'Total Cost': 1833.0, 'Plan Rows': 100000, 'Plan Width': 17, 'Disabled': False, 'Plans': [{'Node Type': 'Seq Scan', 'Parent Relationship': 'Outer', 'Parallel Aware': False, 'Async Capable': False, 'Relation Name': 'patients', 'Alias': 'p', 'Startup Cost': 0.0, 'Total Cost': 1833.0, 'Plan Rows': 100000, 'Plan Width': 17, 'Disabled': False}]}]}}",634.4405999407172
Q901,1,"SELECT *
            FROM patients
            WHERE age > 39;","{'Plan': {'Node Type': 'Seq Scan', 'Parallel Aware': False, 'Async Capable': False, 'Relation Name': 'patients', 'Alias': 'patients', 'Startup Cost': 0.0, 'Total Cost': 2083.0, 'Plan Rows': 65227, 'Plan Width': 32, 'Disabled': False, 'Filter': '(age > 39)'}}",55.12130004353821
Q902,2,"SELECT *
            FROM patients
            WHERE city = 'Mumbai';","{'Plan': {'Node Type': 'Seq Scan', 'Parallel Aware': False, 'Async Capable': False, 'Relation Name': 'patients', 'Alias': 'patients', 'Startup Cost': 0.0, 'Total Cost': 2083.0, 'Plan Rows': 25007, 'Plan Width': 32, 'Disabled': False, 'Filter': ""((city)::text = 'Mumbai'::text)""}}",36.937199998646975
Q903,1,"SELECT *
            FROM patients
            WHERE age > 63;","{'Plan': {'Node Type': 'Seq Scan', 'Parallel Aware': False, 'Async Capable': False, 'Relation Name': 'patients', 'Alias': 'patients', 'Startup Cost': 0.0, 'Total Cost': 2083.0, 'Plan Rows': 26780, 'Plan Width': 32, 'Disabled': False, 'Filter': '(age > 63)'}}",22.296000039204955
Q904,5,"SELECT p.city, COUNT(a.appointment_id)
            FROM patients p
            JOIN appointments a
            ON p.patient_id = a.patient_id
            WHERE p.city = 'Lucknow'
            GROUP BY p.city;","{'Plan': {'Node Type': 'Aggregate', 'Strategy': 'Sorted', 'Partial Mode': 'Finalize', 'Parallel Aware': False, 'Async Capable': False, 'Startup Cost': 3393.62, 'Total Cost': 9830.51, 'Plan Rows': 1, 'Plan Width': 14, 'Disabled': False, 'Plans': [{'Node Type': 'Gather', 'Parent Relationship': 'Outer', 'Parallel Aware': False, 'Async Capable': False, 'Startup Cost': 3393.62, 'Total Cost': 9830.49, 'Plan Rows': 2, 'Plan Width': 14, 'Disabled': False, 'Workers Planned': 2, 'Single Copy': False, 'Plans': [{'Node Type': 'Aggregate', 'Strategy': 'Sorted', 'Partial Mode': 'Partial', 'Parent Relationship': 'Outer', 'Parallel Aware': False, 'Async Capable': False, 'Startup Cost': 2393.62, 'Total Cost': 8830.29, 'Plan Rows': 1, 'Plan Width': 14, 'Disabled': False, 'Plans': [{'Node Type': 'Hash Join', 'Parent Relationship': 'Outer', 'Parallel Aware': False, 'Async Capable': False, 'Join Type': 'Inner', 'Startup Cost': 2393.62, 'Total Cost': 8700.85, 'Plan Rows': 51771, 'Plan Width': 10, 'Disabled': False, 'Inner Unique': True, 'Hash Cond': '(a.patient_id = p.patient_id)', 'Plans': [{'Node Type': 'Seq Scan', 'Parent Relationship': 'Outer', 'Parallel Aware': True, 'Async Capable': False, 'Relation Name': 'appointments', 'Alias': 'a', 'Startup Cost': 0.0, 'Total Cost': 5760.33, 'Plan Rows': 208333, 'Plan Width': 8, 'Disabled': False}, {'Node Type': 'Hash', 'Parent Relationship': 'Inner', 'Parallel Aware': False, 'Async Capable': False, 'Startup Cost': 2083.0, 'Total Cost': 2083.0, 'Plan Rows': 24850, 'Plan Width': 10, 'Disabled': False, 'Plans': [{'Node Type': 'Seq Scan', 'Parent Relationship': 'Outer', 'Parallel Aware': False, 'Async Capable': False, 'Relation Name': 'patients', 'Alias': 'p', 'Startup Cost': 0.0, 'Total Cost': 2083.0, 'Plan Rows': 24850, 'Plan Width': 10, 'Disabled': False, 'Filter': ""((city)::text = 'Lucknow'::text)""}]}]}]}]}]}}",92.48330001719296
Q905,5,"SELECT p.city, COUNT(a.appointment_id)
            FROM patients p
            JOIN appointments a
            ON p.patient_id = a.patient_id
            WHERE p.city = 'Mumbai'
            GROUP BY p.city;","{'Plan': {'Node Type': 'Aggregate', 'Strategy': 'Sorted', 'Partial Mode': 'Finalize', 'Parallel Aware': False, 'Async Capable': False, 'Startup Cost': 3395.59, 'Total Cost': 9833.29, 'Plan Rows': 1, 'Plan Width': 14, 'Disabled': False, 'Plans': [{'Node Type': 'Gather', 'Parent Relationship': 'Outer', 'Parallel Aware': False, 'Async Capable': False, 'Startup Cost': 3395.59, 'Total Cost': 9833.27, 'Plan Rows': 2, 'Plan Width': 14, 'Disabled': False, 'Workers Planned': 2, 'Single Copy': False, 'Plans': [{'Node Type': 'Aggregate', 'Strategy': 'Sorted', 'Partial Mode': 'Partial', 'Parent Relationship': 'Outer', 'Parallel Aware': False, 'Async Capable': False, 'Startup Cost': 2395.59, 'Total Cost': 8833.07, 'Plan Rows': 1, 'Plan Width': 14, 'Disabled': False, 'Plans': [{'Node Type': 'Hash Join', 'Parent Relationship': 'Outer', 'Parallel Aware': False, 'Async Capable': False, 'Join Type': 'Inner', 'Startup Cost': 2395.59, 'Total Cost': 8702.82, 'Plan Rows': 52098, 'Plan Width': 10, 'Disabled': False, 'Inner Unique': True, 'Hash Cond': '(a.patient_id = p.patient_id)', 'Plans': [{'Node Type': 'Seq Scan', 'Parent Relationship': 'Outer', 'Parallel Aware': True, 'Async Capable': False, 'Relation Name': 'appointments', 'Alias': 'a', 'Startup Cost': 0.0, 'Total Cost': 5760.33, 'Plan Rows': 208333, 'Plan Width': 8, 'Disabled': False}, {'Node Type': 'Hash', 'Parent Relationship': 'Inner', 'Parallel Aware': False, 'Async Capable': False, 'Startup Cost': 2083.0, 'Total Cost': 2083.0, 'Plan Rows': 25007, 'Plan Width': 10, 'Disabled': False, 'Plans': [{'Node Type': 'Seq Scan', 'Parent Relationship': 'Outer', 'Parallel Aware': False, 'Async Capable': False, 'Relation Name': 'patients', 'Alias': 'p', 'Startup Cost': 0.0, 'Total Cost': 2083.0, 'Plan Rows': 25007, 'Plan Width': 10, 'Disabled': False, 'Filter': ""((city)::text = 'Mumbai'::text)""}]}]}]}]}]}}",98.2415999751538
Q906,4,"SELECT p.name, a.appointment_date
            FROM patients p
            JOIN appointments a
            ON p.patient_id = a.patient_id;","{'Plan': {'Node Type': 'Hash Join', 'Parallel Aware': False, 'Async Capable': False, 'Join Type': 'Inner', 'Startup Cost': 3083.0, 'Total Cost': 13072.56, 'Plan Rows': 500000, 'Plan Width': 17, 'Disabled': False, 'Inner Unique': True, 'Hash Cond': '(a.patient_id = p.patient_id)', 'Plans': [{'Node Type': 'Seq Scan', 'Parent Relationship': 'Outer', 'Parallel Aware': False, 'Async Capable': False, 'Relation Name': 'appointments', 'Alias': 'a', 'Startup Cost': 0.0, 'Total Cost': 8677.0, 'Plan Rows': 500000, 'Plan Width': 8, 'Disabled': False}, {'Node Type': 'Hash', 'Parent Relationship': 'Inner', 'Parallel Aware': False, 'Async Capable': False, 'Startup Cost': 1833.0, 'Total Cost': 1833.0, 'Plan Rows': 100000, 'Plan Width': 17, 'Disabled': False, 'Plans': [{'Node Type': 'Seq Scan', 'Parent Relationship': 'Outer', 'Parallel Aware': False, 'Async Capable': False, 'Relation Name': 'patients', 'Alias': 'p', 'Startup Cost': 0.0, 'Total Cost': 1833.0, 'Plan Rows': 100000, 'Plan Width': 17, 'Disabled': False}]}]}}",648.4674999956042
Q907,4,"SELECT p.name, a.appointment_date
            FROM patients p
            JOIN appointments a
            ON p.patient_id = a.patient_id;","{'Plan': {'Node Type': 'Hash Join', 'Parallel Aware': False, 'Async Capable': False, 'Join Type': 'Inner', 'Startup Cost': 3083.0, 'Total Cost': 13072.56, 'Plan Rows': 500000, 'Plan Width': 17, 'Disabled': False, 'Inner Unique': True, 'Hash Cond': '(a.patient_id = p.patient_id)', 'Plans': [{'Node Type': 'Seq Scan', 'Parent Relationship': 'Outer', 'Parallel Aware': False, 'Async Capable': False, 'Relation Name': 'appointments', 'Alias': 'a', 'Startup Cost': 0.0, 'Total Cost': 8677.0, 'Plan Rows': 500000, 'Plan Width': 8, 'Disabled': False}, {'Node Type': 'Hash', 'Parent Relationship': 'Inner', 'Parallel Aware': False, 'Async Capable': False, 'Startup Cost': 1833.0, 'Total Cost': 1833.0, 'Plan Rows': 100000, 'Plan Width': 17, 'Disabled': False, 'Plans': [{'Node Type': 'Seq Scan', 'Parent Relationship': 'Outer', 'Parallel Aware': False, 'Async Capable': False, 'Relation Name': 'patients', 'Alias': 'p', 'Startup Cost': 0.0, 'Total Cost': 1833.0, 'Plan Rows': 100000, 'Plan Width': 17, 'Disabled': False}]}]}}",604.4207999948412
Q908,4,"SELECT p.name, a.appointment_date
            FROM patients p
            JOIN appointments a
            ON p.patient_id = a.patient_id;","{'Plan': {'Node Type': 'Hash Join', 'Parallel Aware': False, 'Async Capable': False, 'Join Type': 'Inner', 'Startup Cost': 3083.0, 'Total Cost': 13072.56, 'Plan Rows': 500000, 'Plan Width': 17, 'Disabled': False, 'Inner Unique': True, 'Hash Cond': '(a.patient_id = p.patient_id)', 'Plans': [{'Node Type': 'Seq Scan', 'Parent Relationship': 'Outer', 'Parallel Aware': False, 'Async Capable': False, 'Relation Name': 'appointments', 'Alias': 'a', 'Startup Cost': 0.0, 'Total Cost': 8677.0, 'Plan Rows': 500000, 'Plan Width': 8, 'Disabled': False}, {'Node Type': 'Hash', 'Parent Relationship': 'Inner', 'Parallel Aware': False, 'Async Capable': False, 'Startup Cost': 1833.0, 'Total Cost': 1833.0, 'Plan Rows': 100000, 'Plan Width': 17, 'Disabled': False, 'Plans': [{'Node Type': 'Seq Scan', 'Parent Relationship': 'Outer', 'Parallel Aware': False, 'Async Capable': False, 'Relation Name': 'patients', 'Alias': 'p', 'Startup Cost': 0.0, 'Total Cost': 1833.0, 'Plan Rows': 100000, 'Plan Width': 17, 'Disabled': False}]}]}}",547.9840999469161
Q909,2,"SELECT *
            FROM patients
            WHERE city = 'Lucknow';","{'Plan': {'Node Type': 'Seq Scan', 'Parallel Aware': False, 'Async Capable': False, 'Relation Name': 'patients', 'Alias': 'patients', 'Startup Cost': 0.0, 'Total Cost': 2083.0, 'Plan Rows': 24850, 'Plan Width': 32, 'Disabled': False, 'Filter': ""((city)::text = 'Lucknow'::text)""}}",27.906700037419796
Q910,2,"SELECT *
            FROM patients
            WHERE city = 'Mumbai';","{'Plan': {'Node Type': 'Seq Scan', 'Parallel Aware': False, 'Async Capable': False, 'Relation Name': 'patients', 'Alias': 'patients', 'Startup Cost': 0.0, 'Total Cost': 2083.0, 'Plan Rows': 25007, 'Plan Width': 32, 'Disabled': False, 'Filter': ""((city)::text = 'Mumbai'::text)""}}",20.876700058579445
Q911,1,"SELECT *
            FROM patients
            WHERE age > 59;","{'Plan': {'Node Type': 'Seq Scan', 'Parallel Aware': False, 'Async Capable': False, 'Relation Name': 'patients', 'Alias': 'patients', 'Startup Cost': 0.0, 'Total Cost': 2083.0, 'Plan Rows': 33017, 'Plan Width': 32, 'Disabled': False, 'Filter': '(age > 59)'}}",32.15350001119077
Q912,2,"SELECT *
            FROM patients
            WHERE city = 'Lucknow';","{'Plan': {'Node Type': 'Seq Scan', 'Parallel Aware': False, 'Async Capable': False, 'Relation Name': 'patients', 'Alias': 'patients', 'Startup Cost': 0.0, 'Total Cost': 2083.0, 'Plan Rows': 24850, 'Plan Width': 32, 'Disabled': False, 'Filter': ""((city)::text = 'Lucknow'::text)""}}",32.003399915993214
Q913,2,"SELECT *
            FROM patients
            WHERE city = 'Lucknow';","{'Plan': {'Node Type': 'Seq Scan', 'Parallel Aware': False, 'Async Capable': False, 'Relation Name': 'patients', 'Alias': 'patients', 'Startup Cost': 0.0, 'Total Cost': 2083.0, 'Plan Rows': 24850, 'Plan Width': 32, 'Disabled': False, 'Filter': ""((city)::text = 'Lucknow'::text)""}}",33.98009994998574
Q914,2,"SELECT *
            FROM patients
            WHERE city = 'Kanpur';","{'Plan': {'Node Type': 'Seq Scan', 'Parallel Aware': False, 'Async Capable': False, 'Relation Name': 'patients', 'Alias': 'patients', 'Startup Cost': 0.0, 'Total Cost': 2083.0, 'Plan Rows': 25197, 'Plan Width': 32, 'Disabled': False, 'Filter': ""((city)::text = 'Kanpur'::text)""}}",44.83760008588433
Q915,1,"SELECT *
            FROM patients
            WHERE age > 67;","{'Plan': {'Node Type': 'Seq Scan', 'Parallel Aware': False, 'Async Capable': False, 'Relation Name': 'patients', 'Alias': 'patients', 'Startup Cost': 0.0, 'Total Cost': 2083.0, 'Plan Rows': 20623, 'Plan Width': 32, 'Disabled': False, 'Filter': '(age > 67)'}}",28.44540006481111
Q916,4,"SELECT p.name, a.appointment_date
            FROM patients p
            JOIN appointments a
            ON p.patient_id = a.patient_id;","{'Plan': {'Node Type': 'Hash Join', 'Parallel Aware': False, 'Async Capable': False, 'Join Type': 'Inner', 'Startup Cost': 3083.0, 'Total Cost': 13072.56, 'Plan Rows': 500000, 'Plan Width': 17, 'Disabled': False, 'Inner Unique': True, 'Hash Cond': '(a.patient_id = p.patient_id)', 'Plans': [{'Node Type': 'Seq Scan', 'Parent Relationship': 'Outer', 'Parallel Aware': False, 'Async Capable': False, 'Relation Name': 'appointments', 'Alias': 'a', 'Startup Cost': 0.0, 'Total Cost': 8677.0, 'Plan Rows': 500000, 'Plan Width': 8, 'Disabled': False}, {'Node Type': 'Hash', 'Parent Relationship': 'Inner', 'Parallel Aware': False, 'Async Capable': False, 'Startup Cost': 1833.0, 'Total Cost': 1833.0, 'Plan Rows': 100000, 'Plan Width': 17, 'Disabled': False, 'Plans': [{'Node Type': 'Seq Scan', 'Parent Relationship': 'Outer', 'Parallel Aware': False, 'Async Capable': False, 'Relation Name': 'patients', 'Alias': 'p', 'Startup Cost': 0.0, 'Total Cost': 1833.0, 'Plan Rows': 100000, 'Plan Width': 17, 'Disabled': False}]}]}}",578.8143000099808
Q917,2,"SELECT *
            FROM patients
            WHERE city = 'Kanpur';","{'Plan': {'Node Type': 'Seq Scan', 'Parallel Aware': False, 'Async Capable': False, 'Relation Name': 'patients', 'Alias': 'patients', 'Startup Cost': 0.0, 'Total Cost': 2083.0, 'Plan Rows': 25197, 'Plan Width': 32, 'Disabled': False, 'Filter': ""((city)::text = 'Kanpur'::text)""}}",28.283500112593174
Q918,1,"SELECT *
            FROM patients
            WHERE age > 25;","{'Plan': {'Node Type': 'Seq Scan', 'Parallel Aware': False, 'Async Capable': False, 'Relation Name': 'patients', 'Alias': 'patients', 'Startup Cost': 0.0, 'Total Cost': 2083.0, 'Plan Rows': 87343, 'Plan Width': 32, 'Disabled': False, 'Filter': '(age > 25)'}}",72.13210011832416
Q919,3,"SELECT city, COUNT(*)
            FROM patients
            GROUP BY city;","{'Plan': {'Node Type': 'Aggregate', 'Strategy': 'Hashed', 'Partial Mode': 'Simple', 'Parallel Aware': False, 'Async Capable': False, 'Startup Cost': 2333.0, 'Total Cost': 2333.04, 'Plan Rows': 4, 'Plan Width': 14, 'Disabled': False, 'Group Key': ['city'], 'Planned Partitions': 0, 'Plans': [{'Node Type': 'Seq Scan', 'Parent Relationship': 'Outer', 'Parallel Aware': False, 'Async Capable': False, 'Relation Name': 'patients', 'Alias': 'patients', 'Startup Cost': 0.0, 'Total Cost': 1833.0, 'Plan Rows': 100000, 'Plan Width': 6, 'Disabled': False}]}}",14.10929998382926
Q920,2,"SELECT *
            FROM patients
            WHERE city = 'Mumbai';","{'Plan': {'Node Type': 'Seq Scan', 'Parallel Aware': False, 'Async Capable': False, 'Relation Name': 'patients', 'Alias': 'patients', 'Startup Cost': 0.0, 'Total Cost': 2083.0, 'Plan Rows': 25007, 'Plan Width': 32, 'Disabled': False, 'Filter': ""((city)::text = 'Mumbai'::text)""}}",25.31299996189773
Q921,5,"SELECT p.city, COUNT(a.appointment_id)
            FROM patients p
            JOIN appointments a
            ON p.patient_id = a.patient_id
            WHERE p.city = 'Lucknow'
            GROUP BY p.city;","{'Plan': {'Node Type': 'Aggregate', 'Strategy': 'Sorted', 'Partial Mode': 'Finalize', 'Parallel Aware': False, 'Async Capable': False, 'Startup Cost': 3393.62, 'Total Cost': 9830.51, 'Plan Rows': 1, 'Plan Width': 14, 'Disabled': False, 'Plans': [{'Node Type': 'Gather', 'Parent Relationship': 'Outer', 'Parallel Aware': False, 'Async Capable': False, 'Startup Cost': 3393.62, 'Total Cost': 9830.49, 'Plan Rows': 2, 'Plan Width': 14, 'Disabled': False, 'Workers Planned': 2, 'Single Copy': False, 'Plans': [{'Node Type': 'Aggregate', 'Strategy': 'Sorted', 'Partial Mode': 'Partial', 'Parent Relationship': 'Outer', 'Parallel Aware': False, 'Async Capable': False, 'Startup Cost': 2393.62, 'Total Cost': 8830.29, 'Plan Rows': 1, 'Plan Width': 14, 'Disabled': False, 'Plans': [{'Node Type': 'Hash Join', 'Parent Relationship': 'Outer', 'Parallel Aware': False, 'Async Capable': False, 'Join Type': 'Inner', 'Startup Cost': 2393.62, 'Total Cost': 8700.85, 'Plan Rows': 51771, 'Plan Width': 10, 'Disabled': False, 'Inner Unique': True, 'Hash Cond': '(a.patient_id = p.patient_id)', 'Plans': [{'Node Type': 'Seq Scan', 'Parent Relationship': 'Outer', 'Parallel Aware': True, 'Async Capable': False, 'Relation Name': 'appointments', 'Alias': 'a', 'Startup Cost': 0.0, 'Total Cost': 5760.33, 'Plan Rows': 208333, 'Plan Width': 8, 'Disabled': False}, {'Node Type': 'Hash', 'Parent Relationship': 'Inner', 'Parallel Aware': False, 'Async Capable': False, 'Startup Cost': 2083.0, 'Total Cost': 2083.0, 'Plan Rows': 24850, 'Plan Width': 10, 'Disabled': False, 'Plans': [{'Node Type': 'Seq Scan', 'Parent Relationship': 'Outer', 'Parallel Aware': False, 'Async Capable': False, 'Relation Name': 'patients', 'Alias': 'p', 'Startup Cost': 0.0, 'Total Cost': 2083.0, 'Plan Rows': 24850, 'Plan Width': 10, 'Disabled': False, 'Filter': ""((city)::text = 'Lucknow'::text)""}]}]}]}]}]}}",99.16460001841187
Q922,1,"SELECT *
            FROM patients
            WHERE age > 18;","{'Plan': {'Node Type': 'Seq Scan', 'Parallel Aware': False, 'Async Capable': False, 'Relation Name': 'patients', 'Alias': 'patients', 'Startup Cost': 0.0, 'Total Cost': 2083.0, 'Plan Rows': 98410, 'Plan Width': 32, 'Disabled': False, 'Filter': '(age > 18)'}}",119.00389986112714
Q923,4,"SELECT p.name, a.appointment_date
            FROM patients p
            JOIN appointments a
            ON p.patient_id = a.patient_id;","{'Plan': {'Node Type': 'Hash Join', 'Parallel Aware': False, 'Async Capable': False, 'Join Type': 'Inner', 'Startup Cost': 3083.0, 'Total Cost': 13072.56, 'Plan Rows': 500000, 'Plan Width': 17, 'Disabled': False, 'Inner Unique': True, 'Hash Cond': '(a.patient_id = p.patient_id)', 'Plans': [{'Node Type': 'Seq Scan', 'Parent Relationship': 'Outer', 'Parallel Aware': False, 'Async Capable': False, 'Relation Name': 'appointments', 'Alias': 'a', 'Startup Cost': 0.0, 'Total Cost': 8677.0, 'Plan Rows': 500000, 'Plan Width': 8, 'Disabled': False}, {'Node Type': 'Hash', 'Parent Relationship': 'Inner', 'Parallel Aware': False, 'Async Capable': False, 'Startup Cost': 1833.0, 'Total Cost': 1833.0, 'Plan Rows': 100000, 'Plan Width': 17, 'Disabled': False, 'Plans': [{'Node Type': 'Seq Scan', 'Parent Relationship': 'Outer', 'Parallel Aware': False, 'Async Capable': False, 'Relation Name': 'patients', 'Alias': 'p', 'Startup Cost': 0.0, 'Total Cost': 1833.0, 'Plan Rows': 100000, 'Plan Width': 17, 'Disabled': False}]}]}}",631.8133999593556
Q924,3,"SELECT city, COUNT(*)
            FROM patients
            GROUP BY city;","{'Plan': {'Node Type': 'Aggregate', 'Strategy': 'Hashed', 'Partial Mode': 'Simple', 'Parallel Aware': False, 'Async Capable': False, 'Startup Cost': 2333.0, 'Total Cost': 2333.04, 'Plan Rows': 4, 'Plan Width': 14, 'Disabled': False, 'Group Key': ['city'], 'Planned Partitions': 0, 'Plans': [{'Node Type': 'Seq Scan', 'Parent Relationship': 'Outer', 'Parallel Aware': False, 'Async Capable': False, 'Relation Name': 'patients', 'Alias': 'patients', 'Startup Cost': 0.0, 'Total Cost': 1833.0, 'Plan Rows': 100000, 'Plan Width': 6, 'Disabled': False}]}}",13.31069995649159
Q925,5,"SELECT p.city, COUNT(a.appointment_id)
            FROM patients p
            JOIN appointments a
            ON p.patient_id = a.patient_id
            WHERE p.city = 'Kanpur'
            GROUP BY p.city;","{'Plan': {'Node Type': 'Aggregate', 'Strategy': 'Sorted', 'Partial Mode': 'Finalize', 'Parallel Aware': False, 'Async Capable': False, 'Startup Cost': 3397.96, 'Total Cost': 9836.65, 'Plan Rows': 1, 'Plan Width': 14, 'Disabled': False, 'Plans': [{'Node Type': 'Gather', 'Parent Relationship': 'Outer', 'Parallel Aware': False, 'Async Capable': False, 'Startup Cost': 3397.96, 'Total Cost': 9836.64, 'Plan Rows': 2, 'Plan Width': 14, 'Disabled': False, 'Workers Planned': 2, 'Single Copy': False, 'Plans': [{'Node Type': 'Aggregate', 'Strategy': 'Sorted', 'Partial Mode': 'Partial', 'Parent Relationship': 'Outer', 'Parallel Aware': False, 'Async Capable': False, 'Startup Cost': 2397.96, 'Total Cost': 8836.44, 'Plan Rows': 1, 'Plan Width': 14, 'Disabled': False, 'Plans': [{'Node Type': 'Hash Join', 'Parent Relationship': 'Outer', 'Parallel Aware': False, 'Async Capable': False, 'Join Type': 'Inner', 'Startup Cost': 2397.96, 'Total Cost': 8705.19, 'Plan Rows': 52494, 'Plan Width': 10, 'Disabled': False, 'Inner Unique': True, 'Hash Cond': '(a.patient_id = p.patient_id)', 'Plans': [{'Node Type': 'Seq Scan', 'Parent Relationship': 'Outer', 'Parallel Aware': True, 'Async Capable': False, 'Relation Name': 'appointments', 'Alias': 'a', 'Startup Cost': 0.0, 'Total Cost': 5760.33, 'Plan Rows': 208333, 'Plan Width': 8, 'Disabled': False}, {'Node Type': 'Hash', 'Parent Relationship': 'Inner', 'Parallel Aware': False, 'Async Capable': False, 'Startup Cost': 2083.0, 'Total Cost': 2083.0, 'Plan Rows': 25197, 'Plan Width': 10, 'Disabled': False, 'Plans': [{'Node Type': 'Seq Scan', 'Parent Relationship': 'Outer', 'Parallel Aware': False, 'Async Capable': False, 'Relation Name': 'patients', 'Alias': 'p', 'Startup Cost': 0.0, 'Total Cost': 2083.0, 'Plan Rows': 25197, 'Plan Width': 10, 'Disabled': False, 'Filter': ""((city)::text = 'Kanpur'::text)""}]}]}]}]}]}}",86.62239997647703
Q926,5,"SELECT p.city, COUNT(a.appointment_id)
            FROM patients p
            JOIN appointments a
            ON p.patient_id = a.patient_id
            WHERE p.city = 'Mumbai'
            GROUP BY p.city;","{'Plan': {'Node Type': 'Aggregate', 'Strategy': 'Sorted', 'Partial Mode': 'Finalize', 'Parallel Aware': False, 'Async Capable': False, 'Startup Cost': 3395.59, 'Total Cost': 9833.29, 'Plan Rows': 1, 'Plan Width': 14, 'Disabled': False, 'Plans': [{'Node Type': 'Gather', 'Parent Relationship': 'Outer', 'Parallel Aware': False, 'Async Capable': False, 'Startup Cost': 3395.59, 'Total Cost': 9833.27, 'Plan Rows': 2, 'Plan Width': 14, 'Disabled': False, 'Workers Planned': 2, 'Single Copy': False, 'Plans': [{'Node Type': 'Aggregate', 'Strategy': 'Sorted', 'Partial Mode': 'Partial', 'Parent Relationship': 'Outer', 'Parallel Aware': False, 'Async Capable': False, 'Startup Cost': 2395.59, 'Total Cost': 8833.07, 'Plan Rows': 1, 'Plan Width': 14, 'Disabled': False, 'Plans': [{'Node Type': 'Hash Join', 'Parent Relationship': 'Outer', 'Parallel Aware': False, 'Async Capable': False, 'Join Type': 'Inner', 'Startup Cost': 2395.59, 'Total Cost': 8702.82, 'Plan Rows': 52098, 'Plan Width': 10, 'Disabled': False, 'Inner Unique': True, 'Hash Cond': '(a.patient_id = p.patient_id)', 'Plans': [{'Node Type': 'Seq Scan', 'Parent Relationship': 'Outer', 'Parallel Aware': True, 'Async Capable': False, 'Relation Name': 'appointments', 'Alias': 'a', 'Startup Cost': 0.0, 'Total Cost': 5760.33, 'Plan Rows': 208333, 'Plan Width': 8, 'Disabled': False}, {'Node Type': 'Hash', 'Parent Relationship': 'Inner', 'Parallel Aware': False, 'Async Capable': False, 'Startup Cost': 2083.0, 'Total Cost': 2083.0, 'Plan Rows': 25007, 'Plan Width': 10, 'Disabled': False, 'Plans': [{'Node Type': 'Seq Scan', 'Parent Relationship': 'Outer', 'Parallel Aware': False, 'Async Capable': False, 'Relation Name': 'patients', 'Alias': 'p', 'Startup Cost': 0.0, 'Total Cost': 2083.0, 'Plan Rows': 25007, 'Plan Width': 10, 'Disabled': False, 'Filter': ""((city)::text = 'Mumbai'::text)""}]}]}]}]}]}}",87.00559986755252
Q927,5,"SELECT p.city, COUNT(a.appointment_id)
            FROM patients p
            JOIN appointments a
            ON p.patient_id = a.patient_id
            WHERE p.city = 'Mumbai'
            GROUP BY p.city;","{'Plan': {'Node Type': 'Aggregate', 'Strategy': 'Sorted', 'Partial Mode': 'Finalize', 'Parallel Aware': False, 'Async Capable': False, 'Startup Cost': 3395.59, 'Total Cost': 9833.29, 'Plan Rows': 1, 'Plan Width': 14, 'Disabled': False, 'Plans': [{'Node Type': 'Gather', 'Parent Relationship': 'Outer', 'Parallel Aware': False, 'Async Capable': False, 'Startup Cost': 3395.59, 'Total Cost': 9833.27, 'Plan Rows': 2, 'Plan Width': 14, 'Disabled': False, 'Workers Planned': 2, 'Single Copy': False, 'Plans': [{'Node Type': 'Aggregate', 'Strategy': 'Sorted', 'Partial Mode': 'Partial', 'Parent Relationship': 'Outer', 'Parallel Aware': False, 'Async Capable': False, 'Startup Cost': 2395.59, 'Total Cost': 8833.07, 'Plan Rows': 1, 'Plan Width': 14, 'Disabled': False, 'Plans': [{'Node Type': 'Hash Join', 'Parent Relationship': 'Outer', 'Parallel Aware': False, 'Async Capable': False, 'Join Type': 'Inner', 'Startup Cost': 2395.59, 'Total Cost': 8702.82, 'Plan Rows': 52098, 'Plan Width': 10, 'Disabled': False, 'Inner Unique': True, 'Hash Cond': '(a.patient_id = p.patient_id)', 'Plans': [{'Node Type': 'Seq Scan', 'Parent Relationship': 'Outer', 'Parallel Aware': True, 'Async Capable': False, 'Relation Name': 'appointments', 'Alias': 'a', 'Startup Cost': 0.0, 'Total Cost': 5760.33, 'Plan Rows': 208333, 'Plan Width': 8, 'Disabled': False}, {'Node Type': 'Hash', 'Parent Relationship': 'Inner', 'Parallel Aware': False, 'Async Capable': False, 'Startup Cost': 2083.0, 'Total Cost': 2083.0, 'Plan Rows': 25007, 'Plan Width': 10, 'Disabled': False, 'Plans': [{'Node Type': 'Seq Scan', 'Parent Relationship': 'Outer', 'Parallel Aware': False, 'Async Capable': False, 'Relation Name': 'patients', 'Alias': 'p', 'Startup Cost': 0.0, 'Total Cost': 2083.0, 'Plan Rows': 25007, 'Plan Width': 10, 'Disabled': False, 'Filter': ""((city)::text = 'Mumbai'::text)""}]}]}]}]}]}}",86.99099998921156
Q928,3,"SELECT city, COUNT(*)
            FROM patients
            GROUP BY city;","{'Plan': {'Node Type': 'Aggregate', 'Strategy': 'Hashed', 'Partial Mode': 'Simple', 'Parallel Aware': False, 'Async Capable': False, 'Startup Cost': 2333.0, 'Total Cost': 2333.04, 'Plan Rows': 4, 'Plan Width': 14, 'Disabled': False, 'Group Key': ['city'], 'Planned Partitions': 0, 'Plans': [{'Node Type': 'Seq Scan', 'Parent Relationship': 'Outer', 'Parallel Aware': False, 'Async Capable': False, 'Relation Name': 'patients', 'Alias': 'patients', 'Startup Cost': 0.0, 'Total Cost': 1833.0, 'Plan Rows': 100000, 'Plan Width': 6, 'Disabled': False}]}}",20.426700124517083
Q929,3,"SELECT city, COUNT(*)
            FROM patients
            GROUP BY city;","{'Plan': {'Node Type': 'Aggregate', 'Strategy': 'Hashed', 'Partial Mode': 'Simple', 'Parallel Aware': False, 'Async Capable': False, 'Startup Cost': 2333.0, 'Total Cost': 2333.04, 'Plan Rows': 4, 'Plan Width': 14, 'Disabled': False, 'Group Key': ['city'], 'Planned Partitions': 0, 'Plans': [{'Node Type': 'Seq Scan', 'Parent Relationship': 'Outer', 'Parallel Aware': False, 'Async Capable': False, 'Relation Name': 'patients', 'Alias': 'patients', 'Startup Cost': 0.0, 'Total Cost': 1833.0, 'Plan Rows': 100000, 'Plan Width': 6, 'Disabled': False}]}}",19.86039988696575
Q930,3,"SELECT city, COUNT(*)
            FROM patients
            GROUP BY city;","{'Plan': {'Node Type': 'Aggregate', 'Strategy': 'Hashed', 'Partial Mode': 'Simple', 'Parallel Aware': False, 'Async Capable': False, 'Startup Cost': 2333.0, 'Total Cost': 2333.04, 'Plan Rows': 4, 'Plan Width': 14, 'Disabled': False, 'Group Key': ['city'], 'Planned Partitions': 0, 'Plans': [{'Node Type': 'Seq Scan', 'Parent Relationship': 'Outer', 'Parallel Aware': False, 'Async Capable': False, 'Relation Name': 'patients', 'Alias': 'patients', 'Startup Cost': 0.0, 'Total Cost': 1833.0, 'Plan Rows': 100000, 'Plan Width': 6, 'Disabled': False}]}}",20.047999918460846
Q931,3,"SELECT city, COUNT(*)
            FROM patients
            GROUP BY city;","{'Plan': {'Node Type': 'Aggregate', 'Strategy': 'Hashed', 'Partial Mode': 'Simple', 'Parallel Aware': False, 'Async Capable': False, 'Startup Cost': 2333.0, 'Total Cost': 2333.04, 'Plan Rows': 4, 'Plan Width': 14, 'Disabled': False, 'Group Key': ['city'], 'Planned Partitions': 0, 'Plans': [{'Node Type': 'Seq Scan', 'Parent Relationship': 'Outer', 'Parallel Aware': False, 'Async Capable': False, 'Relation Name': 'patients', 'Alias': 'patients', 'Startup Cost': 0.0, 'Total Cost': 1833.0, 'Plan Rows': 100000, 'Plan Width': 6, 'Disabled': False}]}}",19.093999871984124
Q932,3,"SELECT city, COUNT(*)
            FROM patients
            GROUP BY city;","{'Plan': {'Node Type': 'Aggregate', 'Strategy': 'Hashed', 'Partial Mode': 'Simple', 'Parallel Aware': False, 'Async Capable': False, 'Startup Cost': 2333.0, 'Total Cost': 2333.04, 'Plan Rows': 4, 'Plan Width': 14, 'Disabled': False, 'Group Key': ['city'], 'Planned Partitions': 0, 'Plans': [{'Node Type': 'Seq Scan', 'Parent Relationship': 'Outer', 'Parallel Aware': False, 'Async Capable': False, 'Relation Name': 'patients', 'Alias': 'patients', 'Startup Cost': 0.0, 'Total Cost': 1833.0, 'Plan Rows': 100000, 'Plan Width': 6, 'Disabled': False}]}}",22.467200178653002
Q933,5,"SELECT p.city, COUNT(a.appointment_id)
            FROM patients p
            JOIN appointments a
            ON p.patient_id = a.patient_id
            WHERE p.city = 'Mumbai'
            GROUP BY p.city;","{'Plan': {'Node Type': 'Aggregate', 'Strategy': 'Sorted', 'Partial Mode': 'Finalize', 'Parallel Aware': False, 'Async Capable': False, 'Startup Cost': 3395.59, 'Total Cost': 9833.29, 'Plan Rows': 1, 'Plan Width': 14, 'Disabled': False, 'Plans': [{'Node Type': 'Gather', 'Parent Relationship': 'Outer', 'Parallel Aware': False, 'Async Capable': False, 'Startup Cost': 3395.59, 'Total Cost': 9833.27, 'Plan Rows': 2, 'Plan Width': 14, 'Disabled': False, 'Workers Planned': 2, 'Single Copy': False, 'Plans': [{'Node Type': 'Aggregate', 'Strategy': 'Sorted', 'Partial Mode': 'Partial', 'Parent Relationship': 'Outer', 'Parallel Aware': False, 'Async Capable': False, 'Startup Cost': 2395.59, 'Total Cost': 8833.07, 'Plan Rows': 1, 'Plan Width': 14, 'Disabled': False, 'Plans': [{'Node Type': 'Hash Join', 'Parent Relationship': 'Outer', 'Parallel Aware': False, 'Async Capable': False, 'Join Type': 'Inner', 'Startup Cost': 2395.59, 'Total Cost': 8702.82, 'Plan Rows': 52098, 'Plan Width': 10, 'Disabled': False, 'Inner Unique': True, 'Hash Cond': '(a.patient_id = p.patient_id)', 'Plans': [{'Node Type': 'Seq Scan', 'Parent Relationship': 'Outer', 'Parallel Aware': True, 'Async Capable': False, 'Relation Name': 'appointments', 'Alias': 'a', 'Startup Cost': 0.0, 'Total Cost': 5760.33, 'Plan Rows': 208333, 'Plan Width': 8, 'Disabled': False}, {'Node Type': 'Hash', 'Parent Relationship': 'Inner', 'Parallel Aware': False, 'Async Capable': False, 'Startup Cost': 2083.0, 'Total Cost': 2083.0, 'Plan Rows': 25007, 'Plan Width': 10, 'Disabled': False, 'Plans': [{'Node Type': 'Seq Scan', 'Parent Relationship': 'Outer', 'Parallel Aware': False, 'Async Capable': False, 'Relation Name': 'patients', 'Alias': 'p', 'Startup Cost': 0.0, 'Total Cost': 2083.0, 'Plan Rows': 25007, 'Plan Width': 10, 'Disabled': False, 'Filter': ""((city)::text = 'Mumbai'::text)""}]}]}]}]}]}}",123.25479998253286
Q934,5,"SELECT p.city, COUNT(a.appointment_id)
            FROM patients p
            JOIN appointments a
            ON p.patient_id = a.patient_id
            WHERE p.city = 'Lucknow'
            GROUP BY p.city;","{'Plan': {'Node Type': 'Aggregate', 'Strategy': 'Sorted', 'Partial Mode': 'Finalize', 'Parallel Aware': False, 'Async Capable': False, 'Startup Cost': 3393.62, 'Total Cost': 9830.51, 'Plan Rows': 1, 'Plan Width': 14, 'Disabled': False, 'Plans': [{'Node Type': 'Gather', 'Parent Relationship': 'Outer', 'Parallel Aware': False, 'Async Capable': False, 'Startup Cost': 3393.62, 'Total Cost': 9830.49, 'Plan Rows': 2, 'Plan Width': 14, 'Disabled': False, 'Workers Planned': 2, 'Single Copy': False, 'Plans': [{'Node Type': 'Aggregate', 'Strategy': 'Sorted', 'Partial Mode': 'Partial', 'Parent Relationship': 'Outer', 'Parallel Aware': False, 'Async Capable': False, 'Startup Cost': 2393.62, 'Total Cost': 8830.29, 'Plan Rows': 1, 'Plan Width': 14, 'Disabled': False, 'Plans': [{'Node Type': 'Hash Join', 'Parent Relationship': 'Outer', 'Parallel Aware': False, 'Async Capable': False, 'Join Type': 'Inner', 'Startup Cost': 2393.62, 'Total Cost': 8700.85, 'Plan Rows': 51771, 'Plan Width': 10, 'Disabled': False, 'Inner Unique': True, 'Hash Cond': '(a.patient_id = p.patient_id)', 'Plans': [{'Node Type': 'Seq Scan', 'Parent Relationship': 'Outer', 'Parallel Aware': True, 'Async Capable': False, 'Relation Name': 'appointments', 'Alias': 'a', 'Startup Cost': 0.0, 'Total Cost': 5760.33, 'Plan Rows': 208333, 'Plan Width': 8, 'Disabled': False}, {'Node Type': 'Hash', 'Parent Relationship': 'Inner', 'Parallel Aware': False, 'Async Capable': False, 'Startup Cost': 2083.0, 'Total Cost': 2083.0, 'Plan Rows': 24850, 'Plan Width': 10, 'Disabled': False, 'Plans': [{'Node Type': 'Seq Scan', 'Parent Relationship': 'Outer', 'Parallel Aware': False, 'Async Capable': False, 'Relation Name': 'patients', 'Alias': 'p', 'Startup Cost': 0.0, 'Total Cost': 2083.0, 'Plan Rows': 24850, 'Plan Width': 10, 'Disabled': False, 'Filter': ""((city)::text = 'Lucknow'::text)""}]}]}]}]}]}}",103.44309988431633
Q935,3,"SELECT city, COUNT(*)
            FROM patients
            GROUP BY city;","{'Plan': {'Node Type': 'Aggregate', 'Strategy': 'Hashed', 'Partial Mode': 'Simple', 'Parallel Aware': False, 'Async Capable': False, 'Startup Cost': 2333.0, 'Total Cost': 2333.04, 'Plan Rows': 4, 'Plan Width': 14, 'Disabled': False, 'Group Key': ['city'], 'Planned Partitions': 0, 'Plans': [{'Node Type': 'Seq Scan', 'Parent Relationship': 'Outer', 'Parallel Aware': False, 'Async Capable': False, 'Relation Name': 'patients', 'Alias': 'patients', 'Startup Cost': 0.0, 'Total Cost': 1833.0, 'Plan Rows': 100000, 'Plan Width': 6, 'Disabled': False}]}}",26.076999958604574
Q936,3,"SELECT city, COUNT(*)
            FROM patients
            GROUP BY city;","{'Plan': {'Node Type': 'Aggregate', 'Strategy': 'Hashed', 'Partial Mode': 'Simple', 'Parallel Aware': False, 'Async Capable': False, 'Startup Cost': 2333.0, 'Total Cost': 2333.04, 'Plan Rows': 4, 'Plan Width': 14, 'Disabled': False, 'Group Key': ['city'], 'Planned Partitions': 0, 'Plans': [{'Node Type': 'Seq Scan', 'Parent Relationship': 'Outer', 'Parallel Aware': False, 'Async Capable': False, 'Relation Name': 'patients', 'Alias': 'patients', 'Startup Cost': 0.0, 'Total Cost': 1833.0, 'Plan Rows': 100000, 'Plan Width': 6, 'Disabled': False}]}}",20.87870007380843
Q937,5,"SELECT p.city, COUNT(a.appointment_id)
            FROM patients p
            JOIN appointments a
            ON p.patient_id = a.patient_id
            WHERE p.city = 'Kanpur'
            GROUP BY p.city;","{'Plan': {'Node Type': 'Aggregate', 'Strategy': 'Sorted', 'Partial Mode': 'Finalize', 'Parallel Aware': False, 'Async Capable': False, 'Startup Cost': 3397.96, 'Total Cost': 9836.65, 'Plan Rows': 1, 'Plan Width': 14, 'Disabled': False, 'Plans': [{'Node Type': 'Gather', 'Parent Relationship': 'Outer', 'Parallel Aware': False, 'Async Capable': False, 'Startup Cost': 3397.96, 'Total Cost': 9836.64, 'Plan Rows': 2, 'Plan Width': 14, 'Disabled': False, 'Workers Planned': 2, 'Single Copy': False, 'Plans': [{'Node Type': 'Aggregate', 'Strategy': 'Sorted', 'Partial Mode': 'Partial', 'Parent Relationship': 'Outer', 'Parallel Aware': False, 'Async Capable': False, 'Startup Cost': 2397.96, 'Total Cost': 8836.44, 'Plan Rows': 1, 'Plan Width': 14, 'Disabled': False, 'Plans': [{'Node Type': 'Hash Join', 'Parent Relationship': 'Outer', 'Parallel Aware': False, 'Async Capable': False, 'Join Type': 'Inner', 'Startup Cost': 2397.96, 'Total Cost': 8705.19, 'Plan Rows': 52494, 'Plan Width': 10, 'Disabled': False, 'Inner Unique': True, 'Hash Cond': '(a.patient_id = p.patient_id)', 'Plans': [{'Node Type': 'Seq Scan', 'Parent Relationship': 'Outer', 'Parallel Aware': True, 'Async Capable': False, 'Relation Name': 'appointments', 'Alias': 'a', 'Startup Cost': 0.0, 'Total Cost': 5760.33, 'Plan Rows': 208333, 'Plan Width': 8, 'Disabled': False}, {'Node Type': 'Hash', 'Parent Relationship': 'Inner', 'Parallel Aware': False, 'Async Capable': False, 'Startup Cost': 2083.0, 'Total Cost': 2083.0, 'Plan Rows': 25197, 'Plan Width': 10, 'Disabled': False, 'Plans': [{'Node Type': 'Seq Scan', 'Parent Relationship': 'Outer', 'Parallel Aware': False, 'Async Capable': False, 'Relation Name': 'patients', 'Alias': 'p', 'Startup Cost': 0.0, 'Total Cost': 2083.0, 'Plan Rows': 25197, 'Plan Width': 10, 'Disabled': False, 'Filter': ""((city)::text = 'Kanpur'::text)""}]}]}]}]}]}}",102.4849999230355
Q938,3,"SELECT city, COUNT(*)
            FROM patients
            GROUP BY city;","{'Plan': {'Node Type': 'Aggregate', 'Strategy': 'Hashed', 'Partial Mode': 'Simple', 'Parallel Aware': False, 'Async Capable': False, 'Startup Cost': 2333.0, 'Total Cost': 2333.04, 'Plan Rows': 4, 'Plan Width': 14, 'Disabled': False, 'Group Key': ['city'], 'Planned Partitions': 0, 'Plans': [{'Node Type': 'Seq Scan', 'Parent Relationship': 'Outer', 'Parallel Aware': False, 'Async Capable': False, 'Relation Name': 'patients', 'Alias': 'patients', 'Startup Cost': 0.0, 'Total Cost': 1833.0, 'Plan Rows': 100000, 'Plan Width': 6, 'Disabled': False}]}}",21.801300114020705
Q939,4,"SELECT p.name, a.appointment_date
            FROM patients p
            JOIN appointments a
            ON p.patient_id = a.patient_id;","{'Plan': {'Node Type': 'Hash Join', 'Parallel Aware': False, 'Async Capable': False, 'Join Type': 'Inner', 'Startup Cost': 3083.0, 'Total Cost': 13072.56, 'Plan Rows': 500000, 'Plan Width': 17, 'Disabled': False, 'Inner Unique': True, 'Hash Cond': '(a.patient_id = p.patient_id)', 'Plans': [{'Node Type': 'Seq Scan', 'Parent Relationship': 'Outer', 'Parallel Aware': False, 'Async Capable': False, 'Relation Name': 'appointments', 'Alias': 'a', 'Startup Cost': 0.0, 'Total Cost': 8677.0, 'Plan Rows': 500000, 'Plan Width': 8, 'Disabled': False}, {'Node Type': 'Hash', 'Parent Relationship': 'Inner', 'Parallel Aware': False, 'Async Capable': False, 'Startup Cost': 1833.0, 'Total Cost': 1833.0, 'Plan Rows': 100000, 'Plan Width': 17, 'Disabled': False, 'Plans': [{'Node Type': 'Seq Scan', 'Parent Relationship': 'Outer', 'Parallel Aware': False, 'Async Capable': False, 'Relation Name': 'patients', 'Alias': 'p', 'Startup Cost': 0.0, 'Total Cost': 1833.0, 'Plan Rows': 100000, 'Plan Width': 17, 'Disabled': False}]}]}}",590.6385001726449
Q940,4,"SELECT p.name, a.appointment_date
            FROM patients p
            JOIN appointments a
            ON p.patient_id = a.patient_id;","{'Plan': {'Node Type': 'Hash Join', 'Parallel Aware': False, 'Async Capable': False, 'Join Type': 'Inner', 'Startup Cost': 3083.0, 'Total Cost': 13072.56, 'Plan Rows': 500000, 'Plan Width': 17, 'Disabled': False, 'Inner Unique': True, 'Hash Cond': '(a.patient_id = p.patient_id)', 'Plans': [{'Node Type': 'Seq Scan', 'Parent Relationship': 'Outer', 'Parallel Aware': False, 'Async Capable': False, 'Relation Name': 'appointments', 'Alias': 'a', 'Startup Cost': 0.0, 'Total Cost': 8677.0, 'Plan Rows': 500000, 'Plan Width': 8, 'Disabled': False}, {'Node Type': 'Hash', 'Parent Relationship': 'Inner', 'Parallel Aware': False, 'Async Capable': False, 'Startup Cost': 1833.0, 'Total Cost': 1833.0, 'Plan Rows': 100000, 'Plan Width': 17, 'Disabled': False, 'Plans': [{'Node Type': 'Seq Scan', 'Parent Relationship': 'Outer', 'Parallel Aware': False, 'Async Capable': False, 'Relation Name': 'patients', 'Alias': 'p', 'Startup Cost': 0.0, 'Total Cost': 1833.0, 'Plan Rows': 100000, 'Plan Width': 17, 'Disabled': False}]}]}}",493.865700205788
Q941,3,"SELECT city, COUNT(*)
            FROM patients
            GROUP BY city;","{'Plan': {'Node Type': 'Aggregate', 'Strategy': 'Hashed', 'Partial Mode': 'Simple', 'Parallel Aware': False, 'Async Capable': False, 'Startup Cost': 2333.0, 'Total Cost': 2333.04, 'Plan Rows': 4, 'Plan Width': 14, 'Disabled': False, 'Group Key': ['city'], 'Planned Partitions': 0, 'Plans': [{'Node Type': 'Seq Scan', 'Parent Relationship': 'Outer', 'Parallel Aware': False, 'Async Capable': False, 'Relation Name': 'patients', 'Alias': 'patients', 'Startup Cost': 0.0, 'Total Cost': 1833.0, 'Plan Rows': 100000, 'Plan Width': 6, 'Disabled': False}]}}",13.042100006714463
Q942,4,"SELECT p.name, a.appointment_date
            FROM patients p
            JOIN appointments a
            ON p.patient_id = a.patient_id;","{'Plan': {'Node Type': 'Hash Join', 'Parallel Aware': False, 'Async Capable': False, 'Join Type': 'Inner', 'Startup Cost': 3083.0, 'Total Cost': 13072.56, 'Plan Rows': 500000, 'Plan Width': 17, 'Disabled': False, 'Inner Unique': True, 'Hash Cond': '(a.patient_id = p.patient_id)', 'Plans': [{'Node Type': 'Seq Scan', 'Parent Relationship': 'Outer', 'Parallel Aware': False, 'Async Capable': False, 'Relation Name': 'appointments', 'Alias': 'a', 'Startup Cost': 0.0, 'Total Cost': 8677.0, 'Plan Rows': 500000, 'Plan Width': 8, 'Disabled': False}, {'Node Type': 'Hash', 'Parent Relationship': 'Inner', 'Parallel Aware': False, 'Async Capable': False, 'Startup Cost': 1833.0, 'Total Cost': 1833.0, 'Plan Rows': 100000, 'Plan Width': 17, 'Disabled': False, 'Plans': [{'Node Type': 'Seq Scan', 'Parent Relationship': 'Outer', 'Parallel Aware': False, 'Async Capable': False, 'Relation Name': 'patients', 'Alias': 'p', 'Startup Cost': 0.0, 'Total Cost': 1833.0, 'Plan Rows': 100000, 'Plan Width': 17, 'Disabled': False}]}]}}",610.0502999033779
Q943,2,"SELECT *
            FROM patients
            WHERE city = 'Lucknow';","{'Plan': {'Node Type': 'Seq Scan', 'Parallel Aware': False, 'Async Capable': False, 'Relation Name': 'patients', 'Alias': 'patients', 'Startup Cost': 0.0, 'Total Cost': 2083.0, 'Plan Rows': 24850, 'Plan Width': 32, 'Disabled': False, 'Filter': ""((city)::text = 'Lucknow'::text)""}}",28.0305000487715
Q944,3,"SELECT city, COUNT(*)
            FROM patients
            GROUP BY city;","{'Plan': {'Node Type': 'Aggregate', 'Strategy': 'Hashed', 'Partial Mode': 'Simple', 'Parallel Aware': False, 'Async Capable': False, 'Startup Cost': 2333.0, 'Total Cost': 2333.04, 'Plan Rows': 4, 'Plan Width': 14, 'Disabled': False, 'Group Key': ['city'], 'Planned Partitions': 0, 'Plans': [{'Node Type': 'Seq Scan', 'Parent Relationship': 'Outer', 'Parallel Aware': False, 'Async Capable': False, 'Relation Name': 'patients', 'Alias': 'patients', 'Startup Cost': 0.0, 'Total Cost': 1833.0, 'Plan Rows': 100000, 'Plan Width': 6, 'Disabled': False}]}}",14.121999964118004
Q945,4,"SELECT p.name, a.appointment_date
            FROM patients p
            JOIN appointments a
            ON p.patient_id = a.patient_id;","{'Plan': {'Node Type': 'Hash Join', 'Parallel Aware': False, 'Async Capable': False, 'Join Type': 'Inner', 'Startup Cost': 3083.0, 'Total Cost': 13072.56, 'Plan Rows': 500000, 'Plan Width': 17, 'Disabled': False, 'Inner Unique': True, 'Hash Cond': '(a.patient_id = p.patient_id)', 'Plans': [{'Node Type': 'Seq Scan', 'Parent Relationship': 'Outer', 'Parallel Aware': False, 'Async Capable': False, 'Relation Name': 'appointments', 'Alias': 'a', 'Startup Cost': 0.0, 'Total Cost': 8677.0, 'Plan Rows': 500000, 'Plan Width': 8, 'Disabled': False}, {'Node Type': 'Hash', 'Parent Relationship': 'Inner', 'Parallel Aware': False, 'Async Capable': False, 'Startup Cost': 1833.0, 'Total Cost': 1833.0, 'Plan Rows': 100000, 'Plan Width': 17, 'Disabled': False, 'Plans': [{'Node Type': 'Seq Scan', 'Parent Relationship': 'Outer', 'Parallel Aware': False, 'Async Capable': False, 'Relation Name': 'patients', 'Alias': 'p', 'Startup Cost': 0.0, 'Total Cost': 1833.0, 'Plan Rows': 100000, 'Plan Width': 17, 'Disabled': False}]}]}}",565.7795998267829
Q946,2,"SELECT *
            FROM patients
            WHERE city = 'Mumbai';","{'Plan': {'Node Type': 'Seq Scan', 'Parallel Aware': False, 'Async Capable': False, 'Relation Name': 'patients', 'Alias': 'patients', 'Startup Cost': 0.0, 'Total Cost': 2083.0, 'Plan Rows': 25007, 'Plan Width': 32, 'Disabled': False, 'Filter': ""((city)::text = 'Mumbai'::text)""}}",21.07129991054535
Q947,3,"SELECT city, COUNT(*)
            FROM patients
            GROUP BY city;","{'Plan': {'Node Type': 'Aggregate', 'Strategy': 'Hashed', 'Partial Mode': 'Simple', 'Parallel Aware': False, 'Async Capable': False, 'Startup Cost': 2333.0, 'Total Cost': 2333.04, 'Plan Rows': 4, 'Plan Width': 14, 'Disabled': False, 'Group Key': ['city'], 'Planned Partitions': 0, 'Plans': [{'Node Type': 'Seq Scan', 'Parent Relationship': 'Outer', 'Parallel Aware': False, 'Async Capable': False, 'Relation Name': 'patients', 'Alias': 'patients', 'Startup Cost': 0.0, 'Total Cost': 1833.0, 'Plan Rows': 100000, 'Plan Width': 6, 'Disabled': False}]}}",13.704799814149737
Q948,1,"SELECT *
            FROM patients
            WHERE age > 52;","{'Plan': {'Node Type': 'Seq Scan', 'Parallel Aware': False, 'Async Capable': False, 'Relation Name': 'patients', 'Alias': 'patients', 'Startup Cost': 0.0, 'Total Cost': 2083.0, 'Plan Rows': 43903, 'Plan Width': 32, 'Disabled': False, 'Filter': '(age > 52)'}}",40.62530002556741
Q949,1,"SELECT *
            FROM patients
            WHERE age > 53;","{'Plan': {'Node Type': 'Seq Scan', 'Parallel Aware': False, 'Async Capable': False, 'Relation Name': 'patients', 'Alias': 'patients', 'Startup Cost': 0.0, 'Total Cost': 2083.0, 'Plan Rows': 42313, 'Plan Width': 32, 'Disabled': False, 'Filter': '(age > 53)'}}",37.58529992774129
Q950,4,"SELECT p.name, a.appointment_date
            FROM patients p
            JOIN appointments a
            ON p.patient_id = a.patient_id;","{'Plan': {'Node Type': 'Hash Join', 'Parallel Aware': False, 'Async Capable': False, 'Join Type': 'Inner', 'Startup Cost': 3083.0, 'Total Cost': 13072.56, 'Plan Rows': 500000, 'Plan Width': 17, 'Disabled': False, 'Inner Unique': True, 'Hash Cond': '(a.patient_id = p.patient_id)', 'Plans': [{'Node Type': 'Seq Scan', 'Parent Relationship': 'Outer', 'Parallel Aware': False, 'Async Capable': False, 'Relation Name': 'appointments', 'Alias': 'a', 'Startup Cost': 0.0, 'Total Cost': 8677.0, 'Plan Rows': 500000, 'Plan Width': 8, 'Disabled': False}, {'Node Type': 'Hash', 'Parent Relationship': 'Inner', 'Parallel Aware': False, 'Async Capable': False, 'Startup Cost': 1833.0, 'Total Cost': 1833.0, 'Plan Rows': 100000, 'Plan Width': 17, 'Disabled': False, 'Plans': [{'Node Type': 'Seq Scan', 'Parent Relationship': 'Outer', 'Parallel Aware': False, 'Async Capable': False, 'Relation Name': 'patients', 'Alias': 'p', 'Startup Cost': 0.0, 'Total Cost': 1833.0, 'Plan Rows': 100000, 'Plan Width': 17, 'Disabled': False}]}]}}",463.5192998684943
Q951,3,"SELECT city, COUNT(*)
            FROM patients
            GROUP BY city;","{'Plan': {'Node Type': 'Aggregate', 'Strategy': 'Hashed', 'Partial Mode': 'Simple', 'Parallel Aware': False, 'Async Capable': False, 'Startup Cost': 2333.0, 'Total Cost': 2333.04, 'Plan Rows': 4, 'Plan Width': 14, 'Disabled': False, 'Group Key': ['city'], 'Planned Partitions': 0, 'Plans': [{'Node Type': 'Seq Scan', 'Parent Relationship': 'Outer', 'Parallel Aware': False, 'Async Capable': False, 'Relation Name': 'patients', 'Alias': 'patients', 'Startup Cost': 0.0, 'Total Cost': 1833.0, 'Plan Rows': 100000, 'Plan Width': 6, 'Disabled': False}]}}",13.409100007265806
Q952,4,"SELECT p.name, a.appointment_date
            FROM patients p
            JOIN appointments a
            ON p.patient_id = a.patient_id;","{'Plan': {'Node Type': 'Hash Join', 'Parallel Aware': False, 'Async Capable': False, 'Join Type': 'Inner', 'Startup Cost': 3083.0, 'Total Cost': 13072.56, 'Plan Rows': 500000, 'Plan Width': 17, 'Disabled': False, 'Inner Unique': True, 'Hash Cond': '(a.patient_id = p.patient_id)', 'Plans': [{'Node Type': 'Seq Scan', 'Parent Relationship': 'Outer', 'Parallel Aware': False, 'Async Capable': False, 'Relation Name': 'appointments', 'Alias': 'a', 'Startup Cost': 0.0, 'Total Cost': 8677.0, 'Plan Rows': 500000, 'Plan Width': 8, 'Disabled': False}, {'Node Type': 'Hash', 'Parent Relationship': 'Inner', 'Parallel Aware': False, 'Async Capable': False, 'Startup Cost': 1833.0, 'Total Cost': 1833.0, 'Plan Rows': 100000, 'Plan Width': 17, 'Disabled': False, 'Plans': [{'Node Type': 'Seq Scan', 'Parent Relationship': 'Outer', 'Parallel Aware': False, 'Async Capable': False, 'Relation Name': 'patients', 'Alias': 'p', 'Startup Cost': 0.0, 'Total Cost': 1833.0, 'Plan Rows': 100000, 'Plan Width': 17, 'Disabled': False}]}]}}",411.36029991321266
Q953,3,"SELECT city, COUNT(*)
            FROM patients
            GROUP BY city;","{'Plan': {'Node Type': 'Aggregate', 'Strategy': 'Hashed', 'Partial Mode': 'Simple', 'Parallel Aware': False, 'Async Capable': False, 'Startup Cost': 2333.0, 'Total Cost': 2333.04, 'Plan Rows': 4, 'Plan Width': 14, 'Disabled': False, 'Group Key': ['city'], 'Planned Partitions': 0, 'Plans': [{'Node Type': 'Seq Scan', 'Parent Relationship': 'Outer', 'Parallel Aware': False, 'Async Capable': False, 'Relation Name': 'patients', 'Alias': 'patients', 'Startup Cost': 0.0, 'Total Cost': 1833.0, 'Plan Rows': 100000, 'Plan Width': 6, 'Disabled': False}]}}",13.55649996548891
Q954,3,"SELECT city, COUNT(*)
            FROM patients
            GROUP BY city;","{'Plan': {'Node Type': 'Aggregate', 'Strategy': 'Hashed', 'Partial Mode': 'Simple', 'Parallel Aware': False, 'Async Capable': False, 'Startup Cost': 2333.0, 'Total Cost': 2333.04, 'Plan Rows': 4, 'Plan Width': 14, 'Disabled': False, 'Group Key': ['city'], 'Planned Partitions': 0, 'Plans': [{'Node Type': 'Seq Scan', 'Parent Relationship': 'Outer', 'Parallel Aware': False, 'Async Capable': False, 'Relation Name': 'patients', 'Alias': 'patients', 'Startup Cost': 0.0, 'Total Cost': 1833.0, 'Plan Rows': 100000, 'Plan Width': 6, 'Disabled': False}]}}",13.103999895974994
Q955,4,"SELECT p.name, a.appointment_date
            FROM patients p
            JOIN appointments a
            ON p.patient_id = a.patient_id;","{'Plan': {'Node Type': 'Hash Join', 'Parallel Aware': False, 'Async Capable': False, 'Join Type': 'Inner', 'Startup Cost': 3083.0, 'Total Cost': 13072.56, 'Plan Rows': 500000, 'Plan Width': 17, 'Disabled': False, 'Inner Unique': True, 'Hash Cond': '(a.patient_id = p.patient_id)', 'Plans': [{'Node Type': 'Seq Scan', 'Parent Relationship': 'Outer', 'Parallel Aware': False, 'Async Capable': False, 'Relation Name': 'appointments', 'Alias': 'a', 'Startup Cost': 0.0, 'Total Cost': 8677.0, 'Plan Rows': 500000, 'Plan Width': 8, 'Disabled': False}, {'Node Type': 'Hash', 'Parent Relationship': 'Inner', 'Parallel Aware': False, 'Async Capable': False, 'Startup Cost': 1833.0, 'Total Cost': 1833.0, 'Plan Rows': 100000, 'Plan Width': 17, 'Disabled': False, 'Plans': [{'Node Type': 'Seq Scan', 'Parent Relationship': 'Outer', 'Parallel Aware': False, 'Async Capable': False, 'Relation Name': 'patients', 'Alias': 'p', 'Startup Cost': 0.0, 'Total Cost': 1833.0, 'Plan Rows': 100000, 'Plan Width': 17, 'Disabled': False}]}]}}",404.04450008645654
Q956,4,"SELECT p.name, a.appointment_date
            FROM patients p
            JOIN appointments a
            ON p.patient_id = a.patient_id;","{'Plan': {'Node Type': 'Hash Join', 'Parallel Aware': False, 'Async Capable': False, 'Join Type': 'Inner', 'Startup Cost': 3083.0, 'Total Cost': 13072.56, 'Plan Rows': 500000, 'Plan Width': 17, 'Disabled': False, 'Inner Unique': True, 'Hash Cond': '(a.patient_id = p.patient_id)', 'Plans': [{'Node Type': 'Seq Scan', 'Parent Relationship': 'Outer', 'Parallel Aware': False, 'Async Capable': False, 'Relation Name': 'appointments', 'Alias': 'a', 'Startup Cost': 0.0, 'Total Cost': 8677.0, 'Plan Rows': 500000, 'Plan Width': 8, 'Disabled': False}, {'Node Type': 'Hash', 'Parent Relationship': 'Inner', 'Parallel Aware': False, 'Async Capable': False, 'Startup Cost': 1833.0, 'Total Cost': 1833.0, 'Plan Rows': 100000, 'Plan Width': 17, 'Disabled': False, 'Plans': [{'Node Type': 'Seq Scan', 'Parent Relationship': 'Outer', 'Parallel Aware': False, 'Async Capable': False, 'Relation Name': 'patients', 'Alias': 'p', 'Startup Cost': 0.0, 'Total Cost': 1833.0, 'Plan Rows': 100000, 'Plan Width': 17, 'Disabled': False}]}]}}",527.6687000878155
Q957,3,"SELECT city, COUNT(*)
            FROM patients
            GROUP BY city;","{'Plan': {'Node Type': 'Aggregate', 'Strategy': 'Hashed', 'Partial Mode': 'Simple', 'Parallel Aware': False, 'Async Capable': False, 'Startup Cost': 2333.0, 'Total Cost': 2333.04, 'Plan Rows': 4, 'Plan Width': 14, 'Disabled': False, 'Group Key': ['city'], 'Planned Partitions': 0, 'Plans': [{'Node Type': 'Seq Scan', 'Parent Relationship': 'Outer', 'Parallel Aware': False, 'Async Capable': False, 'Relation Name': 'patients', 'Alias': 'patients', 'Startup Cost': 0.0, 'Total Cost': 1833.0, 'Plan Rows': 100000, 'Plan Width': 6, 'Disabled': False}]}}",14.651099918410182
Q958,3,"SELECT city, COUNT(*)
            FROM patients
            GROUP BY city;","{'Plan': {'Node Type': 'Aggregate', 'Strategy': 'Hashed', 'Partial Mode': 'Simple', 'Parallel Aware': False, 'Async Capable': False, 'Startup Cost': 2333.0, 'Total Cost': 2333.04, 'Plan Rows': 4, 'Plan Width': 14, 'Disabled': False, 'Group Key': ['city'], 'Planned Partitions': 0, 'Plans': [{'Node Type': 'Seq Scan', 'Parent Relationship': 'Outer', 'Parallel Aware': False, 'Async Capable': False, 'Relation Name': 'patients', 'Alias': 'patients', 'Startup Cost': 0.0, 'Total Cost': 1833.0, 'Plan Rows': 100000, 'Plan Width': 6, 'Disabled': False}]}}",14.411899959668517
Q959,2,"SELECT *
            FROM patients
            WHERE city = 'Lucknow';","{'Plan': {'Node Type': 'Seq Scan', 'Parallel Aware': False, 'Async Capable': False, 'Relation Name': 'patients', 'Alias': 'patients', 'Startup Cost': 0.0, 'Total Cost': 2083.0, 'Plan Rows': 24850, 'Plan Width': 32, 'Disabled': False, 'Filter': ""((city)::text = 'Lucknow'::text)""}}",26.561700040474534
Q960,3,"SELECT city, COUNT(*)
            FROM patients
            GROUP BY city;","{'Plan': {'Node Type': 'Aggregate', 'Strategy': 'Hashed', 'Partial Mode': 'Simple', 'Parallel Aware': False, 'Async Capable': False, 'Startup Cost': 2333.0, 'Total Cost': 2333.04, 'Plan Rows': 4, 'Plan Width': 14, 'Disabled': False, 'Group Key': ['city'], 'Planned Partitions': 0, 'Plans': [{'Node Type': 'Seq Scan', 'Parent Relationship': 'Outer', 'Parallel Aware': False, 'Async Capable': False, 'Relation Name': 'patients', 'Alias': 'patients', 'Startup Cost': 0.0, 'Total Cost': 1833.0, 'Plan Rows': 100000, 'Plan Width': 6, 'Disabled': False}]}}",22.28950010612607
Q961,2,"SELECT *
            FROM patients
            WHERE city = 'Lucknow';","{'Plan': {'Node Type': 'Seq Scan', 'Parallel Aware': False, 'Async Capable': False, 'Relation Name': 'patients', 'Alias': 'patients', 'Startup Cost': 0.0, 'Total Cost': 2083.0, 'Plan Rows': 24850, 'Plan Width': 32, 'Disabled': False, 'Filter': ""((city)::text = 'Lucknow'::text)""}}",36.053899908438325
Q962,5,"SELECT p.city, COUNT(a.appointment_id)
            FROM patients p
            JOIN appointments a
            ON p.patient_id = a.patient_id
            WHERE p.city = 'Kanpur'
            GROUP BY p.city;","{'Plan': {'Node Type': 'Aggregate', 'Strategy': 'Sorted', 'Partial Mode': 'Finalize', 'Parallel Aware': False, 'Async Capable': False, 'Startup Cost': 3397.96, 'Total Cost': 9836.65, 'Plan Rows': 1, 'Plan Width': 14, 'Disabled': False, 'Plans': [{'Node Type': 'Gather', 'Parent Relationship': 'Outer', 'Parallel Aware': False, 'Async Capable': False, 'Startup Cost': 3397.96, 'Total Cost': 9836.64, 'Plan Rows': 2, 'Plan Width': 14, 'Disabled': False, 'Workers Planned': 2, 'Single Copy': False, 'Plans': [{'Node Type': 'Aggregate', 'Strategy': 'Sorted', 'Partial Mode': 'Partial', 'Parent Relationship': 'Outer', 'Parallel Aware': False, 'Async Capable': False, 'Startup Cost': 2397.96, 'Total Cost': 8836.44, 'Plan Rows': 1, 'Plan Width': 14, 'Disabled': False, 'Plans': [{'Node Type': 'Hash Join', 'Parent Relationship': 'Outer', 'Parallel Aware': False, 'Async Capable': False, 'Join Type': 'Inner', 'Startup Cost': 2397.96, 'Total Cost': 8705.19, 'Plan Rows': 52494, 'Plan Width': 10, 'Disabled': False, 'Inner Unique': True, 'Hash Cond': '(a.patient_id = p.patient_id)', 'Plans': [{'Node Type': 'Seq Scan', 'Parent Relationship': 'Outer', 'Parallel Aware': True, 'Async Capable': False, 'Relation Name': 'appointments', 'Alias': 'a', 'Startup Cost': 0.0, 'Total Cost': 5760.33, 'Plan Rows': 208333, 'Plan Width': 8, 'Disabled': False}, {'Node Type': 'Hash', 'Parent Relationship': 'Inner', 'Parallel Aware': False, 'Async Capable': False, 'Startup Cost': 2083.0, 'Total Cost': 2083.0, 'Plan Rows': 25197, 'Plan Width': 10, 'Disabled': False, 'Plans': [{'Node Type': 'Seq Scan', 'Parent Relationship': 'Outer', 'Parallel Aware': False, 'Async Capable': False, 'Relation Name': 'patients', 'Alias': 'p', 'Startup Cost': 0.0, 'Total Cost': 2083.0, 'Plan Rows': 25197, 'Plan Width': 10, 'Disabled': False, 'Filter': ""((city)::text = 'Kanpur'::text)""}]}]}]}]}]}}",125.9798000101
Q963,4,"SELECT p.name, a.appointment_date
            FROM patients p
            JOIN appointments a
            ON p.patient_id = a.patient_id;","{'Plan': {'Node Type': 'Hash Join', 'Parallel Aware': False, 'Async Capable': False, 'Join Type': 'Inner', 'Startup Cost': 3083.0, 'Total Cost': 13072.56, 'Plan Rows': 500000, 'Plan Width': 17, 'Disabled': False, 'Inner Unique': True, 'Hash Cond': '(a.patient_id = p.patient_id)', 'Plans': [{'Node Type': 'Seq Scan', 'Parent Relationship': 'Outer', 'Parallel Aware': False, 'Async Capable': False, 'Relation Name': 'appointments', 'Alias': 'a', 'Startup Cost': 0.0, 'Total Cost': 8677.0, 'Plan Rows': 500000, 'Plan Width': 8, 'Disabled': False}, {'Node Type': 'Hash', 'Parent Relationship': 'Inner', 'Parallel Aware': False, 'Async Capable': False, 'Startup Cost': 1833.0, 'Total Cost': 1833.0, 'Plan Rows': 100000, 'Plan Width': 17, 'Disabled': False, 'Plans': [{'Node Type': 'Seq Scan', 'Parent Relationship': 'Outer', 'Parallel Aware': False, 'Async Capable': False, 'Relation Name': 'patients', 'Alias': 'p', 'Startup Cost': 0.0, 'Total Cost': 1833.0, 'Plan Rows': 100000, 'Plan Width': 17, 'Disabled': False}]}]}}",630.6668999604881
Q964,1,"SELECT *
            FROM patients
            WHERE age > 68;","{'Plan': {'Node Type': 'Seq Scan', 'Parallel Aware': False, 'Async Capable': False, 'Relation Name': 'patients', 'Alias': 'patients', 'Startup Cost': 0.0, 'Total Cost': 2083.0, 'Plan Rows': 19053, 'Plan Width': 32, 'Disabled': False, 'Filter': '(age > 68)'}}",24.202199885621667
Q965,3,"SELECT city, COUNT(*)
            FROM patients
            GROUP BY city;","{'Plan': {'Node Type': 'Aggregate', 'Strategy': 'Hashed', 'Partial Mode': 'Simple', 'Parallel Aware': False, 'Async Capable': False, 'Startup Cost': 2333.0, 'Total Cost': 2333.04, 'Plan Rows': 4, 'Plan Width': 14, 'Disabled': False, 'Group Key': ['city'], 'Planned Partitions': 0, 'Plans': [{'Node Type': 'Seq Scan', 'Parent Relationship': 'Outer', 'Parallel Aware': False, 'Async Capable': False, 'Relation Name': 'patients', 'Alias': 'patients', 'Startup Cost': 0.0, 'Total Cost': 1833.0, 'Plan Rows': 100000, 'Plan Width': 6, 'Disabled': False}]}}",12.811099877581
Q966,4,"SELECT p.name, a.appointment_date
            FROM patients p
            JOIN appointments a
            ON p.patient_id = a.patient_id;","{'Plan': {'Node Type': 'Hash Join', 'Parallel Aware': False, 'Async Capable': False, 'Join Type': 'Inner', 'Startup Cost': 3083.0, 'Total Cost': 13072.56, 'Plan Rows': 500000, 'Plan Width': 17, 'Disabled': False, 'Inner Unique': True, 'Hash Cond': '(a.patient_id = p.patient_id)', 'Plans': [{'Node Type': 'Seq Scan', 'Parent Relationship': 'Outer', 'Parallel Aware': False, 'Async Capable': False, 'Relation Name': 'appointments', 'Alias': 'a', 'Startup Cost': 0.0, 'Total Cost': 8677.0, 'Plan Rows': 500000, 'Plan Width': 8, 'Disabled': False}, {'Node Type': 'Hash', 'Parent Relationship': 'Inner', 'Parallel Aware': False, 'Async Capable': False, 'Startup Cost': 1833.0, 'Total Cost': 1833.0, 'Plan Rows': 100000, 'Plan Width': 17, 'Disabled': False, 'Plans': [{'Node Type': 'Seq Scan', 'Parent Relationship': 'Outer', 'Parallel Aware': False, 'Async Capable': False, 'Relation Name': 'patients', 'Alias': 'p', 'Startup Cost': 0.0, 'Total Cost': 1833.0, 'Plan Rows': 100000, 'Plan Width': 17, 'Disabled': False}]}]}}",572.0202000811696
Q967,3,"SELECT city, COUNT(*)
            FROM patients
            GROUP BY city;","{'Plan': {'Node Type': 'Aggregate', 'Strategy': 'Hashed', 'Partial Mode': 'Simple', 'Parallel Aware': False, 'Async Capable': False, 'Startup Cost': 2333.0, 'Total Cost': 2333.04, 'Plan Rows': 4, 'Plan Width': 14, 'Disabled': False, 'Group Key': ['city'], 'Planned Partitions': 0, 'Plans': [{'Node Type': 'Seq Scan', 'Parent Relationship': 'Outer', 'Parallel Aware': False, 'Async Capable': False, 'Relation Name': 'patients', 'Alias': 'patients', 'Startup Cost': 0.0, 'Total Cost': 1833.0, 'Plan Rows': 100000, 'Plan Width': 6, 'Disabled': False}]}}",12.945400085300207
Q968,4,"SELECT p.name, a.appointment_date
            FROM patients p
            JOIN appointments a
            ON p.patient_id = a.patient_id;","{'Plan': {'Node Type': 'Hash Join', 'Parallel Aware': False, 'Async Capable': False, 'Join Type': 'Inner', 'Startup Cost': 3083.0, 'Total Cost': 13072.56, 'Plan Rows': 500000, 'Plan Width': 17, 'Disabled': False, 'Inner Unique': True, 'Hash Cond': '(a.patient_id = p.patient_id)', 'Plans': [{'Node Type': 'Seq Scan', 'Parent Relationship': 'Outer', 'Parallel Aware': False, 'Async Capable': False, 'Relation Name': 'appointments', 'Alias': 'a', 'Startup Cost': 0.0, 'Total Cost': 8677.0, 'Plan Rows': 500000, 'Plan Width': 8, 'Disabled': False}, {'Node Type': 'Hash', 'Parent Relationship': 'Inner', 'Parallel Aware': False, 'Async Capable': False, 'Startup Cost': 1833.0, 'Total Cost': 1833.0, 'Plan Rows': 100000, 'Plan Width': 17, 'Disabled': False, 'Plans': [{'Node Type': 'Seq Scan', 'Parent Relationship': 'Outer', 'Parallel Aware': False, 'Async Capable': False, 'Relation Name': 'patients', 'Alias': 'p', 'Startup Cost': 0.0, 'Total Cost': 1833.0, 'Plan Rows': 100000, 'Plan Width': 17, 'Disabled': False}]}]}}",575.8285000920296
Q969,1,"SELECT *
            FROM patients
            WHERE age > 32;","{'Plan': {'Node Type': 'Seq Scan', 'Parallel Aware': False, 'Async Capable': False, 'Relation Name': 'patients', 'Alias': 'patients', 'Startup Cost': 0.0, 'Total Cost': 2083.0, 'Plan Rows': 76157, 'Plan Width': 32, 'Disabled': False, 'Filter': '(age > 32)'}}",53.290999960154295
Q970,1,"SELECT *
            FROM patients
            WHERE age > 53;","{'Plan': {'Node Type': 'Seq Scan', 'Parallel Aware': False, 'Async Capable': False, 'Relation Name': 'patients', 'Alias': 'patients', 'Startup Cost': 0.0, 'Total Cost': 2083.0, 'Plan Rows': 42313, 'Plan Width': 32, 'Disabled': False, 'Filter': '(age > 53)'}}",42.45840013027191
Q971,1,"SELECT *
            FROM patients
            WHERE age > 38;","{'Plan': {'Node Type': 'Seq Scan', 'Parallel Aware': False, 'Async Capable': False, 'Relation Name': 'patients', 'Alias': 'patients', 'Startup Cost': 0.0, 'Total Cost': 2083.0, 'Plan Rows': 66793, 'Plan Width': 32, 'Disabled': False, 'Filter': '(age > 38)'}}",59.54749998636544
Q972,5,"SELECT p.city, COUNT(a.appointment_id)
            FROM patients p
            JOIN appointments a
            ON p.patient_id = a.patient_id
            WHERE p.city = 'Lucknow'
            GROUP BY p.city;","{'Plan': {'Node Type': 'Aggregate', 'Strategy': 'Sorted', 'Partial Mode': 'Finalize', 'Parallel Aware': False, 'Async Capable': False, 'Startup Cost': 3393.62, 'Total Cost': 9830.51, 'Plan Rows': 1, 'Plan Width': 14, 'Disabled': False, 'Plans': [{'Node Type': 'Gather', 'Parent Relationship': 'Outer', 'Parallel Aware': False, 'Async Capable': False, 'Startup Cost': 3393.62, 'Total Cost': 9830.49, 'Plan Rows': 2, 'Plan Width': 14, 'Disabled': False, 'Workers Planned': 2, 'Single Copy': False, 'Plans': [{'Node Type': 'Aggregate', 'Strategy': 'Sorted', 'Partial Mode': 'Partial', 'Parent Relationship': 'Outer', 'Parallel Aware': False, 'Async Capable': False, 'Startup Cost': 2393.62, 'Total Cost': 8830.29, 'Plan Rows': 1, 'Plan Width': 14, 'Disabled': False, 'Plans': [{'Node Type': 'Hash Join', 'Parent Relationship': 'Outer', 'Parallel Aware': False, 'Async Capable': False, 'Join Type': 'Inner', 'Startup Cost': 2393.62, 'Total Cost': 8700.85, 'Plan Rows': 51771, 'Plan Width': 10, 'Disabled': False, 'Inner Unique': True, 'Hash Cond': '(a.patient_id = p.patient_id)', 'Plans': [{'Node Type': 'Seq Scan', 'Parent Relationship': 'Outer', 'Parallel Aware': True, 'Async Capable': False, 'Relation Name': 'appointments', 'Alias': 'a', 'Startup Cost': 0.0, 'Total Cost': 5760.33, 'Plan Rows': 208333, 'Plan Width': 8, 'Disabled': False}, {'Node Type': 'Hash', 'Parent Relationship': 'Inner', 'Parallel Aware': False, 'Async Capable': False, 'Startup Cost': 2083.0, 'Total Cost': 2083.0, 'Plan Rows': 24850, 'Plan Width': 10, 'Disabled': False, 'Plans': [{'Node Type': 'Seq Scan', 'Parent Relationship': 'Outer', 'Parallel Aware': False, 'Async Capable': False, 'Relation Name': 'patients', 'Alias': 'p', 'Startup Cost': 0.0, 'Total Cost': 2083.0, 'Plan Rows': 24850, 'Plan Width': 10, 'Disabled': False, 'Filter': ""((city)::text = 'Lucknow'::text)""}]}]}]}]}]}}",86.09080011956394
Q973,3,"SELECT city, COUNT(*)
            FROM patients
            GROUP BY city;","{'Plan': {'Node Type': 'Aggregate', 'Strategy': 'Hashed', 'Partial Mode': 'Simple', 'Parallel Aware': False, 'Async Capable': False, 'Startup Cost': 2333.0, 'Total Cost': 2333.04, 'Plan Rows': 4, 'Plan Width': 14, 'Disabled': False, 'Group Key': ['city'], 'Planned Partitions': 0, 'Plans': [{'Node Type': 'Seq Scan', 'Parent Relationship': 'Outer', 'Parallel Aware': False, 'Async Capable': False, 'Relation Name': 'patients', 'Alias': 'patients', 'Startup Cost': 0.0, 'Total Cost': 1833.0, 'Plan Rows': 100000, 'Plan Width': 6, 'Disabled': False}]}}",20.513799972832203
Q974,1,"SELECT *
            FROM patients
            WHERE age > 49;","{'Plan': {'Node Type': 'Seq Scan', 'Parallel Aware': False, 'Async Capable': False, 'Relation Name': 'patients', 'Alias': 'patients', 'Startup Cost': 0.0, 'Total Cost': 2083.0, 'Plan Rows': 48740, 'Plan Width': 32, 'Disabled': False, 'Filter': '(age > 49)'}}",63.640400068834424
Q975,3,"SELECT city, COUNT(*)
            FROM patients
            GROUP BY city;","{'Plan': {'Node Type': 'Aggregate', 'Strategy': 'Hashed', 'Partial Mode': 'Simple', 'Parallel Aware': False, 'Async Capable': False, 'Startup Cost': 2333.0, 'Total Cost': 2333.04, 'Plan Rows': 4, 'Plan Width': 14, 'Disabled': False, 'Group Key': ['city'], 'Planned Partitions': 0, 'Plans': [{'Node Type': 'Seq Scan', 'Parent Relationship': 'Outer', 'Parallel Aware': False, 'Async Capable': False, 'Relation Name': 'patients', 'Alias': 'patients', 'Startup Cost': 0.0, 'Total Cost': 1833.0, 'Plan Rows': 100000, 'Plan Width': 6, 'Disabled': False}]}}",13.240000000223517
Q976,5,"SELECT p.city, COUNT(a.appointment_id)
            FROM patients p
            JOIN appointments a
            ON p.patient_id = a.patient_id
            WHERE p.city = 'Mumbai'
            GROUP BY p.city;","{'Plan': {'Node Type': 'Aggregate', 'Strategy': 'Sorted', 'Partial Mode': 'Finalize', 'Parallel Aware': False, 'Async Capable': False, 'Startup Cost': 3395.59, 'Total Cost': 9833.29, 'Plan Rows': 1, 'Plan Width': 14, 'Disabled': False, 'Plans': [{'Node Type': 'Gather', 'Parent Relationship': 'Outer', 'Parallel Aware': False, 'Async Capable': False, 'Startup Cost': 3395.59, 'Total Cost': 9833.27, 'Plan Rows': 2, 'Plan Width': 14, 'Disabled': False, 'Workers Planned': 2, 'Single Copy': False, 'Plans': [{'Node Type': 'Aggregate', 'Strategy': 'Sorted', 'Partial Mode': 'Partial', 'Parent Relationship': 'Outer', 'Parallel Aware': False, 'Async Capable': False, 'Startup Cost': 2395.59, 'Total Cost': 8833.07, 'Plan Rows': 1, 'Plan Width': 14, 'Disabled': False, 'Plans': [{'Node Type': 'Hash Join', 'Parent Relationship': 'Outer', 'Parallel Aware': False, 'Async Capable': False, 'Join Type': 'Inner', 'Startup Cost': 2395.59, 'Total Cost': 8702.82, 'Plan Rows': 52098, 'Plan Width': 10, 'Disabled': False, 'Inner Unique': True, 'Hash Cond': '(a.patient_id = p.patient_id)', 'Plans': [{'Node Type': 'Seq Scan', 'Parent Relationship': 'Outer', 'Parallel Aware': True, 'Async Capable': False, 'Relation Name': 'appointments', 'Alias': 'a', 'Startup Cost': 0.0, 'Total Cost': 5760.33, 'Plan Rows': 208333, 'Plan Width': 8, 'Disabled': False}, {'Node Type': 'Hash', 'Parent Relationship': 'Inner', 'Parallel Aware': False, 'Async Capable': False, 'Startup Cost': 2083.0, 'Total Cost': 2083.0, 'Plan Rows': 25007, 'Plan Width': 10, 'Disabled': False, 'Plans': [{'Node Type': 'Seq Scan', 'Parent Relationship': 'Outer', 'Parallel Aware': False, 'Async Capable': False, 'Relation Name': 'patients', 'Alias': 'p', 'Startup Cost': 0.0, 'Total Cost': 2083.0, 'Plan Rows': 25007, 'Plan Width': 10, 'Disabled': False, 'Filter': ""((city)::text = 'Mumbai'::text)""}]}]}]}]}]}}",80.755400005728
Q977,2,"SELECT *
            FROM patients
            WHERE city = 'Kanpur';","{'Plan': {'Node Type': 'Seq Scan', 'Parallel Aware': False, 'Async Capable': False, 'Relation Name': 'patients', 'Alias': 'patients', 'Startup Cost': 0.0, 'Total Cost': 2083.0, 'Plan Rows': 25197, 'Plan Width': 32, 'Disabled': False, 'Filter': ""((city)::text = 'Kanpur'::text)""}}",42.610300006344914
Q978,2,"SELECT *
            FROM patients
            WHERE city = 'Mumbai';","{'Plan': {'Node Type': 'Seq Scan', 'Parallel Aware': False, 'Async Capable': False, 'Relation Name': 'patients', 'Alias': 'patients', 'Startup Cost': 0.0, 'Total Cost': 2083.0, 'Plan Rows': 25007, 'Plan Width': 32, 'Disabled': False, 'Filter': ""((city)::text = 'Mumbai'::text)""}}",34.20719993300736
Q979,1,"SELECT *
            FROM patients
            WHERE age > 26;","{'Plan': {'Node Type': 'Seq Scan', 'Parallel Aware': False, 'Async Capable': False, 'Relation Name': 'patients', 'Alias': 'patients', 'Startup Cost': 0.0, 'Total Cost': 2083.0, 'Plan Rows': 85630, 'Plan Width': 32, 'Disabled': False, 'Filter': '(age > 26)'}}",95.24920000694692
Q980,1,"SELECT *
            FROM patients
            WHERE age > 59;","{'Plan': {'Node Type': 'Seq Scan', 'Parallel Aware': False, 'Async Capable': False, 'Relation Name': 'patients', 'Alias': 'patients', 'Startup Cost': 0.0, 'Total Cost': 2083.0, 'Plan Rows': 33017, 'Plan Width': 32, 'Disabled': False, 'Filter': '(age > 59)'}}",33.36180001497269
Q981,3,"SELECT city, COUNT(*)
            FROM patients
            GROUP BY city;","{'Plan': {'Node Type': 'Aggregate', 'Strategy': 'Hashed', 'Partial Mode': 'Simple', 'Parallel Aware': False, 'Async Capable': False, 'Startup Cost': 2333.0, 'Total Cost': 2333.04, 'Plan Rows': 4, 'Plan Width': 14, 'Disabled': False, 'Group Key': ['city'], 'Planned Partitions': 0, 'Plans': [{'Node Type': 'Seq Scan', 'Parent Relationship': 'Outer', 'Parallel Aware': False, 'Async Capable': False, 'Relation Name': 'patients', 'Alias': 'patients', 'Startup Cost': 0.0, 'Total Cost': 1833.0, 'Plan Rows': 100000, 'Plan Width': 6, 'Disabled': False}]}}",12.902799993753433
Q982,5,"SELECT p.city, COUNT(a.appointment_id)
            FROM patients p
            JOIN appointments a
            ON p.patient_id = a.patient_id
            WHERE p.city = 'Mumbai'
            GROUP BY p.city;","{'Plan': {'Node Type': 'Aggregate', 'Strategy': 'Sorted', 'Partial Mode': 'Finalize', 'Parallel Aware': False, 'Async Capable': False, 'Startup Cost': 3395.59, 'Total Cost': 9833.29, 'Plan Rows': 1, 'Plan Width': 14, 'Disabled': False, 'Plans': [{'Node Type': 'Gather', 'Parent Relationship': 'Outer', 'Parallel Aware': False, 'Async Capable': False, 'Startup Cost': 3395.59, 'Total Cost': 9833.27, 'Plan Rows': 2, 'Plan Width': 14, 'Disabled': False, 'Workers Planned': 2, 'Single Copy': False, 'Plans': [{'Node Type': 'Aggregate', 'Strategy': 'Sorted', 'Partial Mode': 'Partial', 'Parent Relationship': 'Outer', 'Parallel Aware': False, 'Async Capable': False, 'Startup Cost': 2395.59, 'Total Cost': 8833.07, 'Plan Rows': 1, 'Plan Width': 14, 'Disabled': False, 'Plans': [{'Node Type': 'Hash Join', 'Parent Relationship': 'Outer', 'Parallel Aware': False, 'Async Capable': False, 'Join Type': 'Inner', 'Startup Cost': 2395.59, 'Total Cost': 8702.82, 'Plan Rows': 52098, 'Plan Width': 10, 'Disabled': False, 'Inner Unique': True, 'Hash Cond': '(a.patient_id = p.patient_id)', 'Plans': [{'Node Type': 'Seq Scan', 'Parent Relationship': 'Outer', 'Parallel Aware': True, 'Async Capable': False, 'Relation Name': 'appointments', 'Alias': 'a', 'Startup Cost': 0.0, 'Total Cost': 5760.33, 'Plan Rows': 208333, 'Plan Width': 8, 'Disabled': False}, {'Node Type': 'Hash', 'Parent Relationship': 'Inner', 'Parallel Aware': False, 'Async Capable': False, 'Startup Cost': 2083.0, 'Total Cost': 2083.0, 'Plan Rows': 25007, 'Plan Width': 10, 'Disabled': False, 'Plans': [{'Node Type': 'Seq Scan', 'Parent Relationship': 'Outer', 'Parallel Aware': False, 'Async Capable': False, 'Relation Name': 'patients', 'Alias': 'p', 'Startup Cost': 0.0, 'Total Cost': 2083.0, 'Plan Rows': 25007, 'Plan Width': 10, 'Disabled': False, 'Filter': ""((city)::text = 'Mumbai'::text)""}]}]}]}]}]}}",91.7255999520421
Q983,2,"SELECT *
            FROM patients
            WHERE city = 'Kanpur';","{'Plan': {'Node Type': 'Seq Scan', 'Parallel Aware': False, 'Async Capable': False, 'Relation Name': 'patients', 'Alias': 'patients', 'Startup Cost': 0.0, 'Total Cost': 2083.0, 'Plan Rows': 25197, 'Plan Width': 32, 'Disabled': False, 'Filter': ""((city)::text = 'Kanpur'::text)""}}",34.50439986772835
Q984,3,"SELECT city, COUNT(*)
            FROM patients
            GROUP BY city;","{'Plan': {'Node Type': 'Aggregate', 'Strategy': 'Hashed', 'Partial Mode': 'Simple', 'Parallel Aware': False, 'Async Capable': False, 'Startup Cost': 2333.0, 'Total Cost': 2333.04, 'Plan Rows': 4, 'Plan Width': 14, 'Disabled': False, 'Group Key': ['city'], 'Planned Partitions': 0, 'Plans': [{'Node Type': 'Seq Scan', 'Parent Relationship': 'Outer', 'Parallel Aware': False, 'Async Capable': False, 'Relation Name': 'patients', 'Alias': 'patients', 'Startup Cost': 0.0, 'Total Cost': 1833.0, 'Plan Rows': 100000, 'Plan Width': 6, 'Disabled': False}]}}",20.9540999494493
Q985,1,"SELECT *
            FROM patients
            WHERE age > 22;","{'Plan': {'Node Type': 'Seq Scan', 'Parallel Aware': False, 'Async Capable': False, 'Relation Name': 'patients', 'Alias': 'patients', 'Startup Cost': 0.0, 'Total Cost': 2083.0, 'Plan Rows': 92113, 'Plan Width': 32, 'Disabled': False, 'Filter': '(age > 22)'}}",96.63160005584359
Q986,5,"SELECT p.city, COUNT(a.appointment_id)
            FROM patients p
            JOIN appointments a
            ON p.patient_id = a.patient_id
            WHERE p.city = 'Lucknow'
            GROUP BY p.city;","{'Plan': {'Node Type': 'Aggregate', 'Strategy': 'Sorted', 'Partial Mode': 'Finalize', 'Parallel Aware': False, 'Async Capable': False, 'Startup Cost': 3393.62, 'Total Cost': 9830.51, 'Plan Rows': 1, 'Plan Width': 14, 'Disabled': False, 'Plans': [{'Node Type': 'Gather', 'Parent Relationship': 'Outer', 'Parallel Aware': False, 'Async Capable': False, 'Startup Cost': 3393.62, 'Total Cost': 9830.49, 'Plan Rows': 2, 'Plan Width': 14, 'Disabled': False, 'Workers Planned': 2, 'Single Copy': False, 'Plans': [{'Node Type': 'Aggregate', 'Strategy': 'Sorted', 'Partial Mode': 'Partial', 'Parent Relationship': 'Outer', 'Parallel Aware': False, 'Async Capable': False, 'Startup Cost': 2393.62, 'Total Cost': 8830.29, 'Plan Rows': 1, 'Plan Width': 14, 'Disabled': False, 'Plans': [{'Node Type': 'Hash Join', 'Parent Relationship': 'Outer', 'Parallel Aware': False, 'Async Capable': False, 'Join Type': 'Inner', 'Startup Cost': 2393.62, 'Total Cost': 8700.85, 'Plan Rows': 51771, 'Plan Width': 10, 'Disabled': False, 'Inner Unique': True, 'Hash Cond': '(a.patient_id = p.patient_id)', 'Plans': [{'Node Type': 'Seq Scan', 'Parent Relationship': 'Outer', 'Parallel Aware': True, 'Async Capable': False, 'Relation Name': 'appointments', 'Alias': 'a', 'Startup Cost': 0.0, 'Total Cost': 5760.33, 'Plan Rows': 208333, 'Plan Width': 8, 'Disabled': False}, {'Node Type': 'Hash', 'Parent Relationship': 'Inner', 'Parallel Aware': False, 'Async Capable': False, 'Startup Cost': 2083.0, 'Total Cost': 2083.0, 'Plan Rows': 24850, 'Plan Width': 10, 'Disabled': False, 'Plans': [{'Node Type': 'Seq Scan', 'Parent Relationship': 'Outer', 'Parallel Aware': False, 'Async Capable': False, 'Relation Name': 'patients', 'Alias': 'p', 'Startup Cost': 0.0, 'Total Cost': 2083.0, 'Plan Rows': 24850, 'Plan Width': 10, 'Disabled': False, 'Filter': ""((city)::text = 'Lucknow'::text)""}]}]}]}]}]}}",81.25920011661947
Q987,1,"SELECT *
            FROM patients
            WHERE age > 34;","{'Plan': {'Node Type': 'Seq Scan', 'Parallel Aware': False, 'Async Capable': False, 'Relation Name': 'patients', 'Alias': 'patients', 'Startup Cost': 0.0, 'Total Cost': 2083.0, 'Plan Rows': 72973, 'Plan Width': 32, 'Disabled': False, 'Filter': '(age > 34)'}}",88.99349998682737
Q988,2,"SELECT *
            FROM patients
            WHERE city = 'Delhi';","{'Plan': {'Node Type': 'Seq Scan', 'Parallel Aware': False, 'Async Capable': False, 'Relation Name': 'patients', 'Alias': 'patients', 'Startup Cost': 0.0, 'Total Cost': 2083.0, 'Plan Rows': 24947, 'Plan Width': 32, 'Disabled': False, 'Filter': ""((city)::text = 'Delhi'::text)""}}",20.398000022396445
Q989,4,"SELECT p.name, a.appointment_date
            FROM patients p
            JOIN appointments a
            ON p.patient_id = a.patient_id;","{'Plan': {'Node Type': 'Hash Join', 'Parallel Aware': False, 'Async Capable': False, 'Join Type': 'Inner', 'Startup Cost': 3083.0, 'Total Cost': 13072.56, 'Plan Rows': 500000, 'Plan Width': 17, 'Disabled': False, 'Inner Unique': True, 'Hash Cond': '(a.patient_id = p.patient_id)', 'Plans': [{'Node Type': 'Seq Scan', 'Parent Relationship': 'Outer', 'Parallel Aware': False, 'Async Capable': False, 'Relation Name': 'appointments', 'Alias': 'a', 'Startup Cost': 0.0, 'Total Cost': 8677.0, 'Plan Rows': 500000, 'Plan Width': 8, 'Disabled': False}, {'Node Type': 'Hash', 'Parent Relationship': 'Inner', 'Parallel Aware': False, 'Async Capable': False, 'Startup Cost': 1833.0, 'Total Cost': 1833.0, 'Plan Rows': 100000, 'Plan Width': 17, 'Disabled': False, 'Plans': [{'Node Type': 'Seq Scan', 'Parent Relationship': 'Outer', 'Parallel Aware': False, 'Async Capable': False, 'Relation Name': 'patients', 'Alias': 'p', 'Startup Cost': 0.0, 'Total Cost': 1833.0, 'Plan Rows': 100000, 'Plan Width': 17, 'Disabled': False}]}]}}",564.9576000869274
Q990,2,"SELECT *
            FROM patients
            WHERE city = 'Lucknow';","{'Plan': {'Node Type': 'Seq Scan', 'Parallel Aware': False, 'Async Capable': False, 'Relation Name': 'patients', 'Alias': 'patients', 'Startup Cost': 0.0, 'Total Cost': 2083.0, 'Plan Rows': 24850, 'Plan Width': 32, 'Disabled': False, 'Filter': ""((city)::text = 'Lucknow'::text)""}}",28.963299933820963
Q991,5,"SELECT p.city, COUNT(a.appointment_id)
            FROM patients p
            JOIN appointments a
            ON p.patient_id = a.patient_id
            WHERE p.city = 'Mumbai'
            GROUP BY p.city;","{'Plan': {'Node Type': 'Aggregate', 'Strategy': 'Sorted', 'Partial Mode': 'Finalize', 'Parallel Aware': False, 'Async Capable': False, 'Startup Cost': 3395.59, 'Total Cost': 9833.29, 'Plan Rows': 1, 'Plan Width': 14, 'Disabled': False, 'Plans': [{'Node Type': 'Gather', 'Parent Relationship': 'Outer', 'Parallel Aware': False, 'Async Capable': False, 'Startup Cost': 3395.59, 'Total Cost': 9833.27, 'Plan Rows': 2, 'Plan Width': 14, 'Disabled': False, 'Workers Planned': 2, 'Single Copy': False, 'Plans': [{'Node Type': 'Aggregate', 'Strategy': 'Sorted', 'Partial Mode': 'Partial', 'Parent Relationship': 'Outer', 'Parallel Aware': False, 'Async Capable': False, 'Startup Cost': 2395.59, 'Total Cost': 8833.07, 'Plan Rows': 1, 'Plan Width': 14, 'Disabled': False, 'Plans': [{'Node Type': 'Hash Join', 'Parent Relationship': 'Outer', 'Parallel Aware': False, 'Async Capable': False, 'Join Type': 'Inner', 'Startup Cost': 2395.59, 'Total Cost': 8702.82, 'Plan Rows': 52098, 'Plan Width': 10, 'Disabled': False, 'Inner Unique': True, 'Hash Cond': '(a.patient_id = p.patient_id)', 'Plans': [{'Node Type': 'Seq Scan', 'Parent Relationship': 'Outer', 'Parallel Aware': True, 'Async Capable': False, 'Relation Name': 'appointments', 'Alias': 'a', 'Startup Cost': 0.0, 'Total Cost': 5760.33, 'Plan Rows': 208333, 'Plan Width': 8, 'Disabled': False}, {'Node Type': 'Hash', 'Parent Relationship': 'Inner', 'Parallel Aware': False, 'Async Capable': False, 'Startup Cost': 2083.0, 'Total Cost': 2083.0, 'Plan Rows': 25007, 'Plan Width': 10, 'Disabled': False, 'Plans': [{'Node Type': 'Seq Scan', 'Parent Relationship': 'Outer', 'Parallel Aware': False, 'Async Capable': False, 'Relation Name': 'patients', 'Alias': 'p', 'Startup Cost': 0.0, 'Total Cost': 2083.0, 'Plan Rows': 25007, 'Plan Width': 10, 'Disabled': False, 'Filter': ""((city)::text = 'Mumbai'::text)""}]}]}]}]}]}}",84.88889993168414
Q992,4,"SELECT p.name, a.appointment_date
            FROM patients p
            JOIN appointments a
            ON p.patient_id = a.patient_id;","{'Plan': {'Node Type': 'Hash Join', 'Parallel Aware': False, 'Async Capable': False, 'Join Type': 'Inner', 'Startup Cost': 3083.0, 'Total Cost': 13072.56, 'Plan Rows': 500000, 'Plan Width': 17, 'Disabled': False, 'Inner Unique': True, 'Hash Cond': '(a.patient_id = p.patient_id)', 'Plans': [{'Node Type': 'Seq Scan', 'Parent Relationship': 'Outer', 'Parallel Aware': False, 'Async Capable': False, 'Relation Name': 'appointments', 'Alias': 'a', 'Startup Cost': 0.0, 'Total Cost': 8677.0, 'Plan Rows': 500000, 'Plan Width': 8, 'Disabled': False}, {'Node Type': 'Hash', 'Parent Relationship': 'Inner', 'Parallel Aware': False, 'Async Capable': False, 'Startup Cost': 1833.0, 'Total Cost': 1833.0, 'Plan Rows': 100000, 'Plan Width': 17, 'Disabled': False, 'Plans': [{'Node Type': 'Seq Scan', 'Parent Relationship': 'Outer', 'Parallel Aware': False, 'Async Capable': False, 'Relation Name': 'patients', 'Alias': 'p', 'Startup Cost': 0.0, 'Total Cost': 1833.0, 'Plan Rows': 100000, 'Plan Width': 17, 'Disabled': False}]}]}}",568.2924999855459
Q993,4,"SELECT p.name, a.appointment_date
            FROM patients p
            JOIN appointments a
            ON p.patient_id = a.patient_id;","{'Plan': {'Node Type': 'Hash Join', 'Parallel Aware': False, 'Async Capable': False, 'Join Type': 'Inner', 'Startup Cost': 3083.0, 'Total Cost': 13072.56, 'Plan Rows': 500000, 'Plan Width': 17, 'Disabled': False, 'Inner Unique': True, 'Hash Cond': '(a.patient_id = p.patient_id)', 'Plans': [{'Node Type': 'Seq Scan', 'Parent Relationship': 'Outer', 'Parallel Aware': False, 'Async Capable': False, 'Relation Name': 'appointments', 'Alias': 'a', 'Startup Cost': 0.0, 'Total Cost': 8677.0, 'Plan Rows': 500000, 'Plan Width': 8, 'Disabled': False}, {'Node Type': 'Hash', 'Parent Relationship': 'Inner', 'Parallel Aware': False, 'Async Capable': False, 'Startup Cost': 1833.0, 'Total Cost': 1833.0, 'Plan Rows': 100000, 'Plan Width': 17, 'Disabled': False, 'Plans': [{'Node Type': 'Seq Scan', 'Parent Relationship': 'Outer', 'Parallel Aware': False, 'Async Capable': False, 'Relation Name': 'patients', 'Alias': 'p', 'Startup Cost': 0.0, 'Total Cost': 1833.0, 'Plan Rows': 100000, 'Plan Width': 17, 'Disabled': False}]}]}}",595.6069000530988
Q994,2,"SELECT *
            FROM patients
            WHERE city = 'Mumbai';","{'Plan': {'Node Type': 'Seq Scan', 'Parallel Aware': False, 'Async Capable': False, 'Relation Name': 'patients', 'Alias': 'patients', 'Startup Cost': 0.0, 'Total Cost': 2083.0, 'Plan Rows': 25007, 'Plan Width': 32, 'Disabled': False, 'Filter': ""((city)::text = 'Mumbai'::text)""}}",27.00990019366145
Q995,2,"SELECT *
            FROM patients
            WHERE city = 'Mumbai';","{'Plan': {'Node Type': 'Seq Scan', 'Parallel Aware': False, 'Async Capable': False, 'Relation Name': 'patients', 'Alias': 'patients', 'Startup Cost': 0.0, 'Total Cost': 2083.0, 'Plan Rows': 25007, 'Plan Width': 32, 'Disabled': False, 'Filter': ""((city)::text = 'Mumbai'::text)""}}",34.77080003358424
Q996,2,"SELECT *
            FROM patients
            WHERE city = 'Lucknow';","{'Plan': {'Node Type': 'Seq Scan', 'Parallel Aware': False, 'Async Capable': False, 'Relation Name': 'patients', 'Alias': 'patients', 'Startup Cost': 0.0, 'Total Cost': 2083.0, 'Plan Rows': 24850, 'Plan Width': 32, 'Disabled': False, 'Filter': ""((city)::text = 'Lucknow'::text)""}}",31.71660006046295
Q997,2,"SELECT *
            FROM patients
            WHERE city = 'Kanpur';","{'Plan': {'Node Type': 'Seq Scan', 'Parallel Aware': False, 'Async Capable': False, 'Relation Name': 'patients', 'Alias': 'patients', 'Startup Cost': 0.0, 'Total Cost': 2083.0, 'Plan Rows': 25197, 'Plan Width': 32, 'Disabled': False, 'Filter': ""((city)::text = 'Kanpur'::text)""}}",41.813200106844306
Q998,5,"SELECT p.city, COUNT(a.appointment_id)
            FROM patients p
            JOIN appointments a
            ON p.patient_id = a.patient_id
            WHERE p.city = 'Kanpur'
            GROUP BY p.city;","{'Plan': {'Node Type': 'Aggregate', 'Strategy': 'Sorted', 'Partial Mode': 'Finalize', 'Parallel Aware': False, 'Async Capable': False, 'Startup Cost': 3397.96, 'Total Cost': 9836.65, 'Plan Rows': 1, 'Plan Width': 14, 'Disabled': False, 'Plans': [{'Node Type': 'Gather', 'Parent Relationship': 'Outer', 'Parallel Aware': False, 'Async Capable': False, 'Startup Cost': 3397.96, 'Total Cost': 9836.64, 'Plan Rows': 2, 'Plan Width': 14, 'Disabled': False, 'Workers Planned': 2, 'Single Copy': False, 'Plans': [{'Node Type': 'Aggregate', 'Strategy': 'Sorted', 'Partial Mode': 'Partial', 'Parent Relationship': 'Outer', 'Parallel Aware': False, 'Async Capable': False, 'Startup Cost': 2397.96, 'Total Cost': 8836.44, 'Plan Rows': 1, 'Plan Width': 14, 'Disabled': False, 'Plans': [{'Node Type': 'Hash Join', 'Parent Relationship': 'Outer', 'Parallel Aware': False, 'Async Capable': False, 'Join Type': 'Inner', 'Startup Cost': 2397.96, 'Total Cost': 8705.19, 'Plan Rows': 52494, 'Plan Width': 10, 'Disabled': False, 'Inner Unique': True, 'Hash Cond': '(a.patient_id = p.patient_id)', 'Plans': [{'Node Type': 'Seq Scan', 'Parent Relationship': 'Outer', 'Parallel Aware': True, 'Async Capable': False, 'Relation Name': 'appointments', 'Alias': 'a', 'Startup Cost': 0.0, 'Total Cost': 5760.33, 'Plan Rows': 208333, 'Plan Width': 8, 'Disabled': False}, {'Node Type': 'Hash', 'Parent Relationship': 'Inner', 'Parallel Aware': False, 'Async Capable': False, 'Startup Cost': 2083.0, 'Total Cost': 2083.0, 'Plan Rows': 25197, 'Plan Width': 10, 'Disabled': False, 'Plans': [{'Node Type': 'Seq Scan', 'Parent Relationship': 'Outer', 'Parallel Aware': False, 'Async Capable': False, 'Relation Name': 'patients', 'Alias': 'p', 'Startup Cost': 0.0, 'Total Cost': 2083.0, 'Plan Rows': 25197, 'Plan Width': 10, 'Disabled': False, 'Filter': ""((city)::text = 'Kanpur'::text)""}]}]}]}]}]}}",92.3524999525398
Q999,1,"SELECT *
            FROM patients
            WHERE age > 25;","{'Plan': {'Node Type': 'Seq Scan', 'Parallel Aware': False, 'Async Capable': False, 'Relation Name': 'patients', 'Alias': 'patients', 'Startup Cost': 0.0, 'Total Cost': 2083.0, 'Plan Rows': 87343, 'Plan Width': 32, 'Disabled': False, 'Filter': '(age > 25)'}}",95.35429999232292
Q1000,2,"SELECT *
            FROM patients
            WHERE city = 'Delhi';","{'Plan': {'Node Type': 'Seq Scan', 'Parallel Aware': False, 'Async Capable': False, 'Relation Name': 'patients', 'Alias': 'patients', 'Startup Cost': 0.0, 'Total Cost': 2083.0, 'Plan Rows': 24947, 'Plan Width': 32, 'Disabled': False, 'Filter': ""((city)::text = 'Delhi'::text)""}}",27.69580017775297
